cancion_id,dia,reproduccion_id
c092,2026-09-17,1
c159,2026-09-28,2
c113,2026-09-01,3
c229,2026-09-25,4
c241,2026-09-17,5
c271,2026-09-30,6
c017,2026-09-29,7
c021,2026-09-02,8
c267,2026-09-13,9
c051,2026-09-23,10
c258,2026-09-05,11
c088,2026-09-17,12
c210,2026-09-22,13
c219,2026-09-09,14
c156,2026-09-19,15
c265,2026-09-27,16
c051,2026-09-29,17
c152,2026-09-10,18
c046,2026-09-05,19
c268,2026-09-24,20
c089,2026-09-23,21
c035,2026-09-06,22
c066,2026-09-05,23
c003,2026-09-23,24
c296,2026-09-28,25
c125,2026-09-27,26
c230,2026-09-18,27
c250,2026-09-07,28
c077,2026-09-02,29
c043,2026-09-24,30
c122,2026-09-08,31
c285,2026-09-17,32
c282,2026-09-10,33
c232,2026-09-06,34
c028,2026-09-28,35
c049,2026-09-08,36
c034,2026-09-30,37
c036,2026-09-16,38
c177,2026-09-23,39
c186,2026-09-21,40
c048,2026-09-04,41
c034,2026-09-22,42
c230,2026-09-27,43
c022,2026-09-24,44
c231,2026-09-29,45
c111,2026-09-23,46
c204,2026-09-12,47
c267,2026-09-05,48
c151,2026-09-17,49
c218,2026-09-25,50
c012,2026-09-22,51
c250,2026-09-16,52
c296,2026-09-18,53
c144,2026-09-14,54
c154,2026-09-28,55
c177,2026-09-26,56
c012,2026-09-17,57
c263,2026-09-19,58
c203,2026-09-13,59
c173,2026-09-20,60
c259,2026-09-05,61
c092,2026-09-20,62
c188,2026-09-16,63
c250,2026-09-18,64
c155,2026-09-30,65
c047,2026-09-17,66
c088,2026-09-05,67
c122,2026-09-17,68
c284,2026-09-21,69
c110,2026-09-29,70
c278,2026-09-15,71
c024,2026-09-02,72
c127,2026-09-13,73
c158,2026-09-29,74
c266,2026-09-03,75
c073,2026-09-21,76
c049,2026-09-22,77
c221,2026-09-19,78
c151,2026-09-29,79
c097,2026-09-22,80
c266,2026-09-26,81
c180,2026-09-24,82
c285,2026-09-16,83
c201,2026-09-25,84
c214,2026-09-12,85
c276,2026-09-24,86
c294,2026-09-11,87
c239,2026-09-09,88
c063,2026-09-24,89
c298,2026-09-26,90
c164,2026-09-17,91
c138,2026-09-10,92
c004,2026-09-21,93
c049,2026-09-12,94
c174,2026-09-20,95
c207,2026-09-10,96
c187,2026-09-08,97
c278,2026-09-28,98
c081,2026-09-28,99
c266,2026-09-21,100
c109,2026-09-08,101
c053,2026-09-29,102
c093,2026-09-01,103
c028,2026-09-13,104
c035,2026-09-23,105
c071,2026-09-19,106
c283,2026-09-26,107
c220,2026-09-17,108
c239,2026-09-08,109
c296,2026-09-12,110
c063,2026-09-28,111
c118,2026-09-16,112
c009,2026-09-18,113
c197,2026-09-25,114
c048,2026-09-27,115
c066,2026-09-09,116
c281,2026-09-23,117
c128,2026-09-28,118
c276,2026-09-03,119
c115,2026-09-29,120
c102,2026-09-20,121
c234,2026-09-28,122
c092,2026-09-19,123
c136,2026-09-17,124
c286,2026-09-13,125
c202,2026-09-19,126
c120,2026-09-26,127
c127,2026-09-26,128
c013,2026-09-12,129
c190,2026-09-05,130
c265,2026-09-06,131
c047,2026-09-27,132
c024,2026-09-10,133
c035,2026-09-27,134
c266,2026-09-15,135
c269,2026-09-28,136
c063,2026-09-20,137
c220,2026-09-03,138
c187,2026-09-05,139
c267,2026-09-20,140
c086,2026-09-11,141
c172,2026-09-05,142
c270,2026-09-01,143
c176,2026-09-09,144
c170,2026-09-09,145
c084,2026-09-10,146
c214,2026-09-13,147
c016,2026-09-14,148
c010,2026-09-30,149
c124,2026-09-27,150
c247,2026-09-08,151
c287,2026-09-16,152
c115,2026-09-09,153
c177,2026-09-08,154
c024,2026-09-20,155
c189,2026-09-04,156
c279,2026-09-04,157
c048,2026-09-15,158
c098,2026-09-06,159
c288,2026-09-29,160
c032,2026-09-05,161
c180,2026-09-06,162
c149,2026-09-15,163
c284,2026-09-26,164
c282,2026-09-06,165
c035,2026-09-29,166
c204,2026-09-16,167
c179,2026-09-20,168
c012,2026-09-21,169
c203,2026-09-01,170
c129,2026-09-03,171
c040,2026-09-04,172
c033,2026-09-25,173
c220,2026-09-28,174
c254,2026-09-22,175
c111,2026-09-23,176
c010,2026-09-26,177
c092,2026-09-23,178
c282,2026-09-20,179
c200,2026-09-18,180
c186,2026-09-30,181
c157,2026-09-27,182
c150,2026-09-27,183
c103,2026-09-27,184
c069,2026-09-04,185
c003,2026-09-18,186
c092,2026-09-14,187
c216,2026-09-18,188
c108,2026-09-22,189
c211,2026-09-30,190
c160,2026-09-01,191
c030,2026-09-06,192
c178,2026-09-20,193
c048,2026-09-09,194
c295,2026-09-03,195
c090,2026-09-03,196
c042,2026-09-25,197
c244,2026-09-25,198
c064,2026-09-23,199
c201,2026-09-10,200
c075,2026-09-25,201
c024,2026-09-28,202
c246,2026-09-06,203
c285,2026-09-22,204
c243,2026-09-12,205
c009,2026-09-07,206
c273,2026-09-14,207
c261,2026-09-08,208
c275,2026-09-21,209
c211,2026-09-21,210
c155,2026-09-19,211
c030,2026-09-06,212
c267,2026-09-30,213
c006,2026-09-23,214
c060,2026-09-17,215
c225,2026-09-27,216
c050,2026-09-20,217
c240,2026-09-25,218
c116,2026-09-06,219
c209,2026-09-02,220
c295,2026-09-09,221
c156,2026-09-08,222
c060,2026-09-08,223
c115,2026-09-05,224
c114,2026-09-24,225
c194,2026-09-27,226
c213,2026-09-16,227
c114,2026-09-08,228
c115,2026-09-27,229
c177,2026-09-13,230
c011,2026-09-25,231
c108,2026-09-07,232
c203,2026-09-11,233
c153,2026-09-18,234
c178,2026-09-20,235
c259,2026-09-28,236
c171,2026-09-18,237
c115,2026-09-27,238
c171,2026-09-12,239
c115,2026-09-21,240
c066,2026-09-25,241
c189,2026-09-16,242
c207,2026-09-14,243
c183,2026-09-07,244
c139,2026-09-27,245
c179,2026-09-10,246
c187,2026-09-20,247
c104,2026-09-04,248
c009,2026-09-03,249
c254,2026-09-12,250
c117,2026-09-01,251
c158,2026-09-29,252
c108,2026-09-18,253
c269,2026-09-24,254
c240,2026-09-12,255
c103,2026-09-03,256
c066,2026-09-01,257
c095,2026-09-03,258
c071,2026-09-20,259
c112,2026-09-02,260
c273,2026-09-10,261
c039,2026-09-22,262
c254,2026-09-23,263
c006,2026-09-05,264
c229,2026-09-12,265
c108,2026-09-05,266
c265,2026-09-10,267
c170,2026-09-06,268
c299,2026-09-25,269
c250,2026-09-17,270
c283,2026-09-26,271
c236,2026-09-04,272
c082,2026-09-08,273
c299,2026-09-23,274
c115,2026-09-07,275
c097,2026-09-26,276
c287,2026-09-18,277
c223,2026-09-13,278
c134,2026-09-04,279
c240,2026-09-10,280
c165,2026-09-15,281
c036,2026-09-28,282
c102,2026-09-08,283
c042,2026-09-05,284
c295,2026-09-02,285
c270,2026-09-23,286
c243,2026-09-29,287
c246,2026-09-24,288
c266,2026-09-07,289
c190,2026-09-23,290
c225,2026-09-13,291
c070,2026-09-06,292
c115,2026-09-18,293
c280,2026-09-09,294
c275,2026-09-24,295
c288,2026-09-08,296
c202,2026-09-07,297
c185,2026-09-28,298
c234,2026-09-23,299
c173,2026-09-02,300
c291,2026-09-27,301
c093,2026-09-07,302
c152,2026-09-05,303
c266,2026-09-15,304
c051,2026-09-26,305
c227,2026-09-27,306
c088,2026-09-29,307
c173,2026-09-11,308
c120,2026-09-18,309
c017,2026-09-10,310
c245,2026-09-10,311
c012,2026-09-16,312
c194,2026-09-07,313
c028,2026-09-10,314
c036,2026-09-18,315
c116,2026-09-10,316
c046,2026-09-24,317
c003,2026-09-27,318
c066,2026-09-22,319
c074,2026-09-19,320
c247,2026-09-24,321
c006,2026-09-01,322
c035,2026-09-20,323
c088,2026-09-16,324
c230,2026-09-23,325
c100,2026-09-21,326
c095,2026-09-09,327
c224,2026-09-13,328
c295,2026-09-12,329
c273,2026-09-07,330
c089,2026-09-09,331
c071,2026-09-23,332
c177,2026-09-19,333
c189,2026-09-03,334
c295,2026-09-03,335
c255,2026-09-25,336
c061,2026-09-30,337
c003,2026-09-13,338
c266,2026-09-24,339
c156,2026-09-13,340
c223,2026-09-15,341
c141,2026-09-27,342
c176,2026-09-10,343
c282,2026-09-22,344
c035,2026-09-02,345
c114,2026-09-27,346
c045,2026-09-23,347
c080,2026-09-25,348
c298,2026-09-10,349
c159,2026-09-16,350
c250,2026-09-06,351
c288,2026-09-25,352
c210,2026-09-21,353
c258,2026-09-25,354
c151,2026-09-16,355
c248,2026-09-03,356
c281,2026-09-05,357
c091,2026-09-26,358
c125,2026-09-11,359
c102,2026-09-03,360
c159,2026-09-20,361
c050,2026-09-06,362
c296,2026-09-22,363
c169,2026-09-18,364
c159,2026-09-13,365
c249,2026-09-08,366
c177,2026-09-18,367
c068,2026-09-02,368
c266,2026-09-10,369
c071,2026-09-03,370
c046,2026-09-14,371
c117,2026-09-28,372
c020,2026-09-08,373
c003,2026-09-04,374
c290,2026-09-08,375
c159,2026-09-27,376
c024,2026-09-05,377
c278,2026-09-10,378
c088,2026-09-03,379
c174,2026-09-19,380
c186,2026-09-01,381
c201,2026-09-03,382
c254,2026-09-07,383
c038,2026-09-24,384
c205,2026-09-13,385
c247,2026-09-06,386
c278,2026-09-04,387
c266,2026-09-20,388
c048,2026-09-18,389
c259,2026-09-04,390
c173,2026-09-21,391
c093,2026-09-08,392
c190,2026-09-13,393
c156,2026-09-22,394
c005,2026-09-04,395
c262,2026-09-24,396
c100,2026-09-29,397
c077,2026-09-24,398
c154,2026-09-04,399
c230,2026-09-16,400
c154,2026-09-22,401
c159,2026-09-03,402
c085,2026-09-08,403
c184,2026-09-09,404
c174,2026-09-14,405
c034,2026-09-09,406
c133,2026-09-04,407
c031,2026-09-15,408
c160,2026-09-10,409
c020,2026-09-15,410
c003,2026-09-12,411
c068,2026-09-28,412
c178,2026-09-28,413
c069,2026-09-30,414
c229,2026-09-30,415
c036,2026-09-14,416
c276,2026-09-09,417
c099,2026-09-25,418
c039,2026-09-27,419
c142,2026-09-17,420
c164,2026-09-07,421
c168,2026-09-21,422
c220,2026-09-27,423
c137,2026-09-23,424
c006,2026-09-03,425
c110,2026-09-07,426
c081,2026-09-05,427
c039,2026-09-21,428
c009,2026-09-04,429
c243,2026-09-13,430
c214,2026-09-07,431
c236,2026-09-15,432
c095,2026-09-12,433
c125,2026-09-23,434
c211,2026-09-03,435
c085,2026-09-30,436
c257,2026-09-26,437
c214,2026-09-10,438
c258,2026-09-26,439
c286,2026-09-14,440
c118,2026-09-03,441
c266,2026-09-18,442
c035,2026-09-24,443
c020,2026-09-10,444
c074,2026-09-28,445
c016,2026-09-26,446
c159,2026-09-28,447
c166,2026-09-03,448
c159,2026-09-23,449
c039,2026-09-19,450
c152,2026-09-16,451
c184,2026-09-18,452
c017,2026-09-09,453
c285,2026-09-04,454
c203,2026-09-08,455
c044,2026-09-14,456
c214,2026-09-08,457
c195,2026-09-13,458
c001,2026-09-27,459
c135,2026-09-04,460
c083,2026-09-28,461
c205,2026-09-18,462
c188,2026-09-26,463
c003,2026-09-20,464
c170,2026-09-08,465
c152,2026-09-11,466
c155,2026-09-04,467
c108,2026-09-04,468
c266,2026-09-07,469
c216,2026-09-09,470
c240,2026-09-14,471
c264,2026-09-19,472
c209,2026-09-30,473
c074,2026-09-27,474
c156,2026-09-30,475
c069,2026-09-07,476
c063,2026-09-14,477
c151,2026-09-28,478
c166,2026-09-02,479
c120,2026-09-27,480
c057,2026-09-09,481
c234,2026-09-21,482
c003,2026-09-19,483
c017,2026-09-25,484
c285,2026-09-27,485
c251,2026-09-19,486
c156,2026-09-09,487
c234,2026-09-18,488
c039,2026-09-07,489
c180,2026-09-22,490
c027,2026-09-19,491
c207,2026-09-18,492
c148,2026-09-30,493
c243,2026-09-21,494
c231,2026-09-02,495
c090,2026-09-25,496
c083,2026-09-25,497
c142,2026-09-28,498
c142,2026-09-04,499
c114,2026-09-08,500
c199,2026-09-17,501
c017,2026-09-15,502
c220,2026-09-17,503
c276,2026-09-22,504
c206,2026-09-27,505
c053,2026-09-26,506
c164,2026-09-11,507
c290,2026-09-01,508
c180,2026-09-24,509
c066,2026-09-18,510
c265,2026-09-15,511
c020,2026-09-01,512
c089,2026-09-24,513
c006,2026-09-09,514
c182,2026-09-26,515
c070,2026-09-10,516
c152,2026-09-25,517
c039,2026-09-27,518
c014,2026-09-24,519
c134,2026-09-22,520
c258,2026-09-10,521
c125,2026-09-29,522
c179,2026-09-09,523
c048,2026-09-05,524
c257,2026-09-27,525
c124,2026-09-17,526
c183,2026-09-22,527
c100,2026-09-27,528
c017,2026-09-25,529
c204,2026-09-05,530
c221,2026-09-13,531
c257,2026-09-04,532
c083,2026-09-22,533
c100,2026-09-08,534
c218,2026-09-04,535
c058,2026-09-20,536
c282,2026-09-08,537
c125,2026-09-05,538
c152,2026-09-22,539
c187,2026-09-03,540
c092,2026-09-29,541
c206,2026-09-05,542
c141,2026-09-05,543
c113,2026-09-12,544
c299,2026-09-13,545
c262,2026-09-26,546
c013,2026-09-04,547
c042,2026-09-22,548
c035,2026-09-21,549
c031,2026-09-22,550
c144,2026-09-29,551
c207,2026-09-01,552
c111,2026-09-05,553
c118,2026-09-19,554
c050,2026-09-20,555
c042,2026-09-25,556
c037,2026-09-22,557
c190,2026-09-09,558
c207,2026-09-20,559
c115,2026-09-05,560
c102,2026-09-15,561
c072,2026-09-18,562
c223,2026-09-04,563
c251,2026-09-23,564
c182,2026-09-19,565
c115,2026-09-13,566
c051,2026-09-06,567
c244,2026-09-08,568
c034,2026-09-23,569
c205,2026-09-13,570
c248,2026-09-18,571
c057,2026-09-21,572
c035,2026-09-21,573
c070,2026-09-29,574
c254,2026-09-24,575
c267,2026-09-07,576
c111,2026-09-20,577
c251,2026-09-05,578
c074,2026-09-03,579
c243,2026-09-12,580
c186,2026-09-14,581
c108,2026-09-18,582
c034,2026-09-03,583
c263,2026-09-19,584
c095,2026-09-27,585
c096,2026-09-11,586
c219,2026-09-26,587
c213,2026-09-01,588
c038,2026-09-26,589
c071,2026-09-10,590
c211,2026-09-01,591
c017,2026-09-23,592
c044,2026-09-08,593
c250,2026-09-11,594
c014,2026-09-04,595
c181,2026-09-17,596
c067,2026-09-03,597
c129,2026-09-23,598
c103,2026-09-23,599
c281,2026-09-15,600
c183,2026-09-01,601
c039,2026-09-20,602
c047,2026-09-15,603
c158,2026-09-06,604
c265,2026-09-02,605
c170,2026-09-19,606
c037,2026-09-27,607
c033,2026-09-16,608
c246,2026-09-06,609
c190,2026-09-22,610
c296,2026-09-21,611
c129,2026-09-08,612
c038,2026-09-11,613
c239,2026-09-16,614
c189,2026-09-13,615
c141,2026-09-20,616
c041,2026-09-15,617
c158,2026-09-18,618
c012,2026-09-29,619
c122,2026-09-21,620
c078,2026-09-07,621
c089,2026-09-30,622
c129,2026-09-13,623
c152,2026-09-19,624
c265,2026-09-12,625
c290,2026-09-15,626
c189,2026-09-22,627
c090,2026-09-13,628
c036,2026-09-06,629
c142,2026-09-15,630
c289,2026-09-11,631
c048,2026-09-16,632
c277,2026-09-07,633
c148,2026-09-07,634
c227,2026-09-20,635
c102,2026-09-20,636
c037,2026-09-28,637
c047,2026-09-07,638
c245,2026-09-25,639
c173,2026-09-19,640
c087,2026-09-06,641
c157,2026-09-19,642
c244,2026-09-02,643
c298,2026-09-12,644
c230,2026-09-21,645
c294,2026-09-30,646
c075,2026-09-06,647
c255,2026-09-04,648
c017,2026-09-24,649
c218,2026-09-25,650
c280,2026-09-26,651
c275,2026-09-13,652
c207,2026-09-18,653
c046,2026-09-22,654
c039,2026-09-21,655
c189,2026-09-24,656
c180,2026-09-08,657
c265,2026-09-14,658
c206,2026-09-25,659
c188,2026-09-15,660
c177,2026-09-15,661
c033,2026-09-01,662
c259,2026-09-25,663
c258,2026-09-30,664
c049,2026-09-18,665
c003,2026-09-06,666
c249,2026-09-16,667
c150,2026-09-19,668
c024,2026-09-22,669
c258,2026-09-12,670
c043,2026-09-02,671
c199,2026-09-05,672
c236,2026-09-02,673
c124,2026-09-02,674
c177,2026-09-08,675
c115,2026-09-26,676
c076,2026-09-19,677
c223,2026-09-12,678
c243,2026-09-17,679
c299,2026-09-18,680
c020,2026-09-24,681
c011,2026-09-01,682
c045,2026-09-18,683
c188,2026-09-30,684
c083,2026-09-22,685
c082,2026-09-23,686
c061,2026-09-14,687
c240,2026-09-15,688
c243,2026-09-09,689
c229,2026-09-22,690
c194,2026-09-29,691
c108,2026-09-17,692
c215,2026-09-26,693
c132,2026-09-25,694
c184,2026-09-03,695
c265,2026-09-23,696
c254,2026-09-06,697
c220,2026-09-14,698
c126,2026-09-12,699
c056,2026-09-10,700
c285,2026-09-09,701
c122,2026-09-09,702
c097,2026-09-20,703
c268,2026-09-12,704
c012,2026-09-02,705
c124,2026-09-02,706
c181,2026-09-17,707
c286,2026-09-01,708
c081,2026-09-07,709
c141,2026-09-01,710
c047,2026-09-19,711
c188,2026-09-12,712
c213,2026-09-13,713
c223,2026-09-22,714
c118,2026-09-26,715
c218,2026-09-30,716
c253,2026-09-17,717
c149,2026-09-05,718
c122,2026-09-24,719
c200,2026-09-28,720
c158,2026-09-29,721
c227,2026-09-08,722
c215,2026-09-21,723
c043,2026-09-11,724
c239,2026-09-28,725
c100,2026-09-02,726
c058,2026-09-29,727
c135,2026-09-03,728
c011,2026-09-13,729
c092,2026-09-18,730
c250,2026-09-28,731
c147,2026-09-27,732
c139,2026-09-03,733
c159,2026-09-24,734
c227,2026-09-23,735
c100,2026-09-05,736
c076,2026-09-26,737
c226,2026-09-15,738
c046,2026-09-06,739
c044,2026-09-23,740
c071,2026-09-28,741
c300,2026-09-14,742
c257,2026-09-03,743
c214,2026-09-22,744
c246,2026-09-23,745
c205,2026-09-28,746
c144,2026-09-23,747
c139,2026-09-08,748
c173,2026-09-30,749
c145,2026-09-04,750
c165,2026-09-12,751
c153,2026-09-02,752
c230,2026-09-21,753
c221,2026-09-11,754
c031,2026-09-06,755
c133,2026-09-26,756
c234,2026-09-12,757
c202,2026-09-10,758
c038,2026-09-01,759
c167,2026-09-05,760
c186,2026-09-09,761
c267,2026-09-29,762
c257,2026-09-14,763
c300,2026-09-12,764
c078,2026-09-14,765
c139,2026-09-27,766
c136,2026-09-17,767
c176,2026-09-06,768
c281,2026-09-17,769
c218,2026-09-03,770
c157,2026-09-29,771
c205,2026-09-15,772
c238,2026-09-30,773
c019,2026-09-12,774
c261,2026-09-21,775
c030,2026-09-12,776
c122,2026-09-02,777
c186,2026-09-13,778
c284,2026-09-01,779
c255,2026-09-19,780
c062,2026-09-18,781
c013,2026-09-18,782
c161,2026-09-24,783
c020,2026-09-18,784
c159,2026-09-24,785
c220,2026-09-30,786
c051,2026-09-08,787
c220,2026-09-11,788
c012,2026-09-14,789
c039,2026-09-19,790
c229,2026-09-04,791
c080,2026-09-14,792
c180,2026-09-13,793
c240,2026-09-13,794
c285,2026-09-22,795
c180,2026-09-10,796
c024,2026-09-07,797
c258,2026-09-10,798
c179,2026-09-27,799
c187,2026-09-09,800
c220,2026-09-27,801
c231,2026-09-13,802
c265,2026-09-20,803
c178,2026-09-05,804
c142,2026-09-26,805
c045,2026-09-02,806
c033,2026-09-07,807
c223,2026-09-12,808
c009,2026-09-27,809
c043,2026-09-16,810
c150,2026-09-11,811
c049,2026-09-14,812
c295,2026-09-27,813
c083,2026-09-01,814
c258,2026-09-17,815
c299,2026-09-10,816
c240,2026-09-25,817
c074,2026-09-28,818
c225,2026-09-17,819
c087,2026-09-03,820
c133,2026-09-20,821
c012,2026-09-03,822
c188,2026-09-21,823
c076,2026-09-20,824
c223,2026-09-29,825
c220,2026-09-11,826
c050,2026-09-17,827
c008,2026-09-20,828
c152,2026-09-18,829
c188,2026-09-08,830
c078,2026-09-02,831
c169,2026-09-03,832
c201,2026-09-17,833
c121,2026-09-05,834
c125,2026-09-07,835
c176,2026-09-09,836
c017,2026-09-01,837
c173,2026-09-13,838
c209,2026-09-30,839
c183,2026-09-23,840
c244,2026-09-01,841
c200,2026-09-23,842
c285,2026-09-11,843
c290,2026-09-29,844
c139,2026-09-27,845
c218,2026-09-10,846
c073,2026-09-18,847
c246,2026-09-13,848
c169,2026-09-17,849
c092,2026-09-21,850
c053,2026-09-12,851
c298,2026-09-23,852
c209,2026-09-10,853
c164,2026-09-13,854
c128,2026-09-26,855
c016,2026-09-23,856
c069,2026-09-16,857
c052,2026-09-12,858
c038,2026-09-14,859
c037,2026-09-02,860
c259,2026-09-06,861
c297,2026-09-16,862
c165,2026-09-02,863
c116,2026-09-09,864
c219,2026-09-01,865
c091,2026-09-25,866
c072,2026-09-12,867
c133,2026-09-27,868
c011,2026-09-06,869
c238,2026-09-28,870
c234,2026-09-14,871
c170,2026-09-30,872
c033,2026-09-30,873
c073,2026-09-01,874
c201,2026-09-13,875
c071,2026-09-17,876
c141,2026-09-05,877
c073,2026-09-03,878
c103,2026-09-01,879
c291,2026-09-05,880
c081,2026-09-16,881
c249,2026-09-11,882
c122,2026-09-24,883
c178,2026-09-07,884
c285,2026-09-25,885
c017,2026-09-02,886
c048,2026-09-17,887
c166,2026-09-02,888
c223,2026-09-19,889
c141,2026-09-22,890
c300,2026-09-11,891
c015,2026-09-18,892
c054,2026-09-13,893
c295,2026-09-05,894
c277,2026-09-29,895
c129,2026-09-03,896
c167,2026-09-08,897
c288,2026-09-11,898
c269,2026-09-12,899
c121,2026-09-19,900
c266,2026-09-16,901
c157,2026-09-11,902
c206,2026-09-11,903
c021,2026-09-27,904
c211,2026-09-19,905
c239,2026-09-11,906
c176,2026-09-26,907
c172,2026-09-13,908
c034,2026-09-30,909
c187,2026-09-17,910
c071,2026-09-04,911
c177,2026-09-26,912
c218,2026-09-13,913
c097,2026-09-06,914
c127,2026-09-11,915
c071,2026-09-08,916
c073,2026-09-09,917
c203,2026-09-06,918
c242,2026-09-23,919
c070,2026-09-29,920
c259,2026-09-29,921
c259,2026-09-02,922
c261,2026-09-04,923
c285,2026-09-05,924
c250,2026-09-05,925
c170,2026-09-25,926
c052,2026-09-16,927
c049,2026-09-23,928
c176,2026-09-12,929
c204,2026-09-27,930
c187,2026-09-26,931
c102,2026-09-18,932
c296,2026-09-30,933
c100,2026-09-04,934
c062,2026-09-07,935
c177,2026-09-08,936
c184,2026-09-20,937
c178,2026-09-25,938
c042,2026-09-06,939
c257,2026-09-03,940
c070,2026-09-18,941
c138,2026-09-17,942
c129,2026-09-20,943
c031,2026-09-04,944
c152,2026-09-17,945
c239,2026-09-19,946
c103,2026-09-16,947
c103,2026-09-26,948
c083,2026-09-17,949
c060,2026-09-21,950
c150,2026-09-15,951
c265,2026-09-15,952
c095,2026-09-17,953
c250,2026-09-15,954
c292,2026-09-14,955
c114,2026-09-24,956
c214,2026-09-28,957
c187,2026-09-12,958
c165,2026-09-10,959
c202,2026-09-28,960
c282,2026-09-11,961
c196,2026-09-28,962
c108,2026-09-09,963
c027,2026-09-11,964
c046,2026-09-09,965
c197,2026-09-20,966
c202,2026-09-03,967
c066,2026-09-24,968
c071,2026-09-19,969
c011,2026-09-14,970
c202,2026-09-12,971
c275,2026-09-07,972
c097,2026-09-23,973
c171,2026-09-27,974
c132,2026-09-28,975
c216,2026-09-03,976
c136,2026-09-26,977
c243,2026-09-08,978
c042,2026-09-15,979
c047,2026-09-03,980
c047,2026-09-15,981
c273,2026-09-03,982
c175,2026-09-21,983
c137,2026-09-09,984
c179,2026-09-26,985
c265,2026-09-09,986
c155,2026-09-14,987
c258,2026-09-18,988
c176,2026-09-04,989
c066,2026-09-18,990
c166,2026-09-12,991
c219,2026-09-20,992
c063,2026-09-06,993
c129,2026-09-21,994
c122,2026-09-28,995
c211,2026-09-26,996
c236,2026-09-25,997
c230,2026-09-20,998
c286,2026-09-15,999
c070,2026-09-03,1000
c235,2026-09-19,1001
c017,2026-09-08,1002
c287,2026-09-05,1003
c068,2026-09-29,1004
c254,2026-09-27,1005
c165,2026-09-25,1006
c061,2026-09-04,1007
c281,2026-09-14,1008
c201,2026-09-22,1009
c167,2026-09-05,1010
c035,2026-09-30,1011
c155,2026-09-10,1012
c273,2026-09-28,1013
c133,2026-09-14,1014
c017,2026-09-18,1015
c298,2026-09-15,1016
c075,2026-09-30,1017
c230,2026-09-05,1018
c017,2026-09-07,1019
c091,2026-09-04,1020
c037,2026-09-24,1021
c214,2026-09-04,1022
c276,2026-09-09,1023
c056,2026-09-27,1024
c063,2026-09-06,1025
c188,2026-09-24,1026
c154,2026-09-19,1027
c020,2026-09-23,1028
c001,2026-09-28,1029
c190,2026-09-08,1030
c181,2026-09-29,1031
c160,2026-09-12,1032
c215,2026-09-22,1033
c017,2026-09-28,1034
c049,2026-09-01,1035
c071,2026-09-08,1036
c248,2026-09-26,1037
c286,2026-09-08,1038
c108,2026-09-15,1039
c271,2026-09-09,1040
c080,2026-09-08,1041
c236,2026-09-23,1042
c073,2026-09-06,1043
c272,2026-09-23,1044
c271,2026-09-10,1045
c133,2026-09-27,1046
c179,2026-09-21,1047
c034,2026-09-13,1048
c051,2026-09-13,1049
c113,2026-09-30,1050
c097,2026-09-03,1051
c266,2026-09-27,1052
c158,2026-09-28,1053
c158,2026-09-07,1054
c246,2026-09-11,1055
c248,2026-09-05,1056
c101,2026-09-16,1057
c090,2026-09-01,1058
c165,2026-09-01,1059
c158,2026-09-07,1060
c247,2026-09-05,1061
c235,2026-09-21,1062
c142,2026-09-30,1063
c265,2026-09-15,1064
c115,2026-09-18,1065
c267,2026-09-10,1066
c231,2026-09-13,1067
c214,2026-09-13,1068
c288,2026-09-05,1069
c071,2026-09-01,1070
c203,2026-09-22,1071
c191,2026-09-02,1072
c289,2026-09-08,1073
c157,2026-09-22,1074
c013,2026-09-18,1075
c194,2026-09-25,1076
c009,2026-09-06,1077
c179,2026-09-15,1078
c036,2026-09-26,1079
c291,2026-09-23,1080
c008,2026-09-15,1081
c153,2026-09-18,1082
c074,2026-09-27,1083
c281,2026-09-27,1084
c024,2026-09-23,1085
c043,2026-09-13,1086
c196,2026-09-14,1087
c157,2026-09-27,1088
c124,2026-09-30,1089
c061,2026-09-25,1090
c288,2026-09-26,1091
c058,2026-09-15,1092
c223,2026-09-08,1093
c172,2026-09-20,1094
c181,2026-09-18,1095
c034,2026-09-27,1096
c044,2026-09-29,1097
c073,2026-09-08,1098
c097,2026-09-30,1099
c049,2026-09-19,1100
c205,2026-09-11,1101
c278,2026-09-27,1102
c271,2026-09-02,1103
c187,2026-09-25,1104
c236,2026-09-27,1105
c269,2026-09-10,1106
c121,2026-09-23,1107
c265,2026-09-25,1108
c207,2026-09-27,1109
c296,2026-09-20,1110
c110,2026-09-29,1111
c139,2026-09-19,1112
c180,2026-09-19,1113
c205,2026-09-08,1114
c153,2026-09-12,1115
c216,2026-09-01,1116
c035,2026-09-14,1117
c049,2026-09-24,1118
c166,2026-09-01,1119
c248,2026-09-08,1120
c095,2026-09-05,1121
c070,2026-09-05,1122
c164,2026-09-09,1123
c214,2026-09-08,1124
c025,2026-09-18,1125
c111,2026-09-25,1126
c177,2026-09-16,1127
c213,2026-09-11,1128
c211,2026-09-12,1129
c262,2026-09-05,1130
c088,2026-09-06,1131
c259,2026-09-24,1132
c188,2026-09-23,1133
c039,2026-09-26,1134
c257,2026-09-30,1135
c183,2026-09-26,1136
c166,2026-09-15,1137
c008,2026-09-15,1138
c019,2026-09-22,1139
c175,2026-09-02,1140
c251,2026-09-27,1141
c215,2026-09-07,1142
c235,2026-09-05,1143
c290,2026-09-04,1144
c234,2026-09-25,1145
c272,2026-09-14,1146
c066,2026-09-16,1147
c066,2026-09-20,1148
c090,2026-09-29,1149
c042,2026-09-08,1150
c099,2026-09-28,1151
c059,2026-09-08,1152
c071,2026-09-09,1153
c014,2026-09-01,1154
c174,2026-09-14,1155
c191,2026-09-07,1156
c236,2026-09-27,1157
c047,2026-09-12,1158
c179,2026-09-11,1159
c239,2026-09-28,1160
c165,2026-09-30,1161
c137,2026-09-11,1162
c183,2026-09-20,1163
c251,2026-09-27,1164
c086,2026-09-21,1165
c034,2026-09-13,1166
c002,2026-09-06,1167
c066,2026-09-28,1168
c220,2026-09-18,1169
c234,2026-09-03,1170
c218,2026-09-14,1171
c244,2026-09-07,1172
c208,2026-09-12,1173
c011,2026-09-01,1174
c148,2026-09-12,1175
c111,2026-09-04,1176
c229,2026-09-03,1177
c165,2026-09-02,1178
c240,2026-09-02,1179
c061,2026-09-09,1180
c279,2026-09-05,1181
c154,2026-09-28,1182
c163,2026-09-17,1183
c038,2026-09-19,1184
c151,2026-09-23,1185
c063,2026-09-01,1186
c008,2026-09-17,1187
c188,2026-09-16,1188
c200,2026-09-12,1189
c073,2026-09-10,1190
c020,2026-09-08,1191
c054,2026-09-07,1192
c259,2026-09-08,1193
c223,2026-09-24,1194
c099,2026-09-18,1195
c248,2026-09-02,1196
c209,2026-09-10,1197
c116,2026-09-15,1198
c122,2026-09-13,1199
c095,2026-09-13,1200
c240,2026-09-23,1201
c038,2026-09-11,1202
c127,2026-09-05,1203
c228,2026-09-08,1204
c024,2026-09-11,1205
c066,2026-09-30,1206
c070,2026-09-12,1207
c171,2026-09-11,1208
c218,2026-09-04,1209
c242,2026-09-02,1210
c254,2026-09-15,1211
c239,2026-09-13,1212
c151,2026-09-20,1213
c058,2026-09-18,1214
c160,2026-09-06,1215
c266,2026-09-20,1216
c271,2026-09-14,1217
c250,2026-09-20,1218
c160,2026-09-22,1219
c003,2026-09-30,1220
c204,2026-09-17,1221
c136,2026-09-25,1222
c017,2026-09-30,1223
c069,2026-09-02,1224
c043,2026-09-07,1225
c249,2026-09-05,1226
c129,2026-09-07,1227
c275,2026-09-30,1228
c074,2026-09-01,1229
c041,2026-09-06,1230
c254,2026-09-14,1231
c184,2026-09-02,1232
c071,2026-09-04,1233
c288,2026-09-01,1234
c163,2026-09-08,1235
c070,2026-09-24,1236
c273,2026-09-25,1237
c071,2026-09-27,1238
c074,2026-09-01,1239
c114,2026-09-18,1240
c227,2026-09-07,1241
c254,2026-09-04,1242
c006,2026-09-27,1243
c156,2026-09-07,1244
c047,2026-09-03,1245
c049,2026-09-28,1246
c179,2026-09-09,1247
c024,2026-09-25,1248
c063,2026-09-22,1249
c176,2026-09-28,1250
c281,2026-09-26,1251
c115,2026-09-01,1252
c157,2026-09-22,1253
c284,2026-09-23,1254
c174,2026-09-17,1255
c124,2026-09-02,1256
c095,2026-09-20,1257
c118,2026-09-24,1258
c235,2026-09-09,1259
c171,2026-09-07,1260
c009,2026-09-26,1261
c269,2026-09-11,1262
c100,2026-09-28,1263
c266,2026-09-19,1264
c152,2026-09-23,1265
c009,2026-09-18,1266
c148,2026-09-25,1267
c265,2026-09-03,1268
c206,2026-09-12,1269
c148,2026-09-18,1270
c118,2026-09-21,1271
c033,2026-09-23,1272
c035,2026-09-09,1273
c295,2026-09-25,1274
c288,2026-09-05,1275
c240,2026-09-09,1276
c204,2026-09-20,1277
c293,2026-09-30,1278
c142,2026-09-29,1279
c221,2026-09-15,1280
c173,2026-09-24,1281
c218,2026-09-17,1282
c229,2026-09-13,1283
c082,2026-09-10,1284
c151,2026-09-06,1285
c072,2026-09-23,1286
c118,2026-09-05,1287
c276,2026-09-17,1288
c230,2026-09-26,1289
c188,2026-09-19,1290
c275,2026-09-16,1291
c038,2026-09-24,1292
c060,2026-09-12,1293
c267,2026-09-18,1294
c179,2026-09-26,1295
c232,2026-09-08,1296
c002,2026-09-28,1297
c042,2026-09-02,1298
c248,2026-09-29,1299
c299,2026-09-21,1300
c075,2026-09-12,1301
c145,2026-09-30,1302
c282,2026-09-20,1303
c220,2026-09-26,1304
c015,2026-09-29,1305
c179,2026-09-02,1306
c002,2026-09-19,1307
c287,2026-09-26,1308
c185,2026-09-11,1309
c183,2026-09-20,1310
c188,2026-09-10,1311
c083,2026-09-12,1312
c220,2026-09-02,1313
c247,2026-09-15,1314
c159,2026-09-28,1315
c117,2026-09-23,1316
c052,2026-09-18,1317
c024,2026-09-21,1318
c269,2026-09-13,1319
c108,2026-09-16,1320
c032,2026-09-07,1321
c248,2026-09-18,1322
c126,2026-09-07,1323
c141,2026-09-01,1324
c213,2026-09-08,1325
c176,2026-09-28,1326
c271,2026-09-14,1327
c017,2026-09-10,1328
c159,2026-09-19,1329
c031,2026-09-10,1330
c200,2026-09-07,1331
c214,2026-09-05,1332
c135,2026-09-18,1333
c242,2026-09-23,1334
c020,2026-09-25,1335
c076,2026-09-16,1336
c066,2026-09-26,1337
c286,2026-09-09,1338
c184,2026-09-24,1339
c247,2026-09-27,1340
c073,2026-09-30,1341
c064,2026-09-20,1342
c207,2026-09-10,1343
c118,2026-09-30,1344
c277,2026-09-24,1345
c129,2026-09-18,1346
c061,2026-09-05,1347
c071,2026-09-13,1348
c254,2026-09-18,1349
c090,2026-09-29,1350
c232,2026-09-28,1351
c259,2026-09-13,1352
c080,2026-09-24,1353
c239,2026-09-20,1354
c299,2026-09-29,1355
c008,2026-09-03,1356
c247,2026-09-02,1357
c148,2026-09-16,1358
c172,2026-09-03,1359
c067,2026-09-02,1360
c129,2026-09-04,1361
c149,2026-09-22,1362
c267,2026-09-24,1363
c039,2026-09-17,1364
c239,2026-09-22,1365
c118,2026-09-14,1366
c058,2026-09-24,1367
c052,2026-09-26,1368
c131,2026-09-19,1369
c286,2026-09-19,1370
c192,2026-09-07,1371
c279,2026-09-12,1372
c142,2026-09-27,1373
c061,2026-09-04,1374
c166,2026-09-22,1375
c197,2026-09-16,1376
c170,2026-09-20,1377
c261,2026-09-08,1378
c002,2026-09-13,1379
c108,2026-09-25,1380
c169,2026-09-30,1381
c155,2026-09-18,1382
c285,2026-09-06,1383
c254,2026-09-19,1384
c214,2026-09-08,1385
c154,2026-09-17,1386
c184,2026-09-19,1387
c189,2026-09-16,1388
c022,2026-09-24,1389
c008,2026-09-10,1390
c166,2026-09-08,1391
c067,2026-09-20,1392
c195,2026-09-17,1393
c239,2026-09-10,1394
c189,2026-09-25,1395
c027,2026-09-02,1396
c174,2026-09-08,1397
c012,2026-09-05,1398
c176,2026-09-18,1399
c013,2026-09-26,1400
c227,2026-09-16,1401
c069,2026-09-18,1402
c012,2026-09-13,1403
c219,2026-09-29,1404
c024,2026-09-22,1405
c258,2026-09-30,1406
c069,2026-09-12,1407
c295,2026-09-04,1408
c154,2026-09-09,1409
c205,2026-09-05,1410
c097,2026-09-01,1411
c187,2026-09-23,1412
c158,2026-09-15,1413
c284,2026-09-07,1414
c136,2026-09-13,1415
c278,2026-09-08,1416
c195,2026-09-09,1417
c152,2026-09-02,1418
c250,2026-09-23,1419
c103,2026-09-23,1420
c008,2026-09-29,1421
c039,2026-09-10,1422
c196,2026-09-07,1423
c143,2026-09-26,1424
c232,2026-09-13,1425
c223,2026-09-01,1426
c076,2026-09-25,1427
c171,2026-09-21,1428
c021,2026-09-23,1429
c172,2026-09-25,1430
c071,2026-09-12,1431
c024,2026-09-12,1432
c061,2026-09-07,1433
c265,2026-09-20,1434
c246,2026-09-18,1435
c118,2026-09-11,1436
c282,2026-09-14,1437
c295,2026-09-29,1438
c261,2026-09-14,1439
c196,2026-09-07,1440
c083,2026-09-20,1441
c087,2026-09-23,1442
c071,2026-09-11,1443
c039,2026-09-18,1444
c240,2026-09-23,1445
c171,2026-09-24,1446
c022,2026-09-21,1447
c230,2026-09-25,1448
c169,2026-09-30,1449
c190,2026-09-05,1450
c008,2026-09-19,1451
c036,2026-09-01,1452
c100,2026-09-15,1453
c167,2026-09-02,1454
c122,2026-09-22,1455
c300,2026-09-11,1456
c083,2026-09-08,1457
c091,2026-09-06,1458
c207,2026-09-29,1459
c126,2026-09-08,1460
c204,2026-09-04,1461
c236,2026-09-18,1462
c155,2026-09-03,1463
c287,2026-09-05,1464
c118,2026-09-06,1465
c205,2026-09-26,1466
c286,2026-09-22,1467
c242,2026-09-15,1468
c187,2026-09-29,1469
c039,2026-09-04,1470
c155,2026-09-14,1471
c180,2026-09-02,1472
c127,2026-09-11,1473
c201,2026-09-15,1474
c169,2026-09-12,1475
c195,2026-09-09,1476
c206,2026-09-05,1477
c160,2026-09-12,1478
c275,2026-09-23,1479
c170,2026-09-07,1480
c081,2026-09-20,1481
c060,2026-09-30,1482
c229,2026-09-30,1483
c161,2026-09-25,1484
c122,2026-09-11,1485
c220,2026-09-03,1486
c202,2026-09-25,1487
c033,2026-09-17,1488
c074,2026-09-10,1489
c052,2026-09-28,1490
c118,2026-09-07,1491
c053,2026-09-12,1492
c232,2026-09-22,1493
c091,2026-09-05,1494
c244,2026-09-13,1495
c075,2026-09-21,1496
c077,2026-09-18,1497
c243,2026-09-18,1498
c287,2026-09-04,1499
c139,2026-09-26,1500
c154,2026-09-25,1501
c247,2026-09-10,1502
c273,2026-09-05,1503
c239,2026-09-17,1504
c006,2026-09-13,1505
c064,2026-09-09,1506
c141,2026-09-30,1507
c062,2026-09-22,1508
c043,2026-09-19,1509
c047,2026-09-20,1510
c294,2026-09-22,1511
c034,2026-09-10,1512
c245,2026-09-22,1513
c285,2026-09-15,1514
c152,2026-09-22,1515
c244,2026-09-25,1516
c006,2026-09-17,1517
c078,2026-09-04,1518
c088,2026-09-24,1519
c177,2026-09-29,1520
c124,2026-09-15,1521
c152,2026-09-12,1522
c236,2026-09-01,1523
c036,2026-09-30,1524
c282,2026-09-19,1525
c054,2026-09-16,1526
c220,2026-09-16,1527
c257,2026-09-05,1528
c160,2026-09-24,1529
c085,2026-09-11,1530
c120,2026-09-15,1531
c013,2026-09-12,1532
c062,2026-09-02,1533
c186,2026-09-15,1534
c267,2026-09-06,1535
c296,2026-09-20,1536
c180,2026-09-10,1537
c052,2026-09-03,1538
c269,2026-09-21,1539
c097,2026-09-10,1540
c242,2026-09-27,1541
c255,2026-09-20,1542
c080,2026-09-25,1543
c062,2026-09-11,1544
c063,2026-09-01,1545
c269,2026-09-03,1546
c093,2026-09-26,1547
c127,2026-09-23,1548
c196,2026-09-21,1549
c047,2026-09-27,1550
c257,2026-09-06,1551
c232,2026-09-26,1552
c035,2026-09-04,1553
c213,2026-09-01,1554
c227,2026-09-24,1555
c085,2026-09-11,1556
c012,2026-09-30,1557
c289,2026-09-17,1558
c064,2026-09-09,1559
c006,2026-09-20,1560
c044,2026-09-17,1561
c226,2026-09-03,1562
c179,2026-09-24,1563
c163,2026-09-20,1564
c072,2026-09-24,1565
c050,2026-09-30,1566
c299,2026-09-30,1567
c017,2026-09-26,1568
c051,2026-09-12,1569
c290,2026-09-27,1570
c197,2026-09-11,1571
c096,2026-09-03,1572
c218,2026-09-04,1573
c300,2026-09-01,1574
c122,2026-09-10,1575
c197,2026-09-02,1576
c266,2026-09-30,1577
c248,2026-09-25,1578
c207,2026-09-14,1579
c266,2026-09-13,1580
c160,2026-09-14,1581
c132,2026-09-11,1582
c054,2026-09-09,1583
c056,2026-09-25,1584
c250,2026-09-11,1585
c009,2026-09-22,1586
c255,2026-09-01,1587
c215,2026-09-15,1588
c239,2026-09-13,1589
c199,2026-09-04,1590
c197,2026-09-25,1591
c028,2026-09-02,1592
c203,2026-09-08,1593
c129,2026-09-01,1594
c009,2026-09-21,1595
c017,2026-09-16,1596
c216,2026-09-30,1597
c118,2026-09-06,1598
c180,2026-09-08,1599
c040,2026-09-10,1600
c057,2026-09-25,1601
c117,2026-09-23,1602
c236,2026-09-17,1603
c177,2026-09-04,1604
c076,2026-09-26,1605
c114,2026-09-18,1606
c036,2026-09-01,1607
c213,2026-09-24,1608
c048,2026-09-16,1609
c207,2026-09-16,1610
c215,2026-09-27,1611
c132,2026-09-23,1612
c278,2026-09-18,1613
c076,2026-09-26,1614
c246,2026-09-11,1615
c285,2026-09-20,1616
c071,2026-09-12,1617
c201,2026-09-24,1618
c219,2026-09-30,1619
c231,2026-09-04,1620
c069,2026-09-22,1621
c214,2026-09-15,1622
c275,2026-09-06,1623
c209,2026-09-23,1624
c027,2026-09-08,1625
c073,2026-09-02,1626
c295,2026-09-09,1627
c177,2026-09-09,1628
c100,2026-09-29,1629
c167,2026-09-12,1630
c169,2026-09-17,1631
c011,2026-09-18,1632
c204,2026-09-29,1633
c009,2026-09-25,1634
c200,2026-09-07,1635
c068,2026-09-25,1636
c229,2026-09-02,1637
c063,2026-09-12,1638
c198,2026-09-29,1639
c257,2026-09-22,1640
c205,2026-09-24,1641
c141,2026-09-02,1642
c063,2026-09-28,1643
c221,2026-09-03,1644
c269,2026-09-14,1645
c054,2026-09-26,1646
c043,2026-09-19,1647
c262,2026-09-07,1648
c286,2026-09-20,1649
c160,2026-09-21,1650
c252,2026-09-23,1651
c190,2026-09-04,1652
c027,2026-09-10,1653
c080,2026-09-06,1654
c262,2026-09-16,1655
c262,2026-09-07,1656
c198,2026-09-02,1657
c090,2026-09-01,1658
c053,2026-09-09,1659
c265,2026-09-25,1660
c064,2026-09-03,1661
c066,2026-09-13,1662
c225,2026-09-21,1663
c231,2026-09-14,1664
c273,2026-09-07,1665
c202,2026-09-18,1666
c105,2026-09-03,1667
c219,2026-09-19,1668
c211,2026-09-28,1669
c045,2026-09-20,1670
c093,2026-09-07,1671
c174,2026-09-30,1672
c071,2026-09-28,1673
c223,2026-09-03,1674
c092,2026-09-28,1675
c161,2026-09-07,1676
c258,2026-09-30,1677
c298,2026-09-24,1678
c170,2026-09-25,1679
c282,2026-09-19,1680
c211,2026-09-04,1681
c190,2026-09-14,1682
c050,2026-09-08,1683
c089,2026-09-14,1684
c203,2026-09-04,1685
c016,2026-09-24,1686
c088,2026-09-22,1687
c254,2026-09-28,1688
c113,2026-09-05,1689
c174,2026-09-10,1690
c074,2026-09-03,1691
c129,2026-09-08,1692
c184,2026-09-21,1693
c244,2026-09-05,1694
c156,2026-09-25,1695
c186,2026-09-13,1696
c229,2026-09-07,1697
c279,2026-09-16,1698
c111,2026-09-23,1699
c281,2026-09-01,1700
c154,2026-09-17,1701
c044,2026-09-18,1702
c102,2026-09-01,1703
c225,2026-09-01,1704
c088,2026-09-21,1705
c074,2026-09-10,1706
c043,2026-09-30,1707
c135,2026-09-21,1708
c070,2026-09-06,1709
c288,2026-09-20,1710
c082,2026-09-29,1711
c138,2026-09-15,1712
c204,2026-09-09,1713
c285,2026-09-18,1714
c162,2026-09-26,1715
c285,2026-09-07,1716
c279,2026-09-26,1717
c261,2026-09-30,1718
c221,2026-09-12,1719
c195,2026-09-29,1720
c258,2026-09-16,1721
c153,2026-09-07,1722
c228,2026-09-21,1723
c197,2026-09-02,1724
c203,2026-09-30,1725
c240,2026-09-05,1726
c281,2026-09-23,1727
c176,2026-09-21,1728
c085,2026-09-26,1729
c154,2026-09-17,1730
c225,2026-09-24,1731
c165,2026-09-12,1732
c153,2026-09-28,1733
c113,2026-09-20,1734
c035,2026-09-23,1735
c253,2026-09-23,1736
c177,2026-09-26,1737
c204,2026-09-15,1738
c158,2026-09-30,1739
c115,2026-09-12,1740
c206,2026-09-19,1741
c082,2026-09-18,1742
c177,2026-09-28,1743
c170,2026-09-15,1744
c225,2026-09-19,1745
c158,2026-09-15,1746
c150,2026-09-20,1747
c047,2026-09-21,1748
c001,2026-09-02,1749
c197,2026-09-15,1750
c265,2026-09-10,1751
c038,2026-09-10,1752
c261,2026-09-03,1753
c221,2026-09-16,1754
c201,2026-09-14,1755
c058,2026-09-22,1756
c298,2026-09-25,1757
c007,2026-09-29,1758
c196,2026-09-02,1759
c157,2026-09-28,1760
c178,2026-09-30,1761
c154,2026-09-20,1762
c085,2026-09-04,1763
c236,2026-09-10,1764
c296,2026-09-08,1765
c280,2026-09-03,1766
c287,2026-09-16,1767
c289,2026-09-06,1768
c088,2026-09-15,1769
c051,2026-09-20,1770
c170,2026-09-07,1771
c259,2026-09-14,1772
c133,2026-09-22,1773
c246,2026-09-11,1774
c067,2026-09-15,1775
c254,2026-09-13,1776
c061,2026-09-29,1777
c065,2026-09-29,1778
c014,2026-09-11,1779
c218,2026-09-01,1780
c115,2026-09-20,1781
c207,2026-09-11,1782
c006,2026-09-30,1783
c189,2026-09-04,1784
c029,2026-09-25,1785
c296,2026-09-05,1786
c215,2026-09-09,1787
c172,2026-09-10,1788
c239,2026-09-24,1789
c177,2026-09-03,1790
c060,2026-09-02,1791
c288,2026-09-07,1792
c218,2026-09-27,1793
c073,2026-09-23,1794
c215,2026-09-27,1795
c207,2026-09-01,1796
c183,2026-09-24,1797
c210,2026-09-17,1798
c017,2026-09-16,1799
c242,2026-09-28,1800
c103,2026-09-05,1801
c088,2026-09-17,1802
c013,2026-09-02,1803
c013,2026-09-10,1804
c222,2026-09-09,1805
c069,2026-09-11,1806
c160,2026-09-12,1807
c017,2026-09-08,1808
c158,2026-09-21,1809
c016,2026-09-16,1810
c016,2026-09-06,1811
c285,2026-09-15,1812
c072,2026-09-25,1813
c288,2026-09-22,1814
c034,2026-09-30,1815
c242,2026-09-14,1816
c164,2026-09-21,1817
c282,2026-09-06,1818
c071,2026-09-15,1819
c149,2026-09-11,1820
c164,2026-09-30,1821
c127,2026-09-20,1822
c256,2026-09-07,1823
c209,2026-09-19,1824
c014,2026-09-18,1825
c194,2026-09-18,1826
c016,2026-09-12,1827
c288,2026-09-30,1828
c081,2026-09-12,1829
c226,2026-09-03,1830
c159,2026-09-24,1831
c104,2026-09-05,1832
c296,2026-09-16,1833
c092,2026-09-30,1834
c044,2026-09-12,1835
c240,2026-09-23,1836
c291,2026-09-04,1837
c049,2026-09-28,1838
c009,2026-09-20,1839
c122,2026-09-06,1840
c052,2026-09-02,1841
c069,2026-09-25,1842
c088,2026-09-13,1843
c180,2026-09-25,1844
c141,2026-09-29,1845
c156,2026-09-27,1846
c190,2026-09-26,1847
c221,2026-09-11,1848
c079,2026-09-02,1849
c063,2026-09-12,1850
c063,2026-09-13,1851
c227,2026-09-28,1852
c231,2026-09-09,1853
c239,2026-09-11,1854
c248,2026-09-30,1855
c116,2026-09-07,1856
c062,2026-09-13,1857
c220,2026-09-30,1858
c034,2026-09-30,1859
c132,2026-09-14,1860
c024,2026-09-15,1861
c207,2026-09-16,1862
c088,2026-09-09,1863
c244,2026-09-29,1864
c095,2026-09-03,1865
c239,2026-09-18,1866
c166,2026-09-26,1867
c002,2026-09-07,1868
c120,2026-09-04,1869
c100,2026-09-28,1870
c003,2026-09-26,1871
c088,2026-09-16,1872
c033,2026-09-30,1873
c221,2026-09-09,1874
c003,2026-09-29,1875
c160,2026-09-08,1876
c186,2026-09-02,1877
c048,2026-09-10,1878
c132,2026-09-21,1879
c025,2026-09-29,1880
c163,2026-09-30,1881
c008,2026-09-30,1882
c266,2026-09-22,1883
c291,2026-09-25,1884
c188,2026-09-04,1885
c022,2026-09-15,1886
c069,2026-09-25,1887
c043,2026-09-16,1888
c082,2026-09-05,1889
c234,2026-09-14,1890
c284,2026-09-09,1891
c150,2026-09-23,1892
c214,2026-09-20,1893
c048,2026-09-23,1894
c185,2026-09-28,1895
c248,2026-09-14,1896
c122,2026-09-17,1897
c236,2026-09-22,1898
c276,2026-09-04,1899
c173,2026-09-28,1900
c069,2026-09-06,1901
c013,2026-09-20,1902
c036,2026-09-30,1903
c180,2026-09-01,1904
c267,2026-09-20,1905
c300,2026-09-21,1906
c164,2026-09-09,1907
c124,2026-09-09,1908
c103,2026-09-02,1909
c215,2026-09-11,1910
c277,2026-09-28,1911
c120,2026-09-04,1912
c008,2026-09-16,1913
c073,2026-09-29,1914
c150,2026-09-20,1915
c139,2026-09-27,1916
c188,2026-09-18,1917
c150,2026-09-01,1918
c074,2026-09-07,1919
c006,2026-09-24,1920
c095,2026-09-27,1921
c218,2026-09-01,1922
c281,2026-09-02,1923
c004,2026-09-23,1924
c157,2026-09-28,1925
c154,2026-09-19,1926
c262,2026-09-28,1927
c203,2026-09-27,1928
c178,2026-09-05,1929
c218,2026-09-01,1930
c067,2026-09-26,1931
c074,2026-09-27,1932
c071,2026-09-29,1933
c234,2026-09-23,1934
c069,2026-09-20,1935
c092,2026-09-08,1936
c289,2026-09-05,1937
c142,2026-09-28,1938
c220,2026-09-02,1939
c177,2026-09-12,1940
c266,2026-09-04,1941
c090,2026-09-30,1942
c284,2026-09-22,1943
c050,2026-09-04,1944
c269,2026-09-05,1945
c255,2026-09-25,1946
c271,2026-09-10,1947
c257,2026-09-10,1948
c045,2026-09-18,1949
c198,2026-09-26,1950
c115,2026-09-09,1951
c050,2026-09-15,1952
c286,2026-09-18,1953
c215,2026-09-26,1954
c223,2026-09-29,1955
c189,2026-09-09,1956
c046,2026-09-04,1957
c227,2026-09-18,1958
c227,2026-09-28,1959
c066,2026-09-22,1960
c044,2026-09-19,1961
c071,2026-09-28,1962
c089,2026-09-05,1963
c253,2026-09-29,1964
c244,2026-09-16,1965
c138,2026-09-28,1966
c080,2026-09-02,1967
c151,2026-09-04,1968
c011,2026-09-02,1969
c251,2026-09-06,1970
c261,2026-09-17,1971
c153,2026-09-22,1972
c126,2026-09-19,1973
c012,2026-09-27,1974
c081,2026-09-10,1975
c095,2026-09-20,1976
c090,2026-09-11,1977
c118,2026-09-14,1978
c121,2026-09-16,1979
c141,2026-09-06,1980
c159,2026-09-25,1981
c133,2026-09-18,1982
c070,2026-09-15,1983
c195,2026-09-23,1984
c278,2026-09-29,1985
c284,2026-09-07,1986
c231,2026-09-25,1987
c201,2026-09-04,1988
c299,2026-09-27,1989
c245,2026-09-26,1990
c043,2026-09-11,1991
c236,2026-09-11,1992
c045,2026-09-21,1993
c183,2026-09-13,1994
c105,2026-09-16,1995
c061,2026-09-12,1996
c151,2026-09-21,1997
c262,2026-09-22,1998
c157,2026-09-05,1999
c026,2026-09-25,2000
c118,2026-09-16,2001
c190,2026-09-09,2002
c183,2026-09-16,2003
c172,2026-09-16,2004
c296,2026-09-20,2005
c231,2026-09-12,2006
c205,2026-09-20,2007
c088,2026-09-02,2008
c236,2026-09-23,2009
c257,2026-09-29,2010
c176,2026-09-28,2011
c115,2026-09-13,2012
c058,2026-09-30,2013
c070,2026-09-25,2014
c267,2026-09-03,2015
c180,2026-09-11,2016
c064,2026-09-23,2017
c034,2026-09-23,2018
c061,2026-09-14,2019
c159,2026-09-27,2020
c259,2026-09-20,2021
c284,2026-09-13,2022
c047,2026-09-21,2023
c248,2026-09-19,2024
c189,2026-09-25,2025
c067,2026-09-05,2026
c262,2026-09-29,2027
c159,2026-09-11,2028
c158,2026-09-21,2029
c181,2026-09-30,2030
c230,2026-09-21,2031
c152,2026-09-07,2032
c081,2026-09-17,2033
c156,2026-09-27,2034
c115,2026-09-12,2035
c202,2026-09-13,2036
c285,2026-09-24,2037
c013,2026-09-07,2038
c289,2026-09-14,2039
c278,2026-09-26,2040
c210,2026-09-05,2041
c097,2026-09-27,2042
c088,2026-09-11,2043
c047,2026-09-05,2044
c282,2026-09-06,2045
c252,2026-09-28,2046
c133,2026-09-22,2047
c210,2026-09-11,2048
c054,2026-09-24,2049
c009,2026-09-21,2050
c024,2026-09-21,2051
c139,2026-09-11,2052
c285,2026-09-12,2053
c205,2026-09-04,2054
c200,2026-09-29,2055
c289,2026-09-07,2056
c006,2026-09-03,2057
c231,2026-09-19,2058
c246,2026-09-17,2059
c293,2026-09-12,2060
c075,2026-09-08,2061
c177,2026-09-05,2062
c300,2026-09-11,2063
c176,2026-09-22,2064
c011,2026-09-16,2065
c190,2026-09-14,2066
c013,2026-09-17,2067
c180,2026-09-30,2068
c173,2026-09-22,2069
c182,2026-09-01,2070
c267,2026-09-25,2071
c013,2026-09-23,2072
c238,2026-09-26,2073
c156,2026-09-10,2074
c116,2026-09-12,2075
c076,2026-09-14,2076
c273,2026-09-08,2077
c062,2026-09-11,2078
c183,2026-09-18,2079
c097,2026-09-19,2080
c175,2026-09-28,2081
c275,2026-09-27,2082
c024,2026-09-08,2083
c162,2026-09-21,2084
c151,2026-09-09,2085
c066,2026-09-18,2086
c115,2026-09-19,2087
c155,2026-09-13,2088
c108,2026-09-04,2089
c145,2026-09-04,2090
c255,2026-09-17,2091
c102,2026-09-03,2092
c075,2026-09-18,2093
c097,2026-09-18,2094
c132,2026-09-13,2095
c207,2026-09-10,2096
c060,2026-09-08,2097
c152,2026-09-18,2098
c046,2026-09-21,2099
c049,2026-09-07,2100
c257,2026-09-20,2101
c265,2026-09-25,2102
c047,2026-09-16,2103
c068,2026-09-29,2104
c189,2026-09-14,2105
c166,2026-09-03,2106
c299,2026-09-30,2107
c199,2026-09-22,2108
c074,2026-09-26,2109
c164,2026-09-30,2110
c012,2026-09-13,2111
c151,2026-09-12,2112
c196,2026-09-14,2113
c142,2026-09-10,2114
c232,2026-09-14,2115
c034,2026-09-27,2116
c213,2026-09-20,2117
c015,2026-09-12,2118
c285,2026-09-13,2119
c113,2026-09-09,2120
c276,2026-09-21,2121
c218,2026-09-16,2122
c047,2026-09-11,2123
c159,2026-09-20,2124
c025,2026-09-03,2125
c153,2026-09-01,2126
c178,2026-09-14,2127
c071,2026-09-01,2128
c185,2026-09-30,2129
c186,2026-09-14,2130
c298,2026-09-19,2131
c265,2026-09-12,2132
c162,2026-09-12,2133
c273,2026-09-17,2134
c118,2026-09-29,2135
c160,2026-09-26,2136
c189,2026-09-10,2137
c006,2026-09-27,2138
c150,2026-09-29,2139
c203,2026-09-23,2140
c273,2026-09-04,2141
c209,2026-09-23,2142
c036,2026-09-10,2143
c073,2026-09-11,2144
c294,2026-09-25,2145
c188,2026-09-28,2146
c243,2026-09-12,2147
c174,2026-09-01,2148
c034,2026-09-29,2149
c158,2026-09-29,2150
c008,2026-09-19,2151
c074,2026-09-26,2152
c053,2026-09-04,2153
c276,2026-09-11,2154
c129,2026-09-20,2155
c001,2026-09-29,2156
c168,2026-09-03,2157
c061,2026-09-11,2158
c221,2026-09-23,2159
c169,2026-09-01,2160
c179,2026-09-29,2161
c285,2026-09-10,2162
c177,2026-09-14,2163
c133,2026-09-24,2164
c160,2026-09-16,2165
c186,2026-09-14,2166
c070,2026-09-12,2167
c255,2026-09-26,2168
c097,2026-09-13,2169
c192,2026-09-30,2170
c273,2026-09-21,2171
c250,2026-09-22,2172
c215,2026-09-27,2173
c239,2026-09-24,2174
c156,2026-09-25,2175
c100,2026-09-08,2176
c037,2026-09-07,2177
c077,2026-09-23,2178
c125,2026-09-28,2179
c187,2026-09-13,2180
c206,2026-09-17,2181
c220,2026-09-29,2182
c206,2026-09-06,2183
c119,2026-09-06,2184
c093,2026-09-18,2185
c037,2026-09-05,2186
c049,2026-09-11,2187
c203,2026-09-05,2188
c058,2026-09-23,2189
c225,2026-09-11,2190
c012,2026-09-27,2191
c184,2026-09-07,2192
c246,2026-09-09,2193
c038,2026-09-22,2194
c174,2026-09-22,2195
c213,2026-09-04,2196
c226,2026-09-30,2197
c244,2026-09-28,2198
c073,2026-09-20,2199
c204,2026-09-14,2200
c234,2026-09-10,2201
c286,2026-09-10,2202
c219,2026-09-28,2203
c278,2026-09-21,2204
c275,2026-09-30,2205
c286,2026-09-29,2206
c142,2026-09-23,2207
c108,2026-09-20,2208
c251,2026-09-17,2209
c090,2026-09-30,2210
c170,2026-09-27,2211
c032,2026-09-22,2212
c066,2026-09-12,2213
c250,2026-09-14,2214
c066,2026-09-04,2215
c271,2026-09-29,2216
c223,2026-09-24,2217
c179,2026-09-29,2218
c092,2026-09-15,2219
c213,2026-09-05,2220
c186,2026-09-17,2221
c276,2026-09-26,2222
c017,2026-09-22,2223
c104,2026-09-04,2224
c095,2026-09-12,2225
c213,2026-09-17,2226
c285,2026-09-09,2227
c203,2026-09-20,2228
c298,2026-09-04,2229
c257,2026-09-12,2230
c076,2026-09-02,2231
c240,2026-09-22,2232
c133,2026-09-03,2233
c169,2026-09-21,2234
c010,2026-09-21,2235
c287,2026-09-11,2236
c252,2026-09-14,2237
c080,2026-09-18,2238
c139,2026-09-06,2239
c052,2026-09-03,2240
c113,2026-09-23,2241
c248,2026-09-28,2242
c206,2026-09-22,2243
c288,2026-09-04,2244
c213,2026-09-25,2245
c063,2026-09-05,2246
c288,2026-09-17,2247
c053,2026-09-10,2248
c022,2026-09-21,2249
c034,2026-09-16,2250
c258,2026-09-09,2251
c288,2026-09-14,2252
c017,2026-09-09,2253
c214,2026-09-22,2254
c157,2026-09-08,2255
c152,2026-09-14,2256
c008,2026-09-07,2257
c081,2026-09-05,2258
c276,2026-09-08,2259
c254,2026-09-27,2260
c148,2026-09-09,2261
c141,2026-09-26,2262
c187,2026-09-08,2263
c230,2026-09-05,2264
c239,2026-09-21,2265
c058,2026-09-13,2266
c287,2026-09-24,2267
c206,2026-09-17,2268
c016,2026-09-22,2269
c071,2026-09-03,2270
c147,2026-09-25,2271
c266,2026-09-14,2272
c190,2026-09-12,2273
c272,2026-09-23,2274
c071,2026-09-11,2275
c102,2026-09-07,2276
c201,2026-09-09,2277
c033,2026-09-16,2278
c203,2026-09-23,2279
c129,2026-09-22,2280
c114,2026-09-07,2281
c230,2026-09-06,2282
c009,2026-09-22,2283
c129,2026-09-19,2284
c218,2026-09-13,2285
c056,2026-09-15,2286
c285,2026-09-11,2287
c011,2026-09-26,2288
c060,2026-09-23,2289
c262,2026-09-13,2290
c292,2026-09-21,2291
c043,2026-09-16,2292
c192,2026-09-17,2293
c093,2026-09-21,2294
c178,2026-09-25,2295
c031,2026-09-07,2296
c191,2026-09-19,2297
c239,2026-09-16,2298
c127,2026-09-16,2299
c044,2026-09-04,2300
c079,2026-09-23,2301
c250,2026-09-20,2302
c003,2026-09-17,2303
c213,2026-09-15,2304
c097,2026-09-25,2305
c144,2026-09-17,2306
c030,2026-09-22,2307
c211,2026-09-16,2308
c243,2026-09-12,2309
c108,2026-09-08,2310
c024,2026-09-15,2311
c244,2026-09-16,2312
c028,2026-09-12,2313
c006,2026-09-13,2314
c155,2026-09-20,2315
c037,2026-09-22,2316
c169,2026-09-29,2317
c171,2026-09-02,2318
c039,2026-09-21,2319
c158,2026-09-04,2320
c284,2026-09-06,2321
c287,2026-09-22,2322
c206,2026-09-30,2323
c071,2026-09-25,2324
c147,2026-09-29,2325
c017,2026-09-26,2326
c106,2026-09-26,2327
c201,2026-09-14,2328
c150,2026-09-22,2329
c180,2026-09-22,2330
c171,2026-09-05,2331
c234,2026-09-04,2332
c286,2026-09-10,2333
c203,2026-09-24,2334
c012,2026-09-24,2335
c285,2026-09-19,2336
c097,2026-09-04,2337
c068,2026-09-11,2338
c213,2026-09-07,2339
c161,2026-09-07,2340
c063,2026-09-03,2341
c132,2026-09-29,2342
c066,2026-09-08,2343
c196,2026-09-27,2344
c110,2026-09-05,2345
c189,2026-09-20,2346
c088,2026-09-15,2347
c158,2026-09-06,2348
c299,2026-09-17,2349
c240,2026-09-18,2350
c296,2026-09-04,2351
c171,2026-09-12,2352
c151,2026-09-16,2353
c170,2026-09-24,2354
c220,2026-09-08,2355
c071,2026-09-10,2356
c284,2026-09-16,2357
c173,2026-09-08,2358
c242,2026-09-23,2359
c207,2026-09-08,2360
c286,2026-09-27,2361
c028,2026-09-05,2362
c205,2026-09-15,2363
c244,2026-09-17,2364
c129,2026-09-22,2365
c038,2026-09-18,2366
c063,2026-09-21,2367
c142,2026-09-13,2368
c138,2026-09-18,2369
c200,2026-09-01,2370
c076,2026-09-16,2371
c062,2026-09-28,2372
c196,2026-09-11,2373
c037,2026-09-16,2374
c049,2026-09-14,2375
c203,2026-09-11,2376
c248,2026-09-11,2377
c141,2026-09-11,2378
c244,2026-09-22,2379
c078,2026-09-11,2380
c083,2026-09-27,2381
c206,2026-09-05,2382
c236,2026-09-05,2383
c211,2026-09-03,2384
c151,2026-09-28,2385
c155,2026-09-20,2386
c215,2026-09-01,2387
c170,2026-09-11,2388
c080,2026-09-10,2389
c021,2026-09-19,2390
c234,2026-09-16,2391
c195,2026-09-13,2392
c157,2026-09-18,2393
c183,2026-09-10,2394
c200,2026-09-24,2395
c069,2026-09-13,2396
c238,2026-09-03,2397
c114,2026-09-06,2398
c013,2026-09-24,2399
c127,2026-09-16,2400
c236,2026-09-16,2401
c074,2026-09-22,2402
c027,2026-09-05,2403
c199,2026-09-20,2404
c082,2026-09-19,2405
c033,2026-09-13,2406
c261,2026-09-21,2407
c211,2026-09-11,2408
c186,2026-09-11,2409
c060,2026-09-28,2410
c275,2026-09-29,2411
c144,2026-09-21,2412
c276,2026-09-08,2413
c009,2026-09-17,2414
c248,2026-09-28,2415
c150,2026-09-16,2416
c291,2026-09-03,2417
c158,2026-09-02,2418
c285,2026-09-29,2419
c164,2026-09-30,2420
c046,2026-09-22,2421
c267,2026-09-22,2422
c243,2026-09-16,2423
c088,2026-09-25,2424
c033,2026-09-25,2425
c170,2026-09-06,2426
c248,2026-09-21,2427
c150,2026-09-17,2428
c171,2026-09-28,2429
c183,2026-09-09,2430
c085,2026-09-12,2431
c215,2026-09-05,2432
c014,2026-09-03,2433
c090,2026-09-10,2434
c050,2026-09-15,2435
c179,2026-09-25,2436
c152,2026-09-04,2437
c034,2026-09-04,2438
c122,2026-09-20,2439
c034,2026-09-01,2440
c129,2026-09-09,2441
c068,2026-09-02,2442
c095,2026-09-13,2443
c268,2026-09-14,2444
c105,2026-09-25,2445
c227,2026-09-22,2446
c102,2026-09-12,2447
c179,2026-09-28,2448
c142,2026-09-01,2449
c151,2026-09-10,2450
c022,2026-09-23,2451
c269,2026-09-18,2452
c168,2026-09-25,2453
c012,2026-09-18,2454
c043,2026-09-16,2455
c035,2026-09-25,2456
c034,2026-09-04,2457
c091,2026-09-19,2458
c245,2026-09-25,2459
c085,2026-09-26,2460
c266,2026-09-15,2461
c032,2026-09-06,2462
c236,2026-09-06,2463
c283,2026-09-27,2464
c168,2026-09-30,2465
c291,2026-09-01,2466
c299,2026-09-06,2467
c228,2026-09-26,2468
c225,2026-09-19,2469
c257,2026-09-18,2470
c139,2026-09-17,2471
c268,2026-09-23,2472
c048,2026-09-10,2473
c155,2026-09-29,2474
c237,2026-09-11,2475
c186,2026-09-24,2476
c177,2026-09-25,2477
c288,2026-09-07,2478
c001,2026-09-03,2479
c102,2026-09-11,2480
c155,2026-09-10,2481
c229,2026-09-13,2482
c271,2026-09-24,2483
c300,2026-09-27,2484
c136,2026-09-01,2485
c035,2026-09-10,2486
c291,2026-09-19,2487
c244,2026-09-11,2488
c088,2026-09-28,2489
c003,2026-09-07,2490
c082,2026-09-01,2491
c061,2026-09-11,2492
c246,2026-09-20,2493
c133,2026-09-17,2494
c012,2026-09-12,2495
c147,2026-09-23,2496
c042,2026-09-06,2497
c190,2026-09-03,2498
c267,2026-09-03,2499
c142,2026-09-08,2500
c074,2026-09-24,2501
c155,2026-09-20,2502
c083,2026-09-16,2503
c082,2026-09-06,2504
c044,2026-09-15,2505
c132,2026-09-20,2506
c206,2026-09-20,2507
c276,2026-09-19,2508
c111,2026-09-25,2509
c025,2026-09-19,2510
c011,2026-09-14,2511
c284,2026-09-17,2512
c171,2026-09-10,2513
c204,2026-09-04,2514
c174,2026-09-02,2515
c287,2026-09-24,2516
c201,2026-09-21,2517
c233,2026-09-01,2518
c269,2026-09-04,2519
c207,2026-09-14,2520
c287,2026-09-29,2521
c075,2026-09-27,2522
c009,2026-09-04,2523
c022,2026-09-14,2524
c052,2026-09-03,2525
c103,2026-09-16,2526
c284,2026-09-21,2527
c206,2026-09-04,2528
c012,2026-09-08,2529
c286,2026-09-20,2530
c082,2026-09-26,2531
c265,2026-09-16,2532
c074,2026-09-19,2533
c267,2026-09-04,2534
c044,2026-09-27,2535
c156,2026-09-27,2536
c300,2026-09-09,2537
c182,2026-09-07,2538
c218,2026-09-19,2539
c149,2026-09-30,2540
c056,2026-09-07,2541
c026,2026-09-21,2542
c188,2026-09-14,2543
c221,2026-09-25,2544
c083,2026-09-26,2545
c020,2026-09-01,2546
c122,2026-09-25,2547
c083,2026-09-02,2548
c189,2026-09-14,2549
c027,2026-09-03,2550
c201,2026-09-10,2551
c286,2026-09-20,2552
c209,2026-09-25,2553
c115,2026-09-28,2554
c038,2026-09-05,2555
c125,2026-09-23,2556
c012,2026-09-06,2557
c129,2026-09-29,2558
c239,2026-09-08,2559
c258,2026-09-08,2560
c125,2026-09-03,2561
c120,2026-09-13,2562
c054,2026-09-30,2563
c183,2026-09-04,2564
c152,2026-09-21,2565
c148,2026-09-15,2566
c020,2026-09-24,2567
c209,2026-09-23,2568
c088,2026-09-10,2569
c068,2026-09-18,2570
c201,2026-09-17,2571
c236,2026-09-08,2572
c151,2026-09-01,2573
c092,2026-09-08,2574
c156,2026-09-14,2575
c051,2026-09-30,2576
c097,2026-09-21,2577
c081,2026-09-14,2578
c033,2026-09-26,2579
c024,2026-09-18,2580
c086,2026-09-14,2581
c154,2026-09-03,2582
c036,2026-09-26,2583
c053,2026-09-02,2584
c158,2026-09-25,2585
c129,2026-09-13,2586
c246,2026-09-22,2587
c015,2026-09-12,2588
c180,2026-09-20,2589
c108,2026-09-13,2590
c066,2026-09-11,2591
c182,2026-09-07,2592
c219,2026-09-02,2593
c035,2026-09-11,2594
c028,2026-09-26,2595
c287,2026-09-28,2596
c075,2026-09-10,2597
c102,2026-09-06,2598
c239,2026-09-03,2599
c205,2026-09-25,2600
c047,2026-09-18,2601
c110,2026-09-17,2602
c043,2026-09-08,2603
c203,2026-09-07,2604
c003,2026-09-16,2605
c152,2026-09-16,2606
c133,2026-09-21,2607
c278,2026-09-02,2608
c218,2026-09-23,2609
c082,2026-09-08,2610
c236,2026-09-19,2611
c017,2026-09-09,2612
c202,2026-09-05,2613
c239,2026-09-04,2614
c177,2026-09-28,2615
c153,2026-09-16,2616
c286,2026-09-04,2617
c244,2026-09-23,2618
c294,2026-09-13,2619
c072,2026-09-05,2620
c211,2026-09-01,2621
c033,2026-09-19,2622
c159,2026-09-07,2623
c047,2026-09-17,2624
c085,2026-09-16,2625
c129,2026-09-06,2626
c137,2026-09-07,2627
c190,2026-09-18,2628
c186,2026-09-21,2629
c273,2026-09-02,2630
c298,2026-09-23,2631
c067,2026-09-19,2632
c186,2026-09-07,2633
c151,2026-09-26,2634
c031,2026-09-04,2635
c257,2026-09-02,2636
c209,2026-09-17,2637
c266,2026-09-23,2638
c173,2026-09-09,2639
c245,2026-09-30,2640
c074,2026-09-24,2641
c214,2026-09-16,2642
c044,2026-09-20,2643
c038,2026-09-03,2644
c286,2026-09-11,2645
c204,2026-09-16,2646
c044,2026-09-04,2647
c236,2026-09-04,2648
c003,2026-09-07,2649
c201,2026-09-29,2650
c179,2026-09-04,2651
c063,2026-09-21,2652
c009,2026-09-14,2653
c276,2026-09-23,2654
c241,2026-09-13,2655
c207,2026-09-25,2656
c008,2026-09-17,2657
c265,2026-09-05,2658
c152,2026-09-02,2659
c118,2026-09-20,2660
c014,2026-09-08,2661
c141,2026-09-29,2662
c060,2026-09-29,2663
c187,2026-09-17,2664
c234,2026-09-12,2665
c257,2026-09-16,2666
c193,2026-09-01,2667
c122,2026-09-21,2668
c028,2026-09-13,2669
c281,2026-09-08,2670
c067,2026-09-19,2671
c151,2026-09-24,2672
c219,2026-09-06,2673
c178,2026-09-02,2674
c254,2026-09-03,2675
c190,2026-09-01,2676
c266,2026-09-18,2677
c090,2026-09-16,2678
c246,2026-09-12,2679
c270,2026-09-19,2680
c156,2026-09-09,2681
c239,2026-09-24,2682
c238,2026-09-28,2683
c186,2026-09-05,2684
c090,2026-09-16,2685
c037,2026-09-01,2686
c288,2026-09-16,2687
c025,2026-09-10,2688
c276,2026-09-04,2689
c082,2026-09-02,2690
c254,2026-09-04,2691
c157,2026-09-27,2692
c050,2026-09-01,2693
c265,2026-09-25,2694
c035,2026-09-03,2695
c248,2026-09-30,2696
c213,2026-09-12,2697
c017,2026-09-01,2698
c198,2026-09-04,2699
c263,2026-09-19,2700
c221,2026-09-12,2701
c196,2026-09-09,2702
c138,2026-09-07,2703
c187,2026-09-19,2704
c034,2026-09-15,2705
c089,2026-09-09,2706
c073,2026-09-23,2707
c196,2026-09-06,2708
c005,2026-09-11,2709
c082,2026-09-09,2710
c166,2026-09-02,2711
c043,2026-09-10,2712
c273,2026-09-17,2713
c082,2026-09-30,2714
c266,2026-09-15,2715
c203,2026-09-09,2716
c118,2026-09-26,2717
c048,2026-09-09,2718
c012,2026-09-08,2719
c147,2026-09-24,2720
c068,2026-09-30,2721
c024,2026-09-07,2722
c158,2026-09-26,2723
c206,2026-09-11,2724
c228,2026-09-14,2725
c102,2026-09-03,2726
c177,2026-09-01,2727
c118,2026-09-20,2728
c244,2026-09-25,2729
c091,2026-09-03,2730
c287,2026-09-23,2731
c181,2026-09-26,2732
c281,2026-09-24,2733
c294,2026-09-02,2734
c220,2026-09-23,2735
c024,2026-09-13,2736
c092,2026-09-07,2737
c087,2026-09-08,2738
c034,2026-09-05,2739
c172,2026-09-03,2740
c089,2026-09-09,2741
c276,2026-09-27,2742
c180,2026-09-07,2743
c205,2026-09-17,2744
c011,2026-09-30,2745
c240,2026-09-18,2746
c072,2026-09-14,2747
c295,2026-09-14,2748
c009,2026-09-14,2749
c087,2026-09-23,2750
c266,2026-09-26,2751
c159,2026-09-14,2752
c142,2026-09-12,2753
c073,2026-09-23,2754
c017,2026-09-07,2755
c279,2026-09-08,2756
c220,2026-09-15,2757
c075,2026-09-01,2758
c054,2026-09-22,2759
c103,2026-09-20,2760
c056,2026-09-21,2761
c139,2026-09-12,2762
c281,2026-09-28,2763
c022,2026-09-06,2764
c118,2026-09-13,2765
c113,2026-09-28,2766
c171,2026-09-10,2767
c209,2026-09-13,2768
c184,2026-09-17,2769
c267,2026-09-05,2770
c215,2026-09-16,2771
c139,2026-09-14,2772
c286,2026-09-24,2773
c235,2026-09-19,2774
c231,2026-09-15,2775
c155,2026-09-18,2776
c172,2026-09-13,2777
c180,2026-09-17,2778
c267,2026-09-11,2779
c047,2026-09-24,2780
c245,2026-09-27,2781
c031,2026-09-02,2782
c204,2026-09-09,2783
c300,2026-09-13,2784
c115,2026-09-26,2785
c207,2026-09-05,2786
c203,2026-09-13,2787
c188,2026-09-04,2788
c088,2026-09-29,2789
c071,2026-09-02,2790
c294,2026-09-28,2791
c169,2026-09-16,2792
c022,2026-09-29,2793
c243,2026-09-19,2794
c292,2026-09-13,2795
c086,2026-09-13,2796
c187,2026-09-19,2797
c116,2026-09-28,2798
c148,2026-09-24,2799
c183,2026-09-08,2800
c201,2026-09-28,2801
c262,2026-09-15,2802
c062,2026-09-03,2803
c233,2026-09-07,2804
c238,2026-09-16,2805
c158,2026-09-29,2806
c035,2026-09-05,2807
c166,2026-09-29,2808
c299,2026-09-10,2809
c067,2026-09-08,2810
c221,2026-09-23,2811
c075,2026-09-14,2812
c060,2026-09-02,2813
c052,2026-09-21,2814
c009,2026-09-12,2815
c136,2026-09-04,2816
c271,2026-09-14,2817
c169,2026-09-06,2818
c170,2026-09-11,2819
c246,2026-09-23,2820
c230,2026-09-04,2821
c151,2026-09-08,2822
c003,2026-09-17,2823
c236,2026-09-25,2824
c205,2026-09-22,2825
c036,2026-09-29,2826
c129,2026-09-20,2827
c047,2026-09-07,2828
c213,2026-09-16,2829
c165,2026-09-14,2830
c234,2026-09-09,2831
c115,2026-09-04,2832
c020,2026-09-13,2833
c207,2026-09-10,2834
c017,2026-09-09,2835
c273,2026-09-02,2836
c187,2026-09-02,2837
c240,2026-09-18,2838
c093,2026-09-13,2839
c215,2026-09-22,2840
c202,2026-09-05,2841
c014,2026-09-08,2842
c244,2026-09-16,2843
c074,2026-09-02,2844
c220,2026-09-09,2845
c262,2026-09-23,2846
c133,2026-09-19,2847
c251,2026-09-21,2848
c288,2026-09-10,2849
c197,2026-09-10,2850
c092,2026-09-19,2851
c288,2026-09-08,2852
c197,2026-09-08,2853
c049,2026-09-06,2854
c074,2026-09-16,2855
c126,2026-09-25,2856
c239,2026-09-27,2857
c165,2026-09-18,2858
c180,2026-09-21,2859
c211,2026-09-29,2860
c051,2026-09-18,2861
c247,2026-09-15,2862
c205,2026-09-09,2863
c262,2026-09-20,2864
c276,2026-09-11,2865
c010,2026-09-18,2866
c237,2026-09-18,2867
c180,2026-09-22,2868
c180,2026-09-29,2869
c112,2026-09-30,2870
c293,2026-09-28,2871
c164,2026-09-04,2872
c088,2026-09-13,2873
c214,2026-09-01,2874
c044,2026-09-07,2875
c157,2026-09-07,2876
c156,2026-09-19,2877
c154,2026-09-21,2878
c263,2026-09-10,2879
c071,2026-09-08,2880
c293,2026-09-19,2881
c122,2026-09-30,2882
c204,2026-09-10,2883
c133,2026-09-14,2884
c111,2026-09-14,2885
c132,2026-09-08,2886
c282,2026-09-04,2887
c194,2026-09-12,2888
c117,2026-09-25,2889
c213,2026-09-01,2890
c150,2026-09-13,2891
c015,2026-09-06,2892
c240,2026-09-11,2893
c156,2026-09-22,2894
c201,2026-09-30,2895
c223,2026-09-11,2896
c115,2026-09-23,2897
c086,2026-09-06,2898
c215,2026-09-03,2899
c092,2026-09-10,2900
c102,2026-09-13,2901
c230,2026-09-19,2902
c074,2026-09-17,2903
c121,2026-09-22,2904
c221,2026-09-20,2905
c229,2026-09-05,2906
c222,2026-09-08,2907
c063,2026-09-29,2908
c227,2026-09-27,2909
c164,2026-09-19,2910
c103,2026-09-25,2911
c231,2026-09-05,2912
c141,2026-09-15,2913
c163,2026-09-02,2914
c148,2026-09-05,2915
c227,2026-09-14,2916
c225,2026-09-16,2917
c024,2026-09-25,2918
c261,2026-09-15,2919
c082,2026-09-26,2920
c189,2026-09-06,2921
c034,2026-09-26,2922
c011,2026-09-12,2923
c037,2026-09-07,2924
c055,2026-09-24,2925
c122,2026-09-07,2926
c183,2026-09-09,2927
c176,2026-09-12,2928
c240,2026-09-12,2929
c012,2026-09-16,2930
c240,2026-09-10,2931
c178,2026-09-04,2932
c204,2026-09-13,2933
c120,2026-09-11,2934
c242,2026-09-19,2935
c296,2026-09-13,2936
c187,2026-09-19,2937
c021,2026-09-28,2938
c142,2026-09-27,2939
c171,2026-09-06,2940
c028,2026-09-17,2941
c189,2026-09-25,2942
c288,2026-09-26,2943
c219,2026-09-10,2944
c252,2026-09-22,2945
c282,2026-09-30,2946
c190,2026-09-28,2947
c043,2026-09-07,2948
c066,2026-09-24,2949
c259,2026-09-06,2950
c076,2026-09-10,2951
c120,2026-09-28,2952
c227,2026-09-07,2953
c225,2026-09-19,2954
c163,2026-09-19,2955
c221,2026-09-15,2956
c017,2026-09-20,2957
c088,2026-09-12,2958
c133,2026-09-22,2959
c056,2026-09-20,2960
c037,2026-09-04,2961
c243,2026-09-12,2962
c238,2026-09-04,2963
c239,2026-09-20,2964
c282,2026-09-23,2965
c150,2026-09-23,2966
c094,2026-09-23,2967
c209,2026-09-27,2968
c214,2026-09-30,2969
c159,2026-09-12,2970
c009,2026-09-16,2971
c213,2026-09-20,2972
c262,2026-09-29,2973
c277,2026-09-10,2974
c202,2026-09-26,2975
c198,2026-09-27,2976
c132,2026-09-03,2977
c020,2026-09-12,2978
c008,2026-09-30,2979
c043,2026-09-19,2980
c038,2026-09-30,2981
c082,2026-09-27,2982
c285,2026-09-03,2983
c298,2026-09-16,2984
c174,2026-09-29,2985
c072,2026-09-25,2986
c014,2026-09-07,2987
c012,2026-09-07,2988
c284,2026-09-15,2989
c190,2026-09-02,2990
c266,2026-09-01,2991
c298,2026-09-10,2992
c226,2026-09-12,2993
c211,2026-09-13,2994
c262,2026-09-20,2995
c083,2026-09-20,2996
c092,2026-09-05,2997
c300,2026-09-12,2998
c234,2026-09-11,2999
c226,2026-09-12,3000
c139,2026-09-23,3001
c183,2026-09-17,3002
c174,2026-09-24,3003
c159,2026-09-12,3004
c243,2026-09-18,3005
c154,2026-09-14,3006
c003,2026-09-28,3007
c218,2026-09-22,3008
c176,2026-09-12,3009
c201,2026-09-29,3010
c247,2026-09-19,3011
c170,2026-09-16,3012
c178,2026-09-01,3013
c088,2026-09-09,3014
c131,2026-09-08,3015
c040,2026-09-27,3016
c043,2026-09-05,3017
c296,2026-09-08,3018
c180,2026-09-05,3019
c201,2026-09-08,3020
c171,2026-09-23,3021
c142,2026-09-16,3022
c040,2026-09-22,3023
c284,2026-09-03,3024
c279,2026-09-27,3025
c069,2026-09-29,3026
c160,2026-09-26,3027
c183,2026-09-14,3028
c258,2026-09-25,3029
c211,2026-09-27,3030
c082,2026-09-13,3031
c064,2026-09-26,3032
c201,2026-09-07,3033
c206,2026-09-23,3034
c030,2026-09-19,3035
c166,2026-09-21,3036
c171,2026-09-01,3037
c022,2026-09-07,3038
c255,2026-09-20,3039
c203,2026-09-30,3040
c252,2026-09-29,3041
c204,2026-09-13,3042
c010,2026-09-28,3043
c006,2026-09-07,3044
c003,2026-09-14,3045
c290,2026-09-06,3046
c155,2026-09-01,3047
c287,2026-09-05,3048
c110,2026-09-08,3049
c092,2026-09-18,3050
c163,2026-09-18,3051
c265,2026-09-29,3052
c017,2026-09-12,3053
c047,2026-09-25,3054
c074,2026-09-01,3055
c215,2026-09-15,3056
c286,2026-09-23,3057
c246,2026-09-19,3058
c102,2026-09-14,3059
c115,2026-09-01,3060
c189,2026-09-30,3061
c035,2026-09-28,3062
c061,2026-09-07,3063
c214,2026-09-14,3064
c157,2026-09-17,3065
c061,2026-09-12,3066
c188,2026-09-06,3067
c083,2026-09-01,3068
c285,2026-09-26,3069
c285,2026-09-29,3070
c178,2026-09-27,3071
c044,2026-09-05,3072
c281,2026-09-30,3073
c006,2026-09-11,3074
c021,2026-09-03,3075
c074,2026-09-14,3076
c178,2026-09-13,3077
c271,2026-09-17,3078
c042,2026-09-07,3079
c242,2026-09-01,3080
c083,2026-09-10,3081
c120,2026-09-27,3082
c020,2026-09-08,3083
c285,2026-09-23,3084
c159,2026-09-13,3085
c174,2026-09-29,3086
c058,2026-09-13,3087
c235,2026-09-06,3088
c022,2026-09-13,3089
c088,2026-09-18,3090
c261,2026-09-09,3091
c155,2026-09-12,3092
c036,2026-09-12,3093
c170,2026-09-26,3094
c201,2026-09-27,3095
c244,2026-09-12,3096
c164,2026-09-05,3097
c190,2026-09-13,3098
c034,2026-09-10,3099
c034,2026-09-03,3100
c184,2026-09-22,3101
c227,2026-09-23,3102
c285,2026-09-15,3103
c244,2026-09-08,3104
c176,2026-09-15,3105
c170,2026-09-09,3106
c278,2026-09-16,3107
c018,2026-09-20,3108
c276,2026-09-05,3109
c215,2026-09-27,3110
c008,2026-09-26,3111
c184,2026-09-20,3112
c214,2026-09-21,3113
c254,2026-09-28,3114
c138,2026-09-20,3115
c129,2026-09-26,3116
c261,2026-09-18,3117
c173,2026-09-23,3118
c151,2026-09-10,3119
c236,2026-09-20,3120
c156,2026-09-29,3121
c031,2026-09-18,3122
c083,2026-09-20,3123
c133,2026-09-29,3124
c206,2026-09-02,3125
c299,2026-09-26,3126
c244,2026-09-04,3127
c276,2026-09-28,3128
c035,2026-09-30,3129
c081,2026-09-06,3130
c264,2026-09-20,3131
c071,2026-09-07,3132
c171,2026-09-02,3133
c282,2026-09-12,3134
c093,2026-09-20,3135
c066,2026-09-21,3136
c044,2026-09-18,3137
c204,2026-09-02,3138
c259,2026-09-09,3139
c273,2026-09-26,3140
c289,2026-09-11,3141
c061,2026-09-04,3142
c111,2026-09-13,3143
c114,2026-09-27,3144
c157,2026-09-29,3145
c192,2026-09-11,3146
c170,2026-09-09,3147
c038,2026-09-27,3148
c210,2026-09-09,3149
c111,2026-09-01,3150
c071,2026-09-12,3151
c153,2026-09-27,3152
c034,2026-09-21,3153
c117,2026-09-12,3154
c218,2026-09-05,3155
c115,2026-09-05,3156
c192,2026-09-04,3157
c223,2026-09-22,3158
c045,2026-09-20,3159
c271,2026-09-29,3160
c281,2026-09-10,3161
c114,2026-09-23,3162
c236,2026-09-30,3163
c150,2026-09-10,3164
c064,2026-09-12,3165
c066,2026-09-24,3166
c170,2026-09-09,3167
c119,2026-09-27,3168
c039,2026-09-04,3169
c227,2026-09-09,3170
c211,2026-09-25,3171
c291,2026-09-06,3172
c226,2026-09-01,3173
c178,2026-09-20,3174
c108,2026-09-13,3175
c218,2026-09-20,3176
c017,2026-09-07,3177
c261,2026-09-13,3178
c186,2026-09-04,3179
c239,2026-09-15,3180
c097,2026-09-27,3181
c239,2026-09-09,3182
c158,2026-09-19,3183
c222,2026-09-23,3184
c033,2026-09-07,3185
c020,2026-09-18,3186
c049,2026-09-09,3187
c177,2026-09-11,3188
c133,2026-09-19,3189
c075,2026-09-08,3190
c060,2026-09-25,3191
c197,2026-09-29,3192
c153,2026-09-18,3193
c262,2026-09-24,3194
c039,2026-09-25,3195
c179,2026-09-24,3196
c267,2026-09-09,3197
c003,2026-09-13,3198
c225,2026-09-24,3199
c298,2026-09-23,3200
c283,2026-09-17,3201
c074,2026-09-23,3202
c195,2026-09-08,3203
c282,2026-09-13,3204
c083,2026-09-21,3205
c236,2026-09-19,3206
c170,2026-09-03,3207
c272,2026-09-08,3208
c188,2026-09-18,3209
c037,2026-09-15,3210
c240,2026-09-15,3211
c074,2026-09-12,3212
c186,2026-09-12,3213
c270,2026-09-05,3214
c118,2026-09-30,3215
c202,2026-09-05,3216
c286,2026-09-06,3217
c298,2026-09-09,3218
c090,2026-09-03,3219
c129,2026-09-02,3220
c220,2026-09-04,3221
c187,2026-09-27,3222
c299,2026-09-01,3223
c180,2026-09-29,3224
c276,2026-09-28,3225
c285,2026-09-10,3226
c141,2026-09-05,3227
c168,2026-09-21,3228
c254,2026-09-30,3229
c214,2026-09-17,3230
c244,2026-09-07,3231
c139,2026-09-20,3232
c180,2026-09-09,3233
c234,2026-09-16,3234
c076,2026-09-17,3235
c003,2026-09-12,3236
c060,2026-09-30,3237
c246,2026-09-08,3238
c142,2026-09-08,3239
c062,2026-09-13,3240
c157,2026-09-03,3241
c215,2026-09-28,3242
c261,2026-09-08,3243
c129,2026-09-29,3244
c214,2026-09-09,3245
c202,2026-09-03,3246
c291,2026-09-05,3247
c234,2026-09-29,3248
c126,2026-09-09,3249
c197,2026-09-11,3250
c014,2026-09-21,3251
c040,2026-09-19,3252
c220,2026-09-16,3253
c069,2026-09-08,3254
c275,2026-09-10,3255
c202,2026-09-26,3256
c197,2026-09-14,3257
c142,2026-09-25,3258
c294,2026-09-05,3259
c181,2026-09-12,3260
c171,2026-09-06,3261
c157,2026-09-14,3262
c142,2026-09-17,3263
c171,2026-09-04,3264
c071,2026-09-11,3265
c238,2026-09-05,3266
c201,2026-09-25,3267
c030,2026-09-28,3268
c120,2026-09-16,3269
c244,2026-09-15,3270
c166,2026-09-22,3271
c144,2026-09-11,3272
c038,2026-09-09,3273
c017,2026-09-19,3274
c240,2026-09-16,3275
c298,2026-09-28,3276
c230,2026-09-08,3277
c013,2026-09-14,3278
c261,2026-09-22,3279
c139,2026-09-06,3280
c118,2026-09-10,3281
c131,2026-09-02,3282
c264,2026-09-29,3283
c284,2026-09-12,3284
c202,2026-09-15,3285
c046,2026-09-04,3286
c038,2026-09-03,3287
c046,2026-09-27,3288
c045,2026-09-28,3289
c265,2026-09-20,3290
c213,2026-09-20,3291
c156,2026-09-06,3292
c236,2026-09-26,3293
c285,2026-09-18,3294
c187,2026-09-15,3295
c089,2026-09-23,3296
c248,2026-09-16,3297
c100,2026-09-15,3298
c169,2026-09-24,3299
c218,2026-09-01,3300
c050,2026-09-05,3301
c182,2026-09-19,3302
c227,2026-09-21,3303
c258,2026-09-24,3304
c151,2026-09-07,3305
c043,2026-09-03,3306
c203,2026-09-30,3307
c081,2026-09-16,3308
c038,2026-09-03,3309
c265,2026-09-15,3310
c155,2026-09-22,3311
c044,2026-09-14,3312
c017,2026-09-01,3313
c268,2026-09-05,3314
c244,2026-09-16,3315
c239,2026-09-29,3316
c209,2026-09-13,3317
c296,2026-09-28,3318
c183,2026-09-02,3319
c282,2026-09-30,3320
c092,2026-09-18,3321
c211,2026-09-15,3322
c115,2026-09-22,3323
c006,2026-09-27,3324
c150,2026-09-19,3325
c038,2026-09-23,3326
c279,2026-09-28,3327
c040,2026-09-12,3328
c021,2026-09-08,3329
c118,2026-09-10,3330
c117,2026-09-21,3331
c124,2026-09-29,3332
c239,2026-09-27,3333
c071,2026-09-23,3334
c075,2026-09-09,3335
c265,2026-09-05,3336
c273,2026-09-07,3337
c063,2026-09-08,3338
c196,2026-09-29,3339
c239,2026-09-21,3340
c155,2026-09-09,3341
c170,2026-09-28,3342
c090,2026-09-14,3343
c058,2026-09-08,3344
c133,2026-09-10,3345
c245,2026-09-16,3346
c141,2026-09-16,3347
c261,2026-09-19,3348
c287,2026-09-24,3349
c052,2026-09-12,3350
c095,2026-09-30,3351
c284,2026-09-13,3352
c236,2026-09-22,3353
c047,2026-09-27,3354
c031,2026-09-18,3355
c231,2026-09-20,3356
c014,2026-09-05,3357
c286,2026-09-29,3358
c072,2026-09-11,3359
c250,2026-09-28,3360
c089,2026-09-07,3361
c211,2026-09-23,3362
c182,2026-09-11,3363
c279,2026-09-22,3364
c201,2026-09-29,3365
c142,2026-09-27,3366
c066,2026-09-12,3367
c276,2026-09-10,3368
c187,2026-09-14,3369
c087,2026-09-07,3370
c012,2026-09-30,3371
c240,2026-09-27,3372
c052,2026-09-09,3373
c152,2026-09-06,3374
c126,2026-09-23,3375
c244,2026-09-08,3376
c176,2026-09-03,3377
c190,2026-09-27,3378
c144,2026-09-21,3379
c206,2026-09-08,3380
c077,2026-09-04,3381
c008,2026-09-03,3382
c288,2026-09-23,3383
c245,2026-09-18,3384
c263,2026-09-06,3385
c219,2026-09-22,3386
c079,2026-09-10,3387
c124,2026-09-30,3388
c155,2026-09-01,3389
c051,2026-09-18,3390
c037,2026-09-04,3391
c271,2026-09-18,3392
c176,2026-09-14,3393
c178,2026-09-02,3394
c104,2026-09-13,3395
c074,2026-09-03,3396
c226,2026-09-15,3397
c035,2026-09-13,3398
c154,2026-09-24,3399
c178,2026-09-30,3400
c267,2026-09-14,3401
c182,2026-09-25,3402
c050,2026-09-23,3403
c281,2026-09-29,3404
c028,2026-09-14,3405
c003,2026-09-01,3406
c168,2026-09-11,3407
c254,2026-09-15,3408
c171,2026-09-26,3409
c268,2026-09-20,3410
c085,2026-09-05,3411
c143,2026-09-22,3412
c082,2026-09-29,3413
c239,2026-09-09,3414
c032,2026-09-26,3415
c039,2026-09-03,3416
c201,2026-09-06,3417
c045,2026-09-28,3418
c118,2026-09-05,3419
c285,2026-09-26,3420
c286,2026-09-07,3421
c095,2026-09-14,3422
c203,2026-09-05,3423
c158,2026-09-15,3424
c215,2026-09-05,3425
c051,2026-09-12,3426
c213,2026-09-18,3427
c266,2026-09-08,3428
c064,2026-09-19,3429
c228,2026-09-14,3430
c287,2026-09-05,3431
c122,2026-09-20,3432
c085,2026-09-09,3433
c150,2026-09-08,3434
c177,2026-09-10,3435
c203,2026-09-17,3436
c284,2026-09-27,3437
c036,2026-09-21,3438
c125,2026-09-28,3439
c267,2026-09-23,3440
c266,2026-09-11,3441
c114,2026-09-11,3442
c288,2026-09-06,3443
c164,2026-09-01,3444
c155,2026-09-18,3445
c286,2026-09-30,3446
c006,2026-09-16,3447
c187,2026-09-29,3448
c265,2026-09-04,3449
c155,2026-09-20,3450
c028,2026-09-01,3451
c184,2026-09-28,3452
c282,2026-09-05,3453
c132,2026-09-29,3454
c285,2026-09-15,3455
c109,2026-09-15,3456
c192,2026-09-15,3457
c239,2026-09-13,3458
c052,2026-09-06,3459
c245,2026-09-11,3460
c250,2026-09-15,3461
c268,2026-09-30,3462
c108,2026-09-18,3463
c069,2026-09-21,3464
c243,2026-09-10,3465
c092,2026-09-29,3466
c236,2026-09-25,3467
c154,2026-09-12,3468
c245,2026-09-28,3469
c003,2026-09-16,3470
c164,2026-09-25,3471
c102,2026-09-24,3472
c157,2026-09-29,3473
c045,2026-09-24,3474
c048,2026-09-18,3475
c049,2026-09-27,3476
c227,2026-09-10,3477
c063,2026-09-21,3478
c036,2026-09-24,3479
c215,2026-09-13,3480
c046,2026-09-23,3481
c062,2026-09-29,3482
c215,2026-09-12,3483
c137,2026-09-28,3484
c165,2026-09-29,3485
c178,2026-09-13,3486
c042,2026-09-20,3487
c063,2026-09-16,3488
c179,2026-09-16,3489
c139,2026-09-03,3490
c133,2026-09-09,3491
c003,2026-09-29,3492
c153,2026-09-11,3493
c230,2026-09-30,3494
c045,2026-09-08,3495
c129,2026-09-11,3496
c192,2026-09-17,3497
c245,2026-09-02,3498
c251,2026-09-22,3499
c068,2026-09-07,3500
c252,2026-09-13,3501
c151,2026-09-07,3502
c229,2026-09-29,3503
c088,2026-09-25,3504
c082,2026-09-05,3505
c049,2026-09-28,3506
c250,2026-09-18,3507
c268,2026-09-04,3508
c266,2026-09-21,3509
c082,2026-09-10,3510
c182,2026-09-07,3511
c227,2026-09-23,3512
c212,2026-09-23,3513
c027,2026-09-14,3514
c027,2026-09-08,3515
c207,2026-09-15,3516
c267,2026-09-13,3517
c111,2026-09-14,3518
c186,2026-09-20,3519
c017,2026-09-02,3520
c143,2026-09-30,3521
c236,2026-09-15,3522
c024,2026-09-19,3523
c148,2026-09-26,3524
c008,2026-09-12,3525
c239,2026-09-06,3526
c237,2026-09-11,3527
c164,2026-09-29,3528
c129,2026-09-24,3529
c254,2026-09-14,3530
c275,2026-09-02,3531
c072,2026-09-11,3532
c157,2026-09-19,3533
c027,2026-09-05,3534
c070,2026-09-30,3535
c002,2026-09-02,3536
c013,2026-09-29,3537
c087,2026-09-13,3538
c178,2026-09-29,3539
c230,2026-09-14,3540
c071,2026-09-28,3541
c167,2026-09-08,3542
c071,2026-09-03,3543
c266,2026-09-12,3544
c126,2026-09-22,3545
c188,2026-09-23,3546
c291,2026-09-06,3547
c148,2026-09-29,3548
c133,2026-09-20,3549
c189,2026-09-27,3550
c160,2026-09-09,3551
c114,2026-09-25,3552
c258,2026-09-18,3553
c240,2026-09-05,3554
c221,2026-09-05,3555
c069,2026-09-15,3556
c044,2026-09-24,3557
c050,2026-09-14,3558
c284,2026-09-29,3559
c195,2026-09-25,3560
c133,2026-09-21,3561
c218,2026-09-25,3562
c219,2026-09-23,3563
c160,2026-09-25,3564
c011,2026-09-17,3565
c196,2026-09-06,3566
c103,2026-09-02,3567
c095,2026-09-22,3568
c072,2026-09-23,3569
c064,2026-09-16,3570
c195,2026-09-09,3571
c232,2026-09-21,3572
c068,2026-09-12,3573
c155,2026-09-03,3574
c266,2026-09-27,3575
c242,2026-09-03,3576
c183,2026-09-09,3577
c036,2026-09-25,3578
c153,2026-09-22,3579
c190,2026-09-18,3580
c223,2026-09-08,3581
c242,2026-09-16,3582
c044,2026-09-20,3583
c016,2026-09-19,3584
c189,2026-09-20,3585
c212,2026-09-19,3586
c003,2026-09-01,3587
c044,2026-09-03,3588
c157,2026-09-25,3589
c284,2026-09-08,3590
c114,2026-09-05,3591
c259,2026-09-04,3592
c188,2026-09-18,3593
c160,2026-09-16,3594
c231,2026-09-28,3595
c250,2026-09-27,3596
c148,2026-09-20,3597
c258,2026-09-06,3598
c272,2026-09-18,3599
c152,2026-09-17,3600
c286,2026-09-27,3601
c265,2026-09-24,3602
c118,2026-09-17,3603
c218,2026-09-23,3604
c156,2026-09-24,3605
c034,2026-09-16,3606
c132,2026-09-20,3607
c013,2026-09-10,3608
c053,2026-09-24,3609
c080,2026-09-06,3610
c221,2026-09-01,3611
c139,2026-09-07,3612
c114,2026-09-29,3613
c050,2026-09-16,3614
c102,2026-09-08,3615
c246,2026-09-20,3616
c254,2026-09-26,3617
c067,2026-09-28,3618
c277,2026-09-26,3619
c259,2026-09-17,3620
c285,2026-09-22,3621
c150,2026-09-27,3622
c068,2026-09-03,3623
c188,2026-09-19,3624
c125,2026-09-20,3625
c203,2026-09-21,3626
c126,2026-09-28,3627
c154,2026-09-19,3628
c078,2026-09-01,3629
c279,2026-09-22,3630
c127,2026-09-04,3631
c245,2026-09-22,3632
c254,2026-09-12,3633
c063,2026-09-20,3634
c213,2026-09-15,3635
c261,2026-09-13,3636
c066,2026-09-06,3637
c267,2026-09-16,3638
c214,2026-09-16,3639
c239,2026-09-26,3640
c069,2026-09-06,3641
c234,2026-09-20,3642
c144,2026-09-20,3643
c229,2026-09-02,3644
c281,2026-09-10,3645
c215,2026-09-25,3646
c073,2026-09-12,3647
c176,2026-09-22,3648
c298,2026-09-13,3649
c012,2026-09-23,3650
c108,2026-09-04,3651
c209,2026-09-14,3652
c054,2026-09-19,3653
c008,2026-09-18,3654
c156,2026-09-28,3655
c255,2026-09-30,3656
c095,2026-09-16,3657
c124,2026-09-11,3658
c179,2026-09-11,3659
c168,2026-09-03,3660
c060,2026-09-18,3661
c042,2026-09-20,3662
c027,2026-09-24,3663
c109,2026-09-21,3664
c110,2026-09-28,3665
c221,2026-09-27,3666
c262,2026-09-09,3667
c076,2026-09-19,3668
c222,2026-09-22,3669
c039,2026-09-13,3670
c157,2026-09-16,3671
c076,2026-09-27,3672
c102,2026-09-16,3673
c258,2026-09-24,3674
c289,2026-09-07,3675
c120,2026-09-13,3676
c033,2026-09-18,3677
c204,2026-09-24,3678
c086,2026-09-19,3679
c006,2026-09-24,3680
c234,2026-09-16,3681
c171,2026-09-11,3682
c081,2026-09-19,3683
c210,2026-09-13,3684
c074,2026-09-10,3685
c220,2026-09-16,3686
c051,2026-09-16,3687
c089,2026-09-14,3688
c008,2026-09-19,3689
c286,2026-09-14,3690
c024,2026-09-27,3691
c141,2026-09-20,3692
c082,2026-09-22,3693
c021,2026-09-11,3694
c098,2026-09-04,3695
c215,2026-09-26,3696
c176,2026-09-28,3697
c178,2026-09-04,3698
c133,2026-09-21,3699
c005,2026-09-18,3700
c115,2026-09-02,3701
c028,2026-09-28,3702
c278,2026-09-02,3703
c046,2026-09-26,3704
c202,2026-09-16,3705
c044,2026-09-02,3706
c038,2026-09-29,3707
c202,2026-09-07,3708
c156,2026-09-30,3709
c066,2026-09-22,3710
c201,2026-09-13,3711
c259,2026-09-15,3712
c244,2026-09-04,3713
c095,2026-09-18,3714
c219,2026-09-24,3715
c252,2026-09-18,3716
c272,2026-09-29,3717
c151,2026-09-07,3718
c129,2026-09-01,3719
c251,2026-09-20,3720
c216,2026-09-07,3721
c049,2026-09-01,3722
c209,2026-09-27,3723
c203,2026-09-27,3724
c178,2026-09-02,3725
c204,2026-09-18,3726
c262,2026-09-15,3727
c161,2026-09-24,3728
c211,2026-09-22,3729
c074,2026-09-07,3730
c024,2026-09-17,3731
c006,2026-09-16,3732
c105,2026-09-21,3733
c291,2026-09-20,3734
c020,2026-09-11,3735
c154,2026-09-22,3736
c124,2026-09-18,3737
c118,2026-09-30,3738
c284,2026-09-29,3739
c267,2026-09-15,3740
c127,2026-09-27,3741
c288,2026-09-13,3742
c071,2026-09-09,3743
c082,2026-09-18,3744
c244,2026-09-30,3745
c258,2026-09-14,3746
c082,2026-09-19,3747
c144,2026-09-30,3748
c016,2026-09-11,3749
c062,2026-09-10,3750
c124,2026-09-09,3751
c048,2026-09-23,3752
c189,2026-09-27,3753
c211,2026-09-25,3754
c102,2026-09-30,3755
c274,2026-09-24,3756
c034,2026-09-21,3757
c261,2026-09-25,3758
c057,2026-09-04,3759
c141,2026-09-10,3760
c183,2026-09-19,3761
c014,2026-09-09,3762
c214,2026-09-05,3763
c286,2026-09-01,3764
c087,2026-09-25,3765
c171,2026-09-04,3766
c151,2026-09-07,3767
c180,2026-09-09,3768
c164,2026-09-05,3769
c082,2026-09-16,3770
c268,2026-09-26,3771
c215,2026-09-19,3772
c247,2026-09-17,3773
c272,2026-09-04,3774
c087,2026-09-11,3775
c203,2026-09-19,3776
c183,2026-09-05,3777
c148,2026-09-20,3778
c186,2026-09-03,3779
c220,2026-09-01,3780
c296,2026-09-05,3781
c017,2026-09-30,3782
c103,2026-09-12,3783
c163,2026-09-10,3784
c017,2026-09-24,3785
c245,2026-09-01,3786
c151,2026-09-11,3787
c093,2026-09-23,3788
c092,2026-09-16,3789
c220,2026-09-05,3790
c202,2026-09-21,3791
c231,2026-09-05,3792
c214,2026-09-15,3793
c083,2026-09-08,3794
c236,2026-09-28,3795
c183,2026-09-01,3796
c083,2026-09-11,3797
c009,2026-09-04,3798
c294,2026-09-10,3799
c236,2026-09-27,3800
c249,2026-09-24,3801
c223,2026-09-03,3802
c296,2026-09-15,3803
c009,2026-09-04,3804
c265,2026-09-07,3805
c296,2026-09-22,3806
c052,2026-09-04,3807
c006,2026-09-16,3808
c172,2026-09-09,3809
c019,2026-09-15,3810
c006,2026-09-03,3811
c281,2026-09-12,3812
c273,2026-09-10,3813
c254,2026-09-01,3814
c122,2026-09-03,3815
c165,2026-09-22,3816
c064,2026-09-28,3817
c275,2026-09-29,3818
c144,2026-09-24,3819
c259,2026-09-03,3820
c259,2026-09-17,3821
c266,2026-09-08,3822
c266,2026-09-30,3823
c047,2026-09-10,3824
c142,2026-09-06,3825
c170,2026-09-08,3826
c023,2026-09-03,3827
c285,2026-09-15,3828
c272,2026-09-21,3829
c286,2026-09-04,3830
c240,2026-09-28,3831
c221,2026-09-05,3832
c190,2026-09-01,3833
c292,2026-09-19,3834
c267,2026-09-29,3835
c067,2026-09-09,3836
c202,2026-09-03,3837
c197,2026-09-16,3838
c179,2026-09-12,3839
c132,2026-09-07,3840
c070,2026-09-03,3841
c270,2026-09-19,3842
c080,2026-09-06,3843
c159,2026-09-13,3844
c176,2026-09-03,3845
c163,2026-09-06,3846
c075,2026-09-30,3847
c020,2026-09-24,3848
c248,2026-09-17,3849
c166,2026-09-14,3850
c155,2026-09-06,3851
c295,2026-09-02,3852
c096,2026-09-21,3853
c062,2026-09-17,3854
c139,2026-09-29,3855
c211,2026-09-24,3856
c144,2026-09-29,3857
c266,2026-09-19,3858
c243,2026-09-04,3859
c104,2026-09-02,3860
c138,2026-09-16,3861
c075,2026-09-27,3862
c133,2026-09-28,3863
c265,2026-09-22,3864
c183,2026-09-04,3865
c203,2026-09-23,3866
c113,2026-09-23,3867
c013,2026-09-23,3868
c268,2026-09-17,3869
c285,2026-09-03,3870
c108,2026-09-27,3871
c170,2026-09-30,3872
c173,2026-09-13,3873
c183,2026-09-17,3874
c189,2026-09-20,3875
c291,2026-09-25,3876
c190,2026-09-21,3877
c068,2026-09-27,3878
c103,2026-09-12,3879
c048,2026-09-13,3880
c244,2026-09-17,3881
c037,2026-09-06,3882
c158,2026-09-16,3883
c148,2026-09-13,3884
c133,2026-09-17,3885
c171,2026-09-27,3886
c243,2026-09-13,3887
c095,2026-09-03,3888
c034,2026-09-19,3889
c300,2026-09-17,3890
c042,2026-09-19,3891
c157,2026-09-06,3892
c247,2026-09-22,3893
c213,2026-09-08,3894
c043,2026-09-08,3895
c220,2026-09-02,3896
c180,2026-09-07,3897
c159,2026-09-17,3898
c242,2026-09-18,3899
c295,2026-09-25,3900
c180,2026-09-24,3901
c178,2026-09-01,3902
c286,2026-09-18,3903
c215,2026-09-28,3904
c213,2026-09-02,3905
c011,2026-09-25,3906
c164,2026-09-08,3907
c170,2026-09-09,3908
c284,2026-09-24,3909
c211,2026-09-08,3910
c048,2026-09-29,3911
c203,2026-09-21,3912
c132,2026-09-15,3913
c048,2026-09-01,3914
c024,2026-09-14,3915
c202,2026-09-22,3916
c202,2026-09-04,3917
c048,2026-09-06,3918
c219,2026-09-23,3919
c282,2026-09-11,3920
c090,2026-09-01,3921
c035,2026-09-20,3922
c164,2026-09-12,3923
c170,2026-09-19,3924
c226,2026-09-28,3925
c177,2026-09-12,3926
c278,2026-09-01,3927
c080,2026-09-27,3928
c178,2026-09-05,3929
c244,2026-09-08,3930
c272,2026-09-29,3931
c039,2026-09-24,3932
c266,2026-09-10,3933
c093,2026-09-11,3934
c139,2026-09-14,3935
c046,2026-09-17,3936
c239,2026-09-25,3937
c265,2026-09-21,3938
c184,2026-09-15,3939
c060,2026-09-15,3940
c236,2026-09-04,3941
c239,2026-09-12,3942
c086,2026-09-30,3943
c201,2026-09-19,3944
c014,2026-09-23,3945
c009,2026-09-18,3946
c035,2026-09-19,3947
c020,2026-09-28,3948
c074,2026-09-14,3949
c136,2026-09-14,3950
c196,2026-09-21,3951
c102,2026-09-27,3952
c070,2026-09-20,3953
c008,2026-09-18,3954
c061,2026-09-17,3955
c166,2026-09-18,3956
c061,2026-09-23,3957
c008,2026-09-12,3958
c267,2026-09-26,3959
c162,2026-09-12,3960
c039,2026-09-15,3961
c133,2026-09-24,3962
c093,2026-09-28,3963
c129,2026-09-24,3964
c265,2026-09-23,3965
c086,2026-09-11,3966
c248,2026-09-24,3967
c051,2026-09-22,3968
c223,2026-09-27,3969
c204,2026-09-30,3970
c097,2026-09-19,3971
c033,2026-09-05,3972
c150,2026-09-02,3973
c088,2026-09-03,3974
c299,2026-09-19,3975
c187,2026-09-02,3976
c287,2026-09-22,3977
c294,2026-09-24,3978
c024,2026-09-28,3979
c133,2026-09-09,3980
c053,2026-09-15,3981
c024,2026-09-24,3982
c190,2026-09-03,3983
c271,2026-09-07,3984
c129,2026-09-19,3985
c157,2026-09-13,3986
c182,2026-09-01,3987
c211,2026-09-16,3988
c082,2026-09-13,3989
c230,2026-09-16,3990
c197,2026-09-07,3991
c293,2026-09-08,3992
c292,2026-09-11,3993
c132,2026-09-05,3994
c207,2026-09-01,3995
c229,2026-09-23,3996
c047,2026-09-11,3997
c088,2026-09-10,3998
c266,2026-09-11,3999
c066,2026-09-25,4000
c214,2026-09-12,4001
c240,2026-09-24,4002
c219,2026-09-27,4003
c141,2026-09-19,4004
c118,2026-09-15,4005
c100,2026-09-07,4006
c296,2026-09-15,4007
c064,2026-09-14,4008
c257,2026-09-28,4009
c009,2026-09-19,4010
c231,2026-09-02,4011
c271,2026-09-18,4012
c186,2026-09-10,4013
c286,2026-09-28,4014
c285,2026-09-04,4015
c063,2026-09-13,4016
c008,2026-09-09,4017
c017,2026-09-11,4018
c017,2026-09-01,4019
c215,2026-09-28,4020
c153,2026-09-15,4021
c044,2026-09-10,4022
c139,2026-09-12,4023
c047,2026-09-03,4024
c247,2026-09-04,4025
c194,2026-09-21,4026
c127,2026-09-21,4027
c074,2026-09-29,4028
c129,2026-09-25,4029
c110,2026-09-25,4030
c054,2026-09-08,4031
c246,2026-09-03,4032
c234,2026-09-15,4033
c298,2026-09-19,4034
c095,2026-09-18,4035
c092,2026-09-17,4036
c176,2026-09-09,4037
c024,2026-09-28,4038
c208,2026-09-06,4039
c263,2026-09-28,4040
c226,2026-09-28,4041
c189,2026-09-11,4042
c221,2026-09-29,4043
c239,2026-09-12,4044
c296,2026-09-11,4045
c073,2026-09-19,4046
c275,2026-09-21,4047
c243,2026-09-18,4048
c012,2026-09-12,4049
c234,2026-09-30,4050
c132,2026-09-09,4051
c095,2026-09-08,4052
c204,2026-09-03,4053
c213,2026-09-14,4054
c209,2026-09-28,4055
c185,2026-09-08,4056
c232,2026-09-15,4057
c002,2026-09-03,4058
c226,2026-09-19,4059
c160,2026-09-06,4060
c177,2026-09-11,4061
c118,2026-09-17,4062
c017,2026-09-14,4063
c246,2026-09-30,4064
c089,2026-09-25,4065
c138,2026-09-24,4066
c103,2026-09-13,4067
c013,2026-09-30,4068
c090,2026-09-06,4069
c017,2026-09-28,4070
c274,2026-09-14,4071
c266,2026-09-14,4072
c242,2026-09-04,4073
c281,2026-09-28,4074
c107,2026-09-05,4075
c054,2026-09-05,4076
c062,2026-09-12,4077
c281,2026-09-20,4078
c194,2026-09-12,4079
c132,2026-09-04,4080
c058,2026-09-20,4081
c273,2026-09-17,4082
c218,2026-09-18,4083
c143,2026-09-30,4084
c188,2026-09-06,4085
c230,2026-09-21,4086
c131,2026-09-07,4087
c028,2026-09-09,4088
c008,2026-09-21,4089
c063,2026-09-03,4090
c118,2026-09-02,4091
c232,2026-09-19,4092
c284,2026-09-29,4093
c039,2026-09-20,4094
c188,2026-09-18,4095
c259,2026-09-14,4096
c034,2026-09-10,4097
c260,2026-09-11,4098
c020,2026-09-23,4099
c209,2026-09-25,4100
c113,2026-09-18,4101
c170,2026-09-20,4102
c024,2026-09-17,4103
c115,2026-09-18,4104
c154,2026-09-29,4105
c265,2026-09-14,4106
c124,2026-09-01,4107
c298,2026-09-11,4108
c153,2026-09-20,4109
c142,2026-09-14,4110
c038,2026-09-02,4111
c136,2026-09-04,4112
c282,2026-09-10,4113
c182,2026-09-26,4114
c036,2026-09-30,4115
c118,2026-09-21,4116
c181,2026-09-22,4117
c067,2026-09-23,4118
c198,2026-09-13,4119
c234,2026-09-21,4120
c181,2026-09-03,4121
c080,2026-09-04,4122
c086,2026-09-04,4123
c028,2026-09-09,4124
c153,2026-09-19,4125
c233,2026-09-01,4126
c161,2026-09-16,4127
c208,2026-09-07,4128
c169,2026-09-27,4129
c206,2026-09-19,4130
c257,2026-09-25,4131
c202,2026-09-11,4132
c150,2026-09-14,4133
c016,2026-09-08,4134
c171,2026-09-23,4135
c255,2026-09-10,4136
c069,2026-09-27,4137
c204,2026-09-16,4138
c033,2026-09-27,4139
c067,2026-09-25,4140
c152,2026-09-18,4141
c289,2026-09-21,4142
c197,2026-09-30,4143
c051,2026-09-19,4144
c199,2026-09-18,4145
c154,2026-09-09,4146
c197,2026-09-24,4147
c257,2026-09-17,4148
c223,2026-09-05,4149
c229,2026-09-28,4150
c096,2026-09-10,4151
c074,2026-09-21,4152
c299,2026-09-20,4153
c043,2026-09-23,4154
c262,2026-09-25,4155
c223,2026-09-08,4156
c081,2026-09-10,4157
c275,2026-09-27,4158
c290,2026-09-29,4159
c157,2026-09-24,4160
c214,2026-09-06,4161
c063,2026-09-13,4162
c207,2026-09-14,4163
c164,2026-09-19,4164
c288,2026-09-22,4165
c117,2026-09-22,4166
c075,2026-09-21,4167
c228,2026-09-09,4168
c003,2026-09-15,4169
c268,2026-09-26,4170
c116,2026-09-12,4171
c245,2026-09-14,4172
c099,2026-09-25,4173
c044,2026-09-17,4174
c151,2026-09-10,4175
c174,2026-09-19,4176
c232,2026-09-11,4177
c199,2026-09-03,4178
c159,2026-09-11,4179
c148,2026-09-25,4180
c219,2026-09-09,4181
c156,2026-09-05,4182
c100,2026-09-28,4183
c133,2026-09-02,4184
c035,2026-09-06,4185
c244,2026-09-18,4186
c218,2026-09-08,4187
c164,2026-09-28,4188
c053,2026-09-02,4189
c178,2026-09-27,4190
c225,2026-09-07,4191
c157,2026-09-05,4192
c155,2026-09-03,4193
c069,2026-09-07,4194
c024,2026-09-15,4195
c047,2026-09-19,4196
c141,2026-09-10,4197
c017,2026-09-18,4198
c096,2026-09-16,4199
c003,2026-09-27,4200
c278,2026-09-17,4201
c092,2026-09-15,4202
c204,2026-09-17,4203
c093,2026-09-17,4204
c273,2026-09-21,4205
c045,2026-09-28,4206
c278,2026-09-20,4207
c099,2026-09-07,4208
c223,2026-09-22,4209
c108,2026-09-17,4210
c028,2026-09-07,4211
c043,2026-09-24,4212
c193,2026-09-10,4213
c153,2026-09-24,4214
c124,2026-09-13,4215
c203,2026-09-06,4216
c265,2026-09-07,4217
c083,2026-09-04,4218
c299,2026-09-23,4219
c129,2026-09-29,4220
c276,2026-09-20,4221
c153,2026-09-19,4222
c034,2026-09-23,4223
c006,2026-09-01,4224
c259,2026-09-23,4225
c051,2026-09-24,4226
c103,2026-09-23,4227
c035,2026-09-19,4228
c178,2026-09-02,4229
c032,2026-09-02,4230
c248,2026-09-24,4231
c158,2026-09-25,4232
c268,2026-09-26,4233
c243,2026-09-29,4234
c044,2026-09-16,4235
c215,2026-09-09,4236
c240,2026-09-06,4237
c275,2026-09-03,4238
c174,2026-09-19,4239
c243,2026-09-14,4240
c271,2026-09-19,4241
c159,2026-09-26,4242
c293,2026-09-30,4243
c149,2026-09-06,4244
c156,2026-09-26,4245
c159,2026-09-07,4246
c153,2026-09-14,4247
c063,2026-09-08,4248
c118,2026-09-09,4249
c205,2026-09-14,4250
c164,2026-09-23,4251
c184,2026-09-15,4252
c131,2026-09-16,4253
c027,2026-09-04,4254
c136,2026-09-27,4255
c103,2026-09-07,4256
c214,2026-09-18,4257
c077,2026-09-03,4258
c122,2026-09-14,4259
c043,2026-09-12,4260
c226,2026-09-20,4261
c091,2026-09-15,4262
c282,2026-09-28,4263
c214,2026-09-01,4264
c089,2026-09-11,4265
c012,2026-09-02,4266
c184,2026-09-07,4267
c108,2026-09-24,4268
c174,2026-09-12,4269
c063,2026-09-23,4270
c136,2026-09-23,4271
c096,2026-09-18,4272
c095,2026-09-19,4273
c227,2026-09-09,4274
c295,2026-09-05,4275
c171,2026-09-23,4276
c056,2026-09-15,4277
c100,2026-09-11,4278
c064,2026-09-26,4279
c156,2026-09-25,4280
c143,2026-09-02,4281
c219,2026-09-22,4282
c003,2026-09-21,4283
c188,2026-09-03,4284
c135,2026-09-03,4285
c042,2026-09-25,4286
c053,2026-09-02,4287
c170,2026-09-08,4288
c171,2026-09-06,4289
c200,2026-09-29,4290
c230,2026-09-01,4291
c035,2026-09-07,4292
c036,2026-09-24,4293
c021,2026-09-02,4294
c129,2026-09-22,4295
c184,2026-09-09,4296
c237,2026-09-29,4297
c118,2026-09-07,4298
c210,2026-09-29,4299
c063,2026-09-18,4300
c084,2026-09-27,4301
c282,2026-09-19,4302
c284,2026-09-10,4303
c011,2026-09-09,4304
c062,2026-09-07,4305
c028,2026-09-13,4306
c238,2026-09-08,4307
c190,2026-09-30,4308
c279,2026-09-26,4309
c185,2026-09-05,4310
c076,2026-09-27,4311
c197,2026-09-12,4312
c048,2026-09-03,4313
c284,2026-09-27,4314
c122,2026-09-14,4315
c014,2026-09-25,4316
c118,2026-09-11,4317
c049,2026-09-16,4318
c093,2026-09-07,4319
c038,2026-09-23,4320
c141,2026-09-19,4321
c083,2026-09-02,4322
c087,2026-09-08,4323
c069,2026-09-30,4324
c092,2026-09-24,4325
c279,2026-09-06,4326
c006,2026-09-03,4327
c262,2026-09-19,4328
c033,2026-09-01,4329
c168,2026-09-03,4330
c060,2026-09-21,4331
c194,2026-09-10,4332
c177,2026-09-14,4333
c135,2026-09-15,4334
c174,2026-09-23,4335
c020,2026-09-29,4336
c288,2026-09-05,4337
c243,2026-09-22,4338
c111,2026-09-20,4339
c287,2026-09-09,4340
c141,2026-09-09,4341
c269,2026-09-03,4342
c170,2026-09-23,4343
c186,2026-09-04,4344
c042,2026-09-10,4345
c232,2026-09-27,4346
c077,2026-09-03,4347
c013,2026-09-13,4348
c244,2026-09-26,4349
c221,2026-09-21,4350
c236,2026-09-25,4351
c204,2026-09-17,4352
c233,2026-09-11,4353
c259,2026-09-02,4354
c266,2026-09-10,4355
c030,2026-09-01,4356
c259,2026-09-26,4357
c186,2026-09-08,4358
c286,2026-09-14,4359
c063,2026-09-29,4360
c122,2026-09-22,4361
c012,2026-09-27,4362
c034,2026-09-17,4363
c197,2026-09-03,4364
c204,2026-09-30,4365
c226,2026-09-12,4366
c080,2026-09-14,4367
c257,2026-09-01,4368
c279,2026-09-02,4369
c095,2026-09-20,4370
c291,2026-09-02,4371
c078,2026-09-17,4372
c020,2026-09-26,4373
c004,2026-09-16,4374
c100,2026-09-07,4375
c231,2026-09-15,4376
c158,2026-09-18,4377
c076,2026-09-18,4378
c294,2026-09-18,4379
c267,2026-09-24,4380
c081,2026-09-30,4381
c011,2026-09-02,4382
c199,2026-09-04,4383
c091,2026-09-18,4384
c069,2026-09-11,4385
c157,2026-09-04,4386
c126,2026-09-27,4387
c232,2026-09-01,4388
c159,2026-09-08,4389
c268,2026-09-27,4390
c071,2026-09-06,4391
c197,2026-09-10,4392
c190,2026-09-14,4393
c127,2026-09-02,4394
c288,2026-09-03,4395
c102,2026-09-28,4396
c067,2026-09-14,4397
c265,2026-09-14,4398
c044,2026-09-18,4399
c117,2026-09-09,4400
c113,2026-09-12,4401
c278,2026-09-05,4402
c146,2026-09-07,4403
c176,2026-09-04,4404
c039,2026-09-15,4405
c009,2026-09-27,4406
c088,2026-09-24,4407
c036,2026-09-30,4408
c063,2026-09-28,4409
c009,2026-09-17,4410
c152,2026-09-16,4411
c070,2026-09-13,4412
c198,2026-09-16,4413
c241,2026-09-20,4414
c189,2026-09-26,4415
c024,2026-09-20,4416
c051,2026-09-10,4417
c082,2026-09-28,4418
c175,2026-09-08,4419
c204,2026-09-19,4420
c209,2026-09-17,4421
c168,2026-09-23,4422
c239,2026-09-29,4423
c008,2026-09-26,4424
c220,2026-09-22,4425
c159,2026-09-28,4426
c296,2026-09-11,4427
c258,2026-09-08,4428
c125,2026-09-07,4429
c248,2026-09-26,4430
c083,2026-09-27,4431
c022,2026-09-02,4432
c157,2026-09-05,4433
c070,2026-09-27,4434
c080,2026-09-10,4435
c060,2026-09-16,4436
c105,2026-09-09,4437
c293,2026-09-14,4438
c021,2026-09-06,4439
c083,2026-09-23,4440
c275,2026-09-06,4441
c097,2026-09-09,4442
c172,2026-09-11,4443
c139,2026-09-14,4444
c205,2026-09-28,4445
c170,2026-09-28,4446
c157,2026-09-22,4447
c258,2026-09-15,4448
c160,2026-09-19,4449
c083,2026-09-03,4450
c034,2026-09-23,4451
c038,2026-09-06,4452
c093,2026-09-28,4453
c142,2026-09-23,4454
c103,2026-09-13,4455
c228,2026-09-25,4456
c074,2026-09-18,4457
c120,2026-09-13,4458
c161,2026-09-15,4459
c288,2026-09-13,4460
c077,2026-09-02,4461
c074,2026-09-01,4462
c120,2026-09-03,4463
c201,2026-09-04,4464
c189,2026-09-06,4465
c151,2026-09-30,4466
c186,2026-09-17,4467
c105,2026-09-18,4468
c204,2026-09-21,4469
c166,2026-09-18,4470
c295,2026-09-24,4471
c183,2026-09-02,4472
c215,2026-09-22,4473
c205,2026-09-17,4474
c027,2026-09-27,4475
c205,2026-09-17,4476
c066,2026-09-27,4477
c291,2026-09-15,4478
c164,2026-09-17,4479
c081,2026-09-10,4480
c074,2026-09-04,4481
c196,2026-09-16,4482
c017,2026-09-13,4483
c120,2026-09-03,4484
c060,2026-09-30,4485
c132,2026-09-04,4486
c177,2026-09-15,4487
c178,2026-09-18,4488
c118,2026-09-18,4489
c129,2026-09-23,4490
c009,2026-09-30,4491
c041,2026-09-18,4492
c156,2026-09-15,4493
c016,2026-09-05,4494
c189,2026-09-11,4495
c170,2026-09-20,4496
c108,2026-09-18,4497
c177,2026-09-16,4498
c218,2026-09-07,4499
c291,2026-09-16,4500
c282,2026-09-14,4501
c215,2026-09-15,4502
c291,2026-09-03,4503
c058,2026-09-27,4504
c188,2026-09-19,4505
c117,2026-09-26,4506
c245,2026-09-25,4507
c083,2026-09-01,4508
c242,2026-09-21,4509
c252,2026-09-30,4510
c159,2026-09-25,4511
c152,2026-09-21,4512
c044,2026-09-23,4513
c197,2026-09-27,4514
c282,2026-09-27,4515
c166,2026-09-09,4516
c192,2026-09-29,4517
c061,2026-09-16,4518
c280,2026-09-12,4519
c214,2026-09-06,4520
c035,2026-09-24,4521
c101,2026-09-04,4522
c083,2026-09-30,4523
c051,2026-09-15,4524
c008,2026-09-19,4525
c161,2026-09-27,4526
c069,2026-09-21,4527
c048,2026-09-12,4528
c010,2026-09-16,4529
c132,2026-09-17,4530
c129,2026-09-09,4531
c122,2026-09-14,4532
c252,2026-09-04,4533
c027,2026-09-08,4534
c283,2026-09-04,4535
c226,2026-09-13,4536
c103,2026-09-21,4537
c276,2026-09-03,4538
c068,2026-09-01,4539
c183,2026-09-01,4540
c223,2026-09-12,4541
c114,2026-09-05,4542
c165,2026-09-03,4543
c210,2026-09-23,4544
c219,2026-09-02,4545
c287,2026-09-03,4546
c122,2026-09-25,4547
c229,2026-09-10,4548
c156,2026-09-23,4549
c147,2026-09-26,4550
c262,2026-09-03,4551
c150,2026-09-03,4552
c033,2026-09-16,4553
c279,2026-09-29,4554
c276,2026-09-20,4555
c166,2026-09-18,4556
c296,2026-09-13,4557
c035,2026-09-27,4558
c097,2026-09-24,4559
c116,2026-09-08,4560
c170,2026-09-21,4561
c111,2026-09-29,4562
c164,2026-09-05,4563
c222,2026-09-23,4564
c254,2026-09-15,4565
c046,2026-09-07,4566
c288,2026-09-10,4567
c066,2026-09-29,4568
c225,2026-09-26,4569
c207,2026-09-24,4570
c165,2026-09-04,4571
c154,2026-09-03,4572
c273,2026-09-23,4573
c176,2026-09-10,4574
c186,2026-09-14,4575
c230,2026-09-15,4576
c248,2026-09-21,4577
c129,2026-09-21,4578
c299,2026-09-07,4579
c211,2026-09-22,4580
c158,2026-09-02,4581
c117,2026-09-07,4582
c251,2026-09-28,4583
c158,2026-09-21,4584
c230,2026-09-14,4585
c063,2026-09-28,4586
c179,2026-09-01,4587
c092,2026-09-10,4588
c075,2026-09-20,4589
c243,2026-09-06,4590
c095,2026-09-11,4591
c246,2026-09-15,4592
c299,2026-09-28,4593
c085,2026-09-04,4594
c156,2026-09-05,4595
c122,2026-09-16,4596
c211,2026-09-18,4597
c282,2026-09-13,4598
c153,2026-09-30,4599
c008,2026-09-23,4600
c267,2026-09-15,4601
c261,2026-09-16,4602
c236,2026-09-05,4603
c008,2026-09-07,4604
c269,2026-09-14,4605
c266,2026-09-01,4606
c284,2026-09-22,4607
c239,2026-09-20,4608
c176,2026-09-25,4609
c266,2026-09-11,4610
c095,2026-09-03,4611
c052,2026-09-15,4612
c075,2026-09-21,4613
c155,2026-09-22,4614
c157,2026-09-11,4615
c153,2026-09-15,4616
c172,2026-09-17,4617
c177,2026-09-17,4618
c188,2026-09-04,4619
c086,2026-09-28,4620
c102,2026-09-28,4621
c097,2026-09-11,4622
c114,2026-09-10,4623
c017,2026-09-22,4624
c244,2026-09-12,4625
c066,2026-09-11,4626
c259,2026-09-30,4627
c173,2026-09-27,4628
c113,2026-09-07,4629
c118,2026-09-10,4630
c085,2026-09-05,4631
c288,2026-09-16,4632
c156,2026-09-30,4633
c229,2026-09-22,4634
c221,2026-09-09,4635
c298,2026-09-22,4636
c212,2026-09-03,4637
c151,2026-09-09,4638
c223,2026-09-16,4639
c247,2026-09-22,4640
c291,2026-09-21,4641
c272,2026-09-19,4642
c218,2026-09-12,4643
c183,2026-09-28,4644
c214,2026-09-24,4645
c113,2026-09-22,4646
c142,2026-09-19,4647
c215,2026-09-15,4648
c172,2026-09-03,4649
c054,2026-09-24,4650
c020,2026-09-30,4651
c038,2026-09-30,4652
c232,2026-09-10,4653
c149,2026-09-03,4654
c003,2026-09-05,4655
c054,2026-09-02,4656
c062,2026-09-08,4657
c027,2026-09-19,4658
c298,2026-09-30,4659
c230,2026-09-27,4660
c139,2026-09-14,4661
c271,2026-09-21,4662
c043,2026-09-06,4663
c066,2026-09-13,4664
c154,2026-09-03,4665
c035,2026-09-11,4666
c248,2026-09-10,4667
c235,2026-09-11,4668
c190,2026-09-28,4669
c174,2026-09-24,4670
c126,2026-09-10,4671
c211,2026-09-05,4672
c122,2026-09-24,4673
c020,2026-09-12,4674
c149,2026-09-19,4675
c062,2026-09-03,4676
c269,2026-09-01,4677
c133,2026-09-17,4678
c243,2026-09-10,4679
c183,2026-09-03,4680
c197,2026-09-14,4681
c110,2026-09-19,4682
c260,2026-09-02,4683
c097,2026-09-11,4684
c155,2026-09-06,4685
c204,2026-09-28,4686
c192,2026-09-07,4687
c008,2026-09-27,4688
c213,2026-09-12,4689
c154,2026-09-14,4690
c076,2026-09-16,4691
c066,2026-09-10,4692
c020,2026-09-21,4693
c044,2026-09-24,4694
c071,2026-09-08,4695
c044,2026-09-05,4696
c125,2026-09-02,4697
c114,2026-09-24,4698
c074,2026-09-08,4699
c177,2026-09-12,4700
c180,2026-09-16,4701
c081,2026-09-11,4702
c090,2026-09-24,4703
c137,2026-09-02,4704
c201,2026-09-11,4705
c244,2026-09-02,4706
c083,2026-09-09,4707
c120,2026-09-27,4708
c024,2026-09-11,4709
c215,2026-09-23,4710
c273,2026-09-16,4711
c009,2026-09-29,4712
c088,2026-09-25,4713
c166,2026-09-07,4714
c214,2026-09-08,4715
c282,2026-09-11,4716
c189,2026-09-17,4717
c182,2026-09-24,4718
c038,2026-09-11,4719
c066,2026-09-15,4720
c138,2026-09-19,4721
c236,2026-09-22,4722
c177,2026-09-09,4723
c229,2026-09-19,4724
c288,2026-09-01,4725
c267,2026-09-10,4726
c255,2026-09-25,4727
c087,2026-09-10,4728
c019,2026-09-05,4729
c144,2026-09-30,4730
c282,2026-09-20,4731
c246,2026-09-19,4732
c114,2026-09-21,4733
c233,2026-09-14,4734
c071,2026-09-25,4735
c050,2026-09-18,4736
c184,2026-09-02,4737
c262,2026-09-19,4738
c259,2026-09-11,4739
c009,2026-09-27,4740
c284,2026-09-03,4741
c250,2026-09-11,4742
c014,2026-09-30,4743
c170,2026-09-25,4744
c063,2026-09-17,4745
c118,2026-09-01,4746
c049,2026-09-17,4747
c100,2026-09-13,4748
c170,2026-09-01,4749
c030,2026-09-16,4750
c071,2026-09-17,4751
c062,2026-09-25,4752
c083,2026-09-24,4753
c069,2026-09-08,4754
c195,2026-09-24,4755
c203,2026-09-19,4756
c036,2026-09-15,4757
c151,2026-09-20,4758
c192,2026-09-17,4759
c170,2026-09-16,4760
c262,2026-09-16,4761
c118,2026-09-07,4762
c051,2026-09-09,4763
c159,2026-09-10,4764
c186,2026-09-19,4765
c189,2026-09-20,4766
c016,2026-09-20,4767
c225,2026-09-27,4768
c216,2026-09-16,4769
c284,2026-09-06,4770
c020,2026-09-21,4771
c178,2026-09-23,4772
c223,2026-09-05,4773
c183,2026-09-06,4774
c279,2026-09-12,4775
c014,2026-09-17,4776
c194,2026-09-08,4777
c183,2026-09-07,4778
c069,2026-09-07,4779
c226,2026-09-26,4780
c229,2026-09-03,4781
c114,2026-09-24,4782
c236,2026-09-16,4783
c205,2026-09-03,4784
c070,2026-09-22,4785
c214,2026-09-03,4786
c230,2026-09-03,4787
c049,2026-09-23,4788
c179,2026-09-25,4789
c156,2026-09-25,4790
c059,2026-09-01,4791
c179,2026-09-04,4792
c265,2026-09-23,4793
c202,2026-09-18,4794
c168,2026-09-25,4795
c177,2026-09-29,4796
c192,2026-09-18,4797
c295,2026-09-10,4798
c090,2026-09-05,4799
c157,2026-09-08,4800
c158,2026-09-07,4801
c020,2026-09-07,4802
c222,2026-09-21,4803
c187,2026-09-02,4804
c195,2026-09-27,4805
c011,2026-09-16,4806
c096,2026-09-14,4807
c273,2026-09-22,4808
c074,2026-09-10,4809
c083,2026-09-20,4810
c187,2026-09-30,4811
c279,2026-09-08,4812
c211,2026-09-08,4813
c170,2026-09-21,4814
c148,2026-09-10,4815
c043,2026-09-26,4816
c108,2026-09-10,4817
c115,2026-09-05,4818
c197,2026-09-12,4819
c159,2026-09-22,4820
c234,2026-09-16,4821
c075,2026-09-09,4822
c034,2026-09-25,4823
c259,2026-09-01,4824
c278,2026-09-22,4825
c014,2026-09-12,4826
c210,2026-09-24,4827
c113,2026-09-22,4828
c113,2026-09-30,4829
c188,2026-09-20,4830
c250,2026-09-08,4831
c225,2026-09-03,4832
c267,2026-09-21,4833
c258,2026-09-09,4834
c084,2026-09-07,4835
c288,2026-09-11,4836
c049,2026-09-07,4837
c225,2026-09-22,4838
c090,2026-09-22,4839
c037,2026-09-28,4840
c001,2026-09-14,4841
c103,2026-09-19,4842
c111,2026-09-11,4843
c097,2026-09-16,4844
c088,2026-09-14,4845
c129,2026-09-08,4846
c274,2026-09-14,4847
c063,2026-09-01,4848
c250,2026-09-05,4849
c215,2026-09-18,4850
c286,2026-09-23,4851
c243,2026-09-02,4852
c156,2026-09-09,4853
c016,2026-09-21,4854
c086,2026-09-20,4855
c001,2026-09-05,4856
c240,2026-09-26,4857
c214,2026-09-17,4858
c132,2026-09-14,4859
c091,2026-09-30,4860
c087,2026-09-30,4861
c066,2026-09-26,4862
c286,2026-09-09,4863
c178,2026-09-08,4864
c184,2026-09-24,4865
c252,2026-09-03,4866
c031,2026-09-03,4867
c125,2026-09-30,4868
c028,2026-09-27,4869
c093,2026-09-22,4870
c178,2026-09-25,4871
c273,2026-09-25,4872
c097,2026-09-14,4873
c179,2026-09-01,4874
c097,2026-09-28,4875
c220,2026-09-29,4876
c038,2026-09-25,4877
c243,2026-09-19,4878
c272,2026-09-14,4879
c148,2026-09-22,4880
c159,2026-09-11,4881
c213,2026-09-25,4882
c206,2026-09-07,4883
c189,2026-09-03,4884
c171,2026-09-10,4885
c199,2026-09-19,4886
c220,2026-09-04,4887
c183,2026-09-13,4888
c240,2026-09-10,4889
c220,2026-09-01,4890
c101,2026-09-07,4891
c003,2026-09-23,4892
c207,2026-09-22,4893
c265,2026-09-04,4894
c177,2026-09-28,4895
c236,2026-09-17,4896
c184,2026-09-23,4897
c192,2026-09-22,4898
c269,2026-09-07,4899
c072,2026-09-11,4900
c113,2026-09-10,4901
c234,2026-09-21,4902
c062,2026-09-20,4903
c083,2026-09-21,4904
c014,2026-09-16,4905
c218,2026-09-07,4906
c157,2026-09-16,4907
c137,2026-09-13,4908
c202,2026-09-05,4909
c173,2026-09-04,4910
c024,2026-09-26,4911
c236,2026-09-29,4912
c115,2026-09-12,4913
c102,2026-09-21,4914
c089,2026-09-07,4915
c133,2026-09-06,4916
c178,2026-09-08,4917
c063,2026-09-28,4918
c097,2026-09-23,4919
c080,2026-09-14,4920
c158,2026-09-08,4921
c243,2026-09-07,4922
c192,2026-09-26,4923
c169,2026-09-11,4924
c021,2026-09-16,4925
c282,2026-09-08,4926
c284,2026-09-29,4927
c095,2026-09-06,4928
c066,2026-09-22,4929
c037,2026-09-10,4930
c247,2026-09-03,4931
c179,2026-09-28,4932
c038,2026-09-25,4933
c164,2026-09-29,4934
c209,2026-09-08,4935
c035,2026-09-16,4936
c171,2026-09-17,4937
c045,2026-09-10,4938
c058,2026-09-24,4939
c176,2026-09-19,4940
c279,2026-09-14,4941
c179,2026-09-12,4942
c158,2026-09-05,4943
c273,2026-09-10,4944
c186,2026-09-06,4945
c012,2026-09-18,4946
c141,2026-09-26,4947
c160,2026-09-28,4948
c064,2026-09-19,4949
c142,2026-09-15,4950
c063,2026-09-21,4951
c049,2026-09-24,4952
c098,2026-09-20,4953
c012,2026-09-08,4954
c300,2026-09-19,4955
c008,2026-09-12,4956
c202,2026-09-14,4957
c189,2026-09-25,4958
c159,2026-09-12,4959
c282,2026-09-02,4960
c167,2026-09-12,4961
c177,2026-09-17,4962
c166,2026-09-30,4963
c183,2026-09-02,4964
c288,2026-09-20,4965
c244,2026-09-07,4966
c257,2026-09-16,4967
c043,2026-09-05,4968
c095,2026-09-24,4969
c200,2026-09-30,4970
c240,2026-09-15,4971
c017,2026-09-09,4972
c245,2026-09-06,4973
c189,2026-09-04,4974
c021,2026-09-07,4975
c070,2026-09-13,4976
c058,2026-09-01,4977
c200,2026-09-03,4978
c281,2026-09-07,4979
c267,2026-09-22,4980
c288,2026-09-24,4981
c185,2026-09-30,4982
c097,2026-09-29,4983
c171,2026-09-26,4984
c049,2026-09-16,4985
c229,2026-09-28,4986
c246,2026-09-08,4987
c250,2026-09-03,4988
c024,2026-09-09,4989
c187,2026-09-28,4990
c120,2026-09-08,4991
c276,2026-09-25,4992
c160,2026-09-09,4993
c129,2026-09-27,4994
c156,2026-09-02,4995
c134,2026-09-22,4996
c072,2026-09-09,4997
c049,2026-09-13,4998
c281,2026-09-02,4999
c230,2026-09-15,5000
