usuario_id,reproducida_en,reproduccion_id,titulo,artista
u045,2026-09-17 00:07:14+0000,1,Viento ciudad,Mar Sur
u179,2026-09-28 06:22:32+0000,2,Eco sueño,Lluvia Club
u165,2026-09-01 20:13:58+0000,3,Horizonte viento,Cielo Trío
u026,2026-09-25 10:50:27+0000,4,Luna viento,Lluvia Trío
u176,2026-09-17 08:02:14+0000,5,Río luna,Volcán Norte
u167,2026-09-30 13:40:47+0000,6,Horizonte mar,Viento Norte
u136,2026-09-29 09:24:58+0000,7,Ciudad camino,Mar Club
u016,2026-09-02 19:19:21+0000,8,Noche ciudad,Cielo Trío
u029,2026-09-13 14:13:41+0000,9,Luna tiempo,Cielo Band
u009,2026-09-23 20:35:34+0000,10,Luna sol,Luna Band
u115,2026-09-05 13:50:02+0000,11,Viento ciudad,Tiempo Club
u193,2026-09-17 06:05:35+0000,12,Fuego cielo,Cielo Sur
u084,2026-09-22 12:09:20+0000,13,Cielo fuego,Ciudad Trío
u097,2026-09-09 19:29:49+0000,14,Lluvia fuego,Sueño Band
u163,2026-09-19 16:23:38+0000,15,Fuego eco,Camino Norte
u130,2026-09-27 14:33:40+0000,16,Volcán mar,Mar Club
u037,2026-09-29 09:42:37+0000,17,Luna sol,Luna Band
u058,2026-09-10 06:57:30+0000,18,Viento lluvia,Mar Norte
u046,2026-09-05 13:36:46+0000,19,Río río,Lluvia Band
u038,2026-09-24 07:15:56+0000,20,Viento eco,Tiempo Sur
u158,2026-09-23 18:01:23+0000,21,Ciudad tiempo,Mar Club
u037,2026-09-06 09:55:12+0000,22,Mar volcán,Cielo Trío
u057,2026-09-05 20:43:06+0000,23,Mar viento,Tiempo Sur
u084,2026-09-23 22:27:37+0000,24,Noche fuego,Volcán Trío
u153,2026-09-28 18:17:04+0000,25,Noche ciudad,Ciudad Trío
u023,2026-09-27 08:44:15+0000,26,Camino camino,Luna Sur
u176,2026-09-18 10:37:59+0000,27,Camino lluvia,Viento Band
u046,2026-09-07 13:29:45+0000,28,Volcán luna,Mar Sur
u012,2026-09-02 20:46:25+0000,29,Río cielo,Tiempo Sur
u060,2026-09-24 09:34:40+0000,30,Sueño ciudad,Ciudad Trío
u189,2026-09-08 12:10:08+0000,31,Volcán lluvia,Ciudad Band
u127,2026-09-17 18:36:28+0000,32,Eco cielo,Cielo Band
u197,2026-09-10 11:44:04+0000,33,Cielo tiempo,Lluvia Club
u035,2026-09-06 11:22:43+0000,34,Río sueño,Fuego Trío
u103,2026-09-28 19:41:36+0000,35,Noche lluvia,Tiempo Club
u115,2026-09-08 10:33:34+0000,36,Mar camino,Volcán Norte
u122,2026-09-30 06:53:24+0000,37,Río tiempo,Mar Sur
u108,2026-09-16 06:16:25+0000,38,Sueño ciudad,Eco Norte
u175,2026-09-23 13:14:53+0000,39,Cielo noche,Tiempo Band
u088,2026-09-21 02:24:03+0000,40,Lluvia cielo,Lluvia Club
u118,2026-09-04 19:23:58+0000,41,Río noche,Lluvia Band
u026,2026-09-22 11:06:06+0000,42,Río tiempo,Mar Sur
u178,2026-09-27 19:51:12+0000,43,Camino lluvia,Viento Band
u041,2026-09-24 13:54:51+0000,44,Lluvia luna,Tiempo Trío
u061,2026-09-29 09:21:51+0000,45,Tiempo volcán,Lluvia Trío
u055,2026-09-23 16:29:05+0000,46,Mar horizonte,Lluvia Club
u155,2026-09-12 10:18:30+0000,47,Río volcán,Camino Norte
u129,2026-09-05 18:28:30+0000,48,Luna tiempo,Cielo Band
u056,2026-09-17 18:12:26+0000,49,Tiempo noche,Eco Norte
u142,2026-09-25 14:41:02+0000,50,Fuego mar,Tiempo Club
u056,2026-09-22 15:54:23+0000,51,Horizonte viento,Eco Norte
u029,2026-09-16 00:55:52+0000,52,Volcán luna,Mar Sur
u116,2026-09-18 21:19:10+0000,53,Noche ciudad,Ciudad Trío
u061,2026-09-14 21:03:30+0000,54,Fuego lluvia,Lluvia Trío
u097,2026-09-28 20:02:41+0000,55,Sol ciudad,Cielo Trío
u028,2026-09-26 04:02:23+0000,56,Cielo noche,Tiempo Band
u009,2026-09-17 15:56:50+0000,57,Horizonte viento,Eco Norte
u046,2026-09-19 16:23:47+0000,58,Fuego ciudad,Eco Norte
u023,2026-09-13 12:54:11+0000,59,Fuego ciudad,Cielo Band
u081,2026-09-20 11:30:32+0000,60,Lluvia sol,Tiempo Sur
u132,2026-09-05 08:44:24+0000,61,Noche sol,Cielo Band
u042,2026-09-20 05:34:58+0000,62,Viento ciudad,Mar Sur
u193,2026-09-16 12:53:28+0000,63,Noche viento,Mar Club
u139,2026-09-18 05:22:44+0000,64,Volcán luna,Mar Sur
u185,2026-09-30 10:45:49+0000,65,Lluvia tiempo,Lluvia Trío
u181,2026-09-17 16:47:17+0000,66,Cielo volcán,Mar Norte
u116,2026-09-05 21:40:24+0000,67,Fuego cielo,Cielo Sur
u023,2026-09-17 12:04:15+0000,68,Volcán lluvia,Ciudad Band
u007,2026-09-21 12:20:46+0000,69,Noche lluvia,Volcán Norte
u050,2026-09-29 15:31:23+0000,70,Volcán viento,Horizonte Trío
u041,2026-09-15 11:52:14+0000,71,Volcán horizonte,Cielo Band
u089,2026-09-02 08:30:12+0000,72,Viento eco,Volcán Sur
u172,2026-09-13 17:41:37+0000,73,Luna sueño,Eco Norte
u161,2026-09-29 06:00:22+0000,74,Lluvia lluvia,Tiempo Club
u116,2026-09-03 14:13:36+0000,75,Volcán volcán,Tiempo Band
u166,2026-09-21 18:07:53+0000,76,Eco eco,Sueño Band
u168,2026-09-22 19:21:28+0000,77,Mar camino,Volcán Norte
u071,2026-09-19 18:33:09+0000,78,Horizonte lluvia,Sueño Band
u155,2026-09-29 18:30:31+0000,79,Tiempo noche,Eco Norte
u165,2026-09-22 17:17:57+0000,80,Eco cielo,Mar Band
u006,2026-09-26 08:19:34+0000,81,Volcán volcán,Tiempo Band
u035,2026-09-24 14:07:39+0000,82,Fuego volcán,Cielo Trío
u127,2026-09-16 14:52:30+0000,83,Eco cielo,Cielo Band
u150,2026-09-25 21:08:08+0000,84,Ciudad tiempo,Tiempo Band
u023,2026-09-12 12:35:41+0000,85,Camino fuego,Cielo Sur
u197,2026-09-24 14:33:12+0000,86,Noche cielo,Eco Norte
u078,2026-09-11 10:49:08+0000,87,Volcán noche,Volcán Sur
u078,2026-09-09 09:41:39+0000,88,Mar cielo,Ciudad Trío
u103,2026-09-24 06:33:56+0000,89,Lluvia mar,Sueño Band
u067,2026-09-26 01:22:01+0000,90,Fuego viento,Mar Club
u086,2026-09-17 22:45:26+0000,91,Noche luna,Sueño Band
u153,2026-09-10 13:05:23+0000,92,Luna ciudad,Lluvia Trío
u105,2026-09-21 20:01:18+0000,93,Camino lluvia,Tiempo Sur
u029,2026-09-12 17:13:29+0000,94,Mar camino,Volcán Norte
u126,2026-09-20 10:06:30+0000,95,Luna eco,Ciudad Trío
u154,2026-09-10 10:07:54+0000,96,Fuego viento,Lluvia Club
u143,2026-09-08 17:46:33+0000,97,Cielo cielo,Horizonte Trío
u092,2026-09-28 10:53:18+0000,98,Volcán horizonte,Cielo Band
u094,2026-09-28 12:35:48+0000,99,Horizonte sol,Mar Club
u017,2026-09-21 11:31:38+0000,100,Volcán volcán,Tiempo Band
u038,2026-09-08 11:59:05+0000,101,Sol lluvia,Tiempo Trío
u053,2026-09-29 15:33:12+0000,102,Mar fuego,Lluvia Trío
u169,2026-09-01 19:24:01+0000,103,Cielo ciudad,Mar Club
u149,2026-09-13 06:17:15+0000,104,Noche lluvia,Tiempo Club
u029,2026-09-23 20:02:42+0000,105,Mar volcán,Cielo Trío
u196,2026-09-19 15:09:52+0000,106,Mar volcán,Lluvia Sur
u200,2026-09-26 05:18:37+0000,107,Luna luna,Sueño Band
u106,2026-09-17 09:17:52+0000,108,Luna ciudad,Volcán Trío
u023,2026-09-08 18:26:01+0000,109,Mar cielo,Ciudad Trío
u189,2026-09-12 18:28:23+0000,110,Noche ciudad,Ciudad Trío
u095,2026-09-28 10:06:43+0000,111,Lluvia mar,Sueño Band
u163,2026-09-16 11:48:29+0000,112,Ciudad mar,Cielo Band
u179,2026-09-18 10:23:20+0000,113,Noche horizonte,Lluvia Band
u070,2026-09-25 08:35:15+0000,114,Río sueño,Eco Norte
u082,2026-09-27 21:06:43+0000,115,Río noche,Lluvia Band
u103,2026-09-09 13:42:00+0000,116,Mar viento,Tiempo Sur
u049,2026-09-23 00:55:57+0000,117,Volcán noche,Lluvia Trío
u114,2026-09-28 17:19:07+0000,118,Ciudad lluvia,Horizonte Trío
u066,2026-09-03 15:37:12+0000,119,Noche cielo,Eco Norte
u003,2026-09-29 20:37:05+0000,120,Sol volcán,Volcán Trío
u003,2026-09-20 21:42:58+0000,121,Horizonte sueño,Fuego Sur
u094,2026-09-28 20:45:57+0000,122,Camino viento,Viento Norte
u110,2026-09-19 11:12:21+0000,123,Viento ciudad,Mar Sur
u098,2026-09-17 10:44:18+0000,124,Horizonte viento,Mar Club
u072,2026-09-13 06:00:50+0000,125,Tiempo horizonte,Volcán Sur
u156,2026-09-19 21:48:19+0000,126,Sueño fuego,Cielo Sur
u153,2026-09-26 05:32:48+0000,127,Volcán horizonte,Noche Club
u179,2026-09-26 20:01:16+0000,128,Luna sueño,Eco Norte
u101,2026-09-12 09:05:25+0000,129,Camino eco,Lluvia Trío
u088,2026-09-05 13:13:40+0000,130,Tiempo horizonte,Eco Norte
u018,2026-09-06 04:32:37+0000,131,Volcán mar,Mar Club
u047,2026-09-27 07:56:47+0000,132,Cielo volcán,Mar Norte
u120,2026-09-10 14:25:48+0000,133,Viento eco,Volcán Sur
u030,2026-09-27 09:35:06+0000,134,Mar volcán,Cielo Trío
u044,2026-09-15 17:30:25+0000,135,Volcán volcán,Tiempo Band
u009,2026-09-28 11:47:18+0000,136,Mar luna,Lluvia Trío
u124,2026-09-20 17:34:27+0000,137,Lluvia mar,Sueño Band
u179,2026-09-03 17:34:28+0000,138,Luna ciudad,Volcán Trío
u037,2026-09-05 10:21:06+0000,139,Cielo cielo,Horizonte Trío
u149,2026-09-20 08:22:32+0000,140,Luna tiempo,Cielo Band
u097,2026-09-11 17:27:45+0000,141,Horizonte sueño,Ciudad Band
u195,2026-09-05 17:24:17+0000,142,Horizonte mar,Eco Norte
u049,2026-09-01 17:24:22+0000,143,Sueño sol,Mar Norte
u190,2026-09-09 09:30:38+0000,144,Tiempo sol,Tiempo Trío
u044,2026-09-09 20:43:59+0000,145,Viento ciudad,Lluvia Trío
u031,2026-09-10 12:15:00+0000,146,Volcán luna,Mar Norte
u035,2026-09-13 13:35:25+0000,147,Camino fuego,Cielo Sur
u075,2026-09-14 20:31:05+0000,148,Cielo viento,Cielo Sur
u030,2026-09-30 13:26:35+0000,149,Río sol,Sueño Band
u185,2026-09-27 18:28:45+0000,150,Viento noche,Cielo Band
u077,2026-09-08 20:09:22+0000,151,Horizonte ciudad,Tiempo Trío
u110,2026-09-16 18:11:08+0000,152,Luna ciudad,Lluvia Sur
u157,2026-09-09 18:16:22+0000,153,Sol volcán,Volcán Trío
u108,2026-09-08 12:26:12+0000,154,Cielo noche,Tiempo Band
u117,2026-09-20 20:18:28+0000,155,Viento eco,Volcán Sur
u099,2026-09-04 15:56:53+0000,156,Noche volcán,Horizonte Sur
u129,2026-09-04 16:28:40+0000,157,Tiempo horizonte,Viento Band
u035,2026-09-15 20:53:46+0000,158,Río noche,Lluvia Band
u037,2026-09-06 14:34:19+0000,159,Sueño viento,Lluvia Trío
u073,2026-09-29 12:35:20+0000,160,Viento noche,Cielo Trío
u035,2026-09-05 17:06:55+0000,161,Fuego luna,Cielo Trío
u142,2026-09-06 08:19:39+0000,162,Fuego volcán,Cielo Trío
u188,2026-09-15 14:35:30+0000,163,Noche río,Lluvia Band
u157,2026-09-26 19:02:17+0000,164,Noche lluvia,Volcán Norte
u185,2026-09-06 15:47:50+0000,165,Cielo tiempo,Lluvia Club
u031,2026-09-29 13:02:36+0000,166,Mar volcán,Cielo Trío
u067,2026-09-16 03:25:45+0000,167,Río volcán,Camino Norte
u065,2026-09-20 11:52:00+0000,168,Viento camino,Ciudad Trío
u034,2026-09-21 20:11:12+0000,169,Horizonte viento,Eco Norte
u104,2026-09-01 17:58:59+0000,170,Fuego ciudad,Cielo Band
u076,2026-09-03 10:49:21+0000,171,Cielo ciudad,Cielo Trío
u191,2026-09-04 12:01:58+0000,172,Sueño volcán,Cielo Trío
u064,2026-09-25 08:05:04+0000,173,Lluvia luna,Mar Norte
u006,2026-09-28 19:16:03+0000,174,Luna ciudad,Volcán Trío
u043,2026-09-22 18:14:43+0000,175,Cielo viento,Volcán Norte
u082,2026-09-23 07:31:48+0000,176,Mar horizonte,Lluvia Club
u011,2026-09-26 07:29:23+0000,177,Río sol,Sueño Band
u142,2026-09-23 11:35:06+0000,178,Viento ciudad,Mar Sur
u105,2026-09-20 10:00:40+0000,179,Cielo tiempo,Lluvia Club
u167,2026-09-18 10:09:05+0000,180,Fuego horizonte,Lluvia Band
u033,2026-09-30 20:06:17+0000,181,Lluvia cielo,Lluvia Club
u035,2026-09-27 07:28:40+0000,182,Noche mar,Eco Norte
u133,2026-09-27 16:33:22+0000,183,Noche ciudad,Tiempo Sur
u104,2026-09-27 14:46:06+0000,184,Cielo río,Mar Band
u153,2026-09-04 12:41:26+0000,185,Cielo camino,Tiempo Club
u193,2026-09-18 20:57:51+0000,186,Noche fuego,Volcán Trío
u105,2026-09-14 09:40:54+0000,187,Viento ciudad,Mar Sur
u192,2026-09-18 21:45:45+0000,188,Eco viento,Tiempo Band
u155,2026-09-22 19:51:32+0000,189,Río ciudad,Mar Sur
u047,2026-09-30 13:24:52+0000,190,Tiempo sol,Mar Norte
u074,2026-09-01 17:30:26+0000,191,Noche lluvia,Sueño Band
u173,2026-09-06 06:16:13+0000,192,Mar mar,Tiempo Band
u097,2026-09-20 18:53:10+0000,193,Río luna,Noche Club
u099,2026-09-09 14:28:53+0000,194,Río noche,Lluvia Band
u111,2026-09-03 21:36:57+0000,195,Tiempo sueño,Luna Sur
u114,2026-09-03 12:36:20+0000,196,Sol luna,Cielo Trío
u035,2026-09-25 23:03:16+0000,197,Noche ciudad,Horizonte Trío
u138,2026-09-25 19:13:49+0000,198,Luna lluvia,Cielo Trío
u017,2026-09-23 18:59:01+0000,199,Lluvia sol,Lluvia Sur
u188,2026-09-10 12:22:17+0000,200,Ciudad tiempo,Tiempo Band
u081,2026-09-25 13:21:05+0000,201,Camino tiempo,Cielo Sur
u166,2026-09-28 16:20:01+0000,202,Viento eco,Volcán Sur
u066,2026-09-06 19:45:06+0000,203,Camino viento,Mar Band
u001,2026-09-22 09:54:02+0000,204,Eco cielo,Cielo Band
u178,2026-09-12 07:53:17+0000,205,Ciudad tiempo,Lluvia Trío
u001,2026-09-07 13:36:51+0000,206,Noche horizonte,Lluvia Band
u121,2026-09-14 15:54:16+0000,207,Sol río,Mar Sur
u171,2026-09-08 21:13:54+0000,208,Río luna,Lluvia Club
u006,2026-09-21 12:37:12+0000,209,Ciudad lluvia,Mar Band
u199,2026-09-21 19:25:48+0000,210,Tiempo sol,Mar Norte
u146,2026-09-19 13:00:12+0000,211,Lluvia tiempo,Lluvia Trío
u090,2026-09-06 18:26:00+0000,212,Mar mar,Tiempo Band
u139,2026-09-30 08:44:44+0000,213,Luna tiempo,Cielo Band
u172,2026-09-23 10:46:34+0000,214,Sol río,Cielo Trío
u057,2026-09-17 13:54:12+0000,215,Lluvia tiempo,Ciudad Trío
u031,2026-09-27 19:47:38+0000,216,Noche viento,Luna Band
u108,2026-09-20 19:21:43+0000,217,Fuego tiempo,Ciudad Trío
u073,2026-09-25 16:09:43+0000,218,Ciudad cielo,Eco Norte
u116,2026-09-06 14:24:02+0000,219,Mar eco,Horizonte Sur
u042,2026-09-02 08:58:41+0000,220,Sueño sol,Mar Sur
u116,2026-09-09 11:17:07+0000,221,Tiempo sueño,Luna Sur
u034,2026-09-08 02:37:18+0000,222,Fuego eco,Camino Norte
u107,2026-09-08 12:37:56+0000,223,Lluvia tiempo,Ciudad Trío
u124,2026-09-05 17:00:36+0000,224,Sol volcán,Volcán Trío
u072,2026-09-24 20:23:57+0000,225,Cielo río,Tiempo Trío
u097,2026-09-27 17:19:14+0000,226,Fuego río,Mar Band
u103,2026-09-16 09:10:13+0000,227,Río lluvia,Mar Norte
u157,2026-09-08 19:59:37+0000,228,Cielo río,Tiempo Trío
u167,2026-09-27 13:16:45+0000,229,Sol volcán,Volcán Trío
u137,2026-09-13 09:32:32+0000,230,Cielo noche,Tiempo Band
u080,2026-09-25 10:24:54+0000,231,Horizonte sueño,Cielo Trío
u158,2026-09-07 21:36:12+0000,232,Río ciudad,Mar Sur
u131,2026-09-11 10:37:46+0000,233,Fuego ciudad,Cielo Band
u071,2026-09-18 20:04:44+0000,234,Tiempo lluvia,Cielo Sur
u119,2026-09-20 09:16:56+0000,235,Río luna,Noche Club
u034,2026-09-28 08:52:30+0000,236,Noche sol,Cielo Band
u059,2026-09-18 20:34:26+0000,237,Ciudad camino,Noche Club
u061,2026-09-27 11:08:17+0000,238,Sol volcán,Volcán Trío
u001,2026-09-12 11:50:36+0000,239,Ciudad camino,Noche Club
u188,2026-09-21 12:01:16+0000,240,Sol volcán,Volcán Trío
u172,2026-09-25 14:00:12+0000,241,Mar viento,Tiempo Sur
u077,2026-09-16 09:57:06+0000,242,Noche volcán,Horizonte Sur
u179,2026-09-14 08:17:34+0000,243,Fuego viento,Lluvia Club
u094,2026-09-07 21:17:52+0000,244,Fuego tiempo,Lluvia Sur
u012,2026-09-27 13:02:07+0000,245,Lluvia noche,Tiempo Club
u045,2026-09-10 18:43:48+0000,246,Viento camino,Ciudad Trío
u126,2026-09-20 09:44:34+0000,247,Cielo cielo,Horizonte Trío
u175,2026-09-04 12:43:10+0000,248,Luna río,Noche Club
u156,2026-09-03 16:57:41+0000,249,Noche horizonte,Lluvia Band
u160,2026-09-12 22:19:41+0000,250,Cielo viento,Volcán Norte
u051,2026-09-01 22:39:11+0000,251,Camino cielo,Ciudad Trío
u074,2026-09-29 03:35:17+0000,252,Lluvia lluvia,Tiempo Club
u011,2026-09-18 08:44:00+0000,253,Río ciudad,Mar Sur
u066,2026-09-24 12:53:29+0000,254,Mar luna,Lluvia Trío
u097,2026-09-12 08:31:13+0000,255,Ciudad cielo,Eco Norte
u193,2026-09-03 16:46:30+0000,256,Cielo río,Mar Band
u117,2026-09-01 20:04:38+0000,257,Mar viento,Tiempo Sur
u053,2026-09-03 11:57:20+0000,258,Tiempo fuego,Volcán Trío
u022,2026-09-20 20:03:02+0000,259,Mar volcán,Lluvia Sur
u065,2026-09-02 15:31:18+0000,260,Lluvia fuego,Eco Norte
u123,2026-09-10 17:06:13+0000,261,Sol río,Mar Sur
u093,2026-09-22 19:38:58+0000,262,Camino horizonte,Tiempo Band
u028,2026-09-23 08:31:39+0000,263,Cielo viento,Volcán Norte
u188,2026-09-05 15:44:47+0000,264,Sol río,Cielo Trío
u117,2026-09-12 16:34:34+0000,265,Luna viento,Lluvia Trío
u190,2026-09-05 17:49:39+0000,266,Río ciudad,Mar Sur
u071,2026-09-10 23:47:06+0000,267,Volcán mar,Mar Club
u163,2026-09-06 17:50:26+0000,268,Viento ciudad,Lluvia Trío
u131,2026-09-25 08:38:52+0000,269,Ciudad luna,Sueño Band
u174,2026-09-17 18:14:35+0000,270,Volcán luna,Mar Sur
u097,2026-09-26 05:44:00+0000,271,Luna luna,Sueño Band
u117,2026-09-04 14:06:50+0000,272,Ciudad ciudad,Tiempo Trío
u079,2026-09-08 21:30:00+0000,273,Volcán fuego,Sueño Band
u174,2026-09-23 18:50:22+0000,274,Ciudad luna,Sueño Band
u115,2026-09-07 19:41:44+0000,275,Sol volcán,Volcán Trío
u041,2026-09-26 11:37:24+0000,276,Eco cielo,Mar Band
u022,2026-09-18 20:00:55+0000,277,Luna ciudad,Lluvia Sur
u113,2026-09-13 18:08:39+0000,278,Horizonte lluvia,Volcán Trío
u083,2026-09-04 11:41:46+0000,279,Ciudad tiempo,Lluvia Trío
u083,2026-09-10 17:50:40+0000,280,Ciudad cielo,Eco Norte
u009,2026-09-15 09:13:21+0000,281,Sol mar,Horizonte Sur
u118,2026-09-28 16:26:24+0000,282,Sueño ciudad,Eco Norte
u140,2026-09-08 07:51:42+0000,283,Horizonte sueño,Fuego Sur
u035,2026-09-05 13:36:56+0000,284,Noche ciudad,Horizonte Trío
u028,2026-09-02 14:15:31+0000,285,Tiempo sueño,Luna Sur
u192,2026-09-23 20:46:39+0000,286,Sueño sol,Mar Norte
u087,2026-09-29 12:56:13+0000,287,Ciudad tiempo,Lluvia Trío
u084,2026-09-24 08:11:09+0000,288,Camino viento,Mar Band
u173,2026-09-07 10:26:57+0000,289,Volcán volcán,Tiempo Band
u169,2026-09-23 08:03:27+0000,290,Tiempo horizonte,Eco Norte
u007,2026-09-13 14:04:48+0000,291,Noche viento,Luna Band
u168,2026-09-06 12:32:30+0000,292,Sueño tiempo,Lluvia Trío
u089,2026-09-18 19:20:05+0000,293,Sol volcán,Volcán Trío
u055,2026-09-09 09:31:46+0000,294,Río sueño,Ciudad Band
u022,2026-09-24 13:54:20+0000,295,Ciudad lluvia,Mar Band
u145,2026-09-08 16:15:50+0000,296,Viento noche,Cielo Trío
u034,2026-09-07 09:29:57+0000,297,Sueño fuego,Cielo Sur
u113,2026-09-28 07:44:32+0000,298,Camino volcán,Eco Norte
u091,2026-09-23 08:59:22+0000,299,Camino viento,Viento Norte
u156,2026-09-02 08:17:28+0000,300,Lluvia sol,Tiempo Sur
u136,2026-09-27 14:57:02+0000,301,Sueño camino,Volcán Sur
u153,2026-09-07 10:48:17+0000,302,Cielo ciudad,Mar Club
u155,2026-09-05 15:10:43+0000,303,Viento lluvia,Mar Norte
u061,2026-09-15 06:08:53+0000,304,Volcán volcán,Tiempo Band
u174,2026-09-26 15:35:19+0000,305,Luna sol,Luna Band
u197,2026-09-27 14:53:35+0000,306,Sueño fuego,Eco Norte
u049,2026-09-29 00:42:31+0000,307,Fuego cielo,Cielo Sur
u041,2026-09-11 18:21:05+0000,308,Lluvia sol,Tiempo Sur
u134,2026-09-18 10:30:47+0000,309,Volcán horizonte,Noche Club
u172,2026-09-10 18:53:58+0000,310,Ciudad camino,Mar Club
u188,2026-09-10 11:49:35+0000,311,Volcán mar,Cielo Trío
u035,2026-09-16 18:24:53+0000,312,Horizonte viento,Eco Norte
u049,2026-09-07 05:12:58+0000,313,Fuego río,Mar Band
u159,2026-09-10 22:09:52+0000,314,Noche lluvia,Tiempo Club
u061,2026-09-18 12:16:35+0000,315,Sueño ciudad,Eco Norte
u058,2026-09-10 06:43:16+0000,316,Mar eco,Horizonte Sur
u142,2026-09-24 00:03:43+0000,317,Río río,Lluvia Band
u059,2026-09-27 00:42:47+0000,318,Noche fuego,Volcán Trío
u006,2026-09-22 13:29:00+0000,319,Mar viento,Tiempo Sur
u048,2026-09-19 12:44:11+0000,320,Lluvia cielo,Horizonte Trío
u058,2026-09-24 07:16:32+0000,321,Horizonte ciudad,Tiempo Trío
u193,2026-09-01 06:53:23+0000,322,Sol río,Cielo Trío
u046,2026-09-20 09:41:31+0000,323,Mar volcán,Cielo Trío
u045,2026-09-16 10:33:12+0000,324,Fuego cielo,Cielo Sur
u053,2026-09-23 08:48:33+0000,325,Camino lluvia,Viento Band
u168,2026-09-21 00:15:17+0000,326,Río lluvia,Noche Club
u179,2026-09-09 15:15:51+0000,327,Tiempo fuego,Volcán Trío
u160,2026-09-13 09:18:41+0000,328,Río sol,Luna Sur
u063,2026-09-12 21:15:55+0000,329,Tiempo sueño,Luna Sur
u195,2026-09-07 07:38:54+0000,330,Sol río,Mar Sur
u087,2026-09-09 08:32:03+0000,331,Ciudad tiempo,Mar Club
u105,2026-09-23 08:00:44+0000,332,Mar volcán,Lluvia Sur
u005,2026-09-19 10:51:37+0000,333,Cielo noche,Tiempo Band
u031,2026-09-03 10:58:07+0000,334,Noche volcán,Horizonte Sur
u105,2026-09-03 00:19:09+0000,335,Tiempo sueño,Luna Sur
u158,2026-09-25 05:11:42+0000,336,Sueño sueño,Volcán Trío
u122,2026-09-30 07:59:38+0000,337,Ciudad tiempo,Noche Club
u077,2026-09-13 17:02:18+0000,338,Noche fuego,Volcán Trío
u155,2026-09-24 23:53:13+0000,339,Volcán volcán,Tiempo Band
u118,2026-09-13 16:51:57+0000,340,Fuego eco,Camino Norte
u079,2026-09-15 10:29:21+0000,341,Horizonte lluvia,Volcán Trío
u159,2026-09-27 22:09:15+0000,342,Sueño ciudad,Horizonte Sur
u035,2026-09-10 18:08:30+0000,343,Tiempo sol,Tiempo Trío
u195,2026-09-22 06:18:50+0000,344,Cielo tiempo,Lluvia Club
u023,2026-09-02 15:45:07+0000,345,Mar volcán,Cielo Trío
u109,2026-09-27 18:20:32+0000,346,Cielo río,Tiempo Trío
u095,2026-09-23 01:11:59+0000,347,Lluvia ciudad,Fuego Sur
u087,2026-09-25 09:19:15+0000,348,Mar cielo,Viento Band
u174,2026-09-10 15:15:44+0000,349,Fuego viento,Mar Club
u008,2026-09-16 12:59:22+0000,350,Eco sueño,Lluvia Club
u096,2026-09-06 20:26:27+0000,351,Volcán luna,Mar Sur
u070,2026-09-25 12:49:58+0000,352,Viento noche,Cielo Trío
u176,2026-09-21 20:58:02+0000,353,Cielo fuego,Ciudad Trío
u062,2026-09-25 08:52:52+0000,354,Viento ciudad,Tiempo Club
u199,2026-09-16 21:24:17+0000,355,Tiempo noche,Eco Norte
u134,2026-09-03 19:49:46+0000,356,Horizonte fuego,Lluvia Trío
u105,2026-09-05 19:16:55+0000,357,Volcán noche,Lluvia Trío
u033,2026-09-26 00:27:07+0000,358,Volcán sueño,Lluvia Sur
u180,2026-09-11 18:13:40+0000,359,Camino camino,Luna Sur
u092,2026-09-03 16:14:27+0000,360,Horizonte sueño,Fuego Sur
u174,2026-09-20 21:47:58+0000,361,Eco sueño,Lluvia Club
u188,2026-09-06 18:35:19+0000,362,Fuego tiempo,Ciudad Trío
u139,2026-09-22 21:25:42+0000,363,Noche ciudad,Ciudad Trío
u014,2026-09-18 08:04:32+0000,364,Camino río,Luna Band
u118,2026-09-13 19:57:59+0000,365,Eco sueño,Lluvia Club
u181,2026-09-08 11:51:28+0000,366,Ciudad sueño,Cielo Sur
u006,2026-09-18 20:39:16+0000,367,Cielo noche,Tiempo Band
u189,2026-09-02 10:00:46+0000,368,Fuego tiempo,Volcán Sur
u159,2026-09-10 10:35:41+0000,369,Volcán volcán,Tiempo Band
u118,2026-09-03 19:53:43+0000,370,Mar volcán,Lluvia Sur
u185,2026-09-14 18:40:59+0000,371,Río río,Lluvia Band
u056,2026-09-28 21:33:28+0000,372,Camino cielo,Ciudad Trío
u059,2026-09-08 19:05:27+0000,373,Tiempo mar,Mar Sur
u191,2026-09-04 19:21:20+0000,374,Noche fuego,Volcán Trío
u105,2026-09-08 12:10:23+0000,375,Fuego noche,Horizonte Trío
u086,2026-09-27 22:51:15+0000,376,Eco sueño,Lluvia Club
u105,2026-09-05 00:38:24+0000,377,Viento eco,Volcán Sur
u110,2026-09-10 13:08:59+0000,378,Volcán horizonte,Cielo Band
u127,2026-09-03 18:12:36+0000,379,Fuego cielo,Cielo Sur
u096,2026-09-19 11:44:45+0000,380,Luna eco,Ciudad Trío
u122,2026-09-01 18:46:44+0000,381,Lluvia cielo,Lluvia Club
u180,2026-09-03 08:31:44+0000,382,Ciudad tiempo,Tiempo Band
u083,2026-09-07 23:04:59+0000,383,Cielo viento,Volcán Norte
u163,2026-09-24 01:55:23+0000,384,Mar sueño,Mar Band
u147,2026-09-13 07:17:58+0000,385,Volcán camino,Tiempo Club
u096,2026-09-06 18:02:47+0000,386,Horizonte ciudad,Tiempo Trío
u058,2026-09-04 11:19:56+0000,387,Volcán horizonte,Cielo Band
u149,2026-09-20 21:06:07+0000,388,Volcán volcán,Tiempo Band
u005,2026-09-18 21:20:02+0000,389,Río noche,Lluvia Band
u137,2026-09-04 23:46:39+0000,390,Noche sol,Cielo Band
u079,2026-09-21 16:39:44+0000,391,Lluvia sol,Tiempo Sur
u041,2026-09-08 17:25:45+0000,392,Cielo ciudad,Mar Club
u147,2026-09-13 17:02:19+0000,393,Tiempo horizonte,Eco Norte
u072,2026-09-22 18:45:45+0000,394,Fuego eco,Camino Norte
u077,2026-09-04 06:00:18+0000,395,Noche fuego,Cielo Sur
u119,2026-09-24 13:58:52+0000,396,Mar mar,Viento Norte
u117,2026-09-29 12:50:08+0000,397,Río lluvia,Noche Club
u035,2026-09-24 14:18:01+0000,398,Río cielo,Tiempo Sur
u082,2026-09-04 19:45:56+0000,399,Sol ciudad,Cielo Trío
u163,2026-09-16 11:11:02+0000,400,Camino lluvia,Viento Band
u006,2026-09-22 20:28:32+0000,401,Sol ciudad,Cielo Trío
u071,2026-09-03 18:09:28+0000,402,Eco sueño,Lluvia Club
u189,2026-09-08 14:36:27+0000,403,Noche ciudad,Sueño Band
u008,2026-09-09 11:37:47+0000,404,Lluvia noche,Tiempo Club
u024,2026-09-14 07:35:11+0000,405,Luna eco,Ciudad Trío
u070,2026-09-09 07:48:13+0000,406,Río tiempo,Mar Sur
u127,2026-09-04 20:41:55+0000,407,Tiempo noche,Ciudad Trío
u072,2026-09-15 15:49:02+0000,408,Lluvia sol,Lluvia Trío
u007,2026-09-10 17:30:36+0000,409,Noche lluvia,Sueño Band
u046,2026-09-15 14:06:14+0000,410,Tiempo mar,Mar Sur
u110,2026-09-12 21:37:25+0000,411,Noche fuego,Volcán Trío
u172,2026-09-28 07:44:29+0000,412,Fuego tiempo,Volcán Sur
u091,2026-09-28 19:07:22+0000,413,Río luna,Noche Club
u011,2026-09-30 23:25:07+0000,414,Cielo camino,Tiempo Club
u049,2026-09-30 20:58:59+0000,415,Luna viento,Lluvia Trío
u008,2026-09-14 13:42:59+0000,416,Sueño ciudad,Eco Norte
u081,2026-09-09 15:28:39+0000,417,Noche cielo,Eco Norte
u175,2026-09-25 13:30:10+0000,418,Volcán cielo,Fuego Sur
u028,2026-09-27 16:50:54+0000,419,Camino horizonte,Tiempo Band
u164,2026-09-17 18:18:44+0000,420,Fuego noche,Lluvia Trío
u093,2026-09-07 11:52:23+0000,421,Noche luna,Sueño Band
u087,2026-09-21 15:26:53+0000,422,Volcán ciudad,Lluvia Trío
u059,2026-09-27 02:53:18+0000,423,Luna ciudad,Volcán Trío
u145,2026-09-23 08:01:51+0000,424,Viento ciudad,Volcán Sur
u123,2026-09-03 20:40:35+0000,425,Sol río,Cielo Trío
u134,2026-09-07 20:29:58+0000,426,Volcán viento,Horizonte Trío
u120,2026-09-05 10:03:18+0000,427,Horizonte sol,Mar Club
u027,2026-09-21 18:32:41+0000,428,Camino horizonte,Tiempo Band
u047,2026-09-04 08:22:38+0000,429,Noche horizonte,Lluvia Band
u131,2026-09-13 12:30:33+0000,430,Ciudad tiempo,Lluvia Trío
u162,2026-09-07 15:39:24+0000,431,Camino fuego,Cielo Sur
u104,2026-09-15 15:36:48+0000,432,Ciudad ciudad,Tiempo Trío
u156,2026-09-12 06:34:22+0000,433,Tiempo fuego,Volcán Trío
u185,2026-09-23 02:27:47+0000,434,Camino camino,Luna Sur
u031,2026-09-03 20:06:18+0000,435,Tiempo sol,Mar Norte
u044,2026-09-30 07:13:47+0000,436,Noche ciudad,Sueño Band
u147,2026-09-26 08:09:54+0000,437,Tiempo ciudad,Fuego Sur
u078,2026-09-10 09:21:00+0000,438,Camino fuego,Cielo Sur
u184,2026-09-26 16:32:55+0000,439,Viento ciudad,Tiempo Club
u179,2026-09-14 10:56:12+0000,440,Tiempo horizonte,Volcán Sur
u035,2026-09-03 18:40:47+0000,441,Ciudad mar,Cielo Band
u003,2026-09-18 22:41:53+0000,442,Volcán volcán,Tiempo Band
u078,2026-09-24 21:44:40+0000,443,Mar volcán,Cielo Trío
u077,2026-09-10 10:01:51+0000,444,Tiempo mar,Mar Sur
u018,2026-09-28 18:30:22+0000,445,Lluvia cielo,Horizonte Trío
u192,2026-09-26 12:36:27+0000,446,Cielo viento,Cielo Sur
u097,2026-09-28 13:30:42+0000,447,Eco sueño,Lluvia Club
u010,2026-09-03 08:50:47+0000,448,Tiempo viento,Lluvia Trío
u005,2026-09-23 13:28:15+0000,449,Eco sueño,Lluvia Club
u041,2026-09-19 08:52:52+0000,450,Camino horizonte,Tiempo Band
u018,2026-09-16 16:56:27+0000,451,Viento lluvia,Mar Norte
u099,2026-09-18 10:30:07+0000,452,Lluvia noche,Tiempo Club
u136,2026-09-09 19:29:24+0000,453,Ciudad camino,Mar Club
u195,2026-09-04 11:41:37+0000,454,Eco cielo,Cielo Band
u168,2026-09-08 22:59:09+0000,455,Fuego ciudad,Cielo Band
u111,2026-09-14 16:26:34+0000,456,Mar cielo,Fuego Sur
u082,2026-09-08 12:30:11+0000,457,Camino fuego,Cielo Sur
u154,2026-09-13 07:28:05+0000,458,Volcán lluvia,Cielo Trío
u165,2026-09-27 08:05:03+0000,459,Fuego ciudad,Sueño Band
u039,2026-09-04 14:46:19+0000,460,Ciudad fuego,Ciudad Band
u039,2026-09-28 14:57:40+0000,461,Fuego noche,Ciudad Trío
u047,2026-09-18 13:52:45+0000,462,Volcán camino,Tiempo Club
u180,2026-09-26 20:53:28+0000,463,Noche viento,Mar Club
u154,2026-09-20 22:26:00+0000,464,Noche fuego,Volcán Trío
u193,2026-09-08 09:05:11+0000,465,Viento ciudad,Lluvia Trío
u189,2026-09-11 20:47:21+0000,466,Viento lluvia,Mar Norte
u080,2026-09-04 15:27:01+0000,467,Lluvia tiempo,Lluvia Trío
u124,2026-09-04 07:54:08+0000,468,Río ciudad,Mar Sur
u111,2026-09-07 10:49:31+0000,469,Volcán volcán,Tiempo Band
u087,2026-09-09 19:36:54+0000,470,Eco viento,Tiempo Band
u008,2026-09-14 00:54:10+0000,471,Ciudad cielo,Eco Norte
u051,2026-09-19 19:50:27+0000,472,Luna camino,Lluvia Trío
u196,2026-09-30 16:21:58+0000,473,Sueño sol,Mar Sur
u082,2026-09-27 21:41:51+0000,474,Lluvia cielo,Horizonte Trío
u134,2026-09-30 17:13:38+0000,475,Fuego eco,Camino Norte
u097,2026-09-07 18:46:24+0000,476,Cielo camino,Tiempo Club
u177,2026-09-14 14:34:15+0000,477,Lluvia mar,Sueño Band
u067,2026-09-28 22:04:27+0000,478,Tiempo noche,Eco Norte
u103,2026-09-02 09:28:45+0000,479,Tiempo viento,Lluvia Trío
u149,2026-09-27 10:43:01+0000,480,Volcán horizonte,Noche Club
u169,2026-09-09 11:21:57+0000,481,Sol lluvia,Tiempo Band
u189,2026-09-21 08:01:05+0000,482,Camino viento,Viento Norte
u174,2026-09-19 14:38:21+0000,483,Noche fuego,Volcán Trío
u003,2026-09-25 06:27:08+0000,484,Ciudad camino,Mar Club
u046,2026-09-27 16:27:22+0000,485,Eco cielo,Cielo Band
u134,2026-09-19 20:36:36+0000,486,Volcán fuego,Luna Band
u148,2026-09-09 18:37:17+0000,487,Fuego eco,Camino Norte
u144,2026-09-18 07:28:49+0000,488,Camino viento,Viento Norte
u035,2026-09-07 13:04:27+0000,489,Camino horizonte,Tiempo Band
u092,2026-09-22 16:41:56+0000,490,Fuego volcán,Cielo Trío
u128,2026-09-19 11:14:19+0000,491,Mar fuego,Lluvia Sur
u048,2026-09-18 03:45:37+0000,492,Fuego viento,Lluvia Club
u059,2026-09-30 11:57:02+0000,493,Sol mar,Tiempo Sur
u096,2026-09-21 08:20:59+0000,494,Ciudad tiempo,Lluvia Trío
u087,2026-09-02 08:01:15+0000,495,Tiempo volcán,Lluvia Trío
u038,2026-09-25 01:50:52+0000,496,Sol luna,Cielo Trío
u095,2026-09-25 16:41:51+0000,497,Fuego noche,Ciudad Trío
u088,2026-09-28 19:17:05+0000,498,Fuego noche,Lluvia Trío
u010,2026-09-04 20:07:15+0000,499,Fuego noche,Lluvia Trío
u005,2026-09-08 13:41:11+0000,500,Cielo río,Tiempo Trío
u142,2026-09-17 20:12:17+0000,501,Cielo ciudad,Tiempo Sur
u037,2026-09-15 13:38:42+0000,502,Ciudad camino,Mar Club
u078,2026-09-17 07:12:19+0000,503,Luna ciudad,Volcán Trío
u082,2026-09-22 07:39:51+0000,504,Noche cielo,Eco Norte
u128,2026-09-27 18:25:52+0000,505,Ciudad horizonte,Viento Band
u146,2026-09-26 13:48:12+0000,506,Mar fuego,Lluvia Trío
u185,2026-09-11 12:57:04+0000,507,Noche luna,Sueño Band
u117,2026-09-01 22:09:47+0000,508,Fuego noche,Horizonte Trío
u137,2026-09-24 14:11:06+0000,509,Fuego volcán,Cielo Trío
u162,2026-09-18 13:13:25+0000,510,Mar viento,Tiempo Sur
u070,2026-09-15 14:34:18+0000,511,Volcán mar,Mar Club
u003,2026-09-01 09:29:24+0000,512,Tiempo mar,Mar Sur
u046,2026-09-24 18:31:53+0000,513,Ciudad tiempo,Mar Club
u025,2026-09-09 15:02:31+0000,514,Sol río,Cielo Trío
u002,2026-09-26 19:00:49+0000,515,Mar cielo,Volcán Trío
u134,2026-09-10 18:01:25+0000,516,Sueño tiempo,Lluvia Trío
u064,2026-09-25 15:56:45+0000,517,Viento lluvia,Mar Norte
u088,2026-09-27 15:14:28+0000,518,Camino horizonte,Tiempo Band
u180,2026-09-24 19:58:25+0000,519,Eco cielo,Tiempo Club
u077,2026-09-22 15:11:51+0000,520,Ciudad tiempo,Lluvia Trío
u134,2026-09-10 19:55:02+0000,521,Viento ciudad,Tiempo Club
u159,2026-09-29 18:53:12+0000,522,Camino camino,Luna Sur
u119,2026-09-09 09:51:22+0000,523,Viento camino,Ciudad Trío
u036,2026-09-05 08:11:19+0000,524,Río noche,Lluvia Band
u046,2026-09-27 15:30:19+0000,525,Tiempo ciudad,Fuego Sur
u057,2026-09-17 04:59:14+0000,526,Viento noche,Cielo Band
u051,2026-09-22 10:54:21+0000,527,Fuego tiempo,Lluvia Sur
u093,2026-09-27 08:27:59+0000,528,Río lluvia,Noche Club
u064,2026-09-25 12:09:52+0000,529,Ciudad camino,Mar Club
u196,2026-09-05 09:10:15+0000,530,Río volcán,Camino Norte
u067,2026-09-13 19:15:37+0000,531,Horizonte lluvia,Sueño Band
u156,2026-09-04 22:31:53+0000,532,Tiempo ciudad,Fuego Sur
u036,2026-09-22 21:24:49+0000,533,Fuego noche,Ciudad Trío
u173,2026-09-08 16:45:15+0000,534,Río lluvia,Noche Club
u039,2026-09-04 15:25:57+0000,535,Fuego mar,Tiempo Club
u058,2026-09-20 11:51:18+0000,536,Eco mar,Tiempo Band
u041,2026-09-08 05:35:43+0000,537,Cielo tiempo,Lluvia Club
u074,2026-09-05 21:23:33+0000,538,Camino camino,Luna Sur
u082,2026-09-22 12:09:50+0000,539,Viento lluvia,Mar Norte
u081,2026-09-03 13:09:55+0000,540,Cielo cielo,Horizonte Trío
u105,2026-09-29 11:50:07+0000,541,Viento ciudad,Mar Sur
u052,2026-09-05 16:06:25+0000,542,Ciudad horizonte,Viento Band
u180,2026-09-05 19:08:00+0000,543,Sueño ciudad,Horizonte Sur
u153,2026-09-12 18:20:29+0000,544,Horizonte viento,Cielo Trío
u172,2026-09-13 18:00:24+0000,545,Ciudad luna,Sueño Band
u138,2026-09-26 08:37:42+0000,546,Mar mar,Viento Norte
u139,2026-09-04 07:33:10+0000,547,Camino eco,Lluvia Trío
u022,2026-09-22 12:59:37+0000,548,Noche ciudad,Horizonte Trío
u152,2026-09-21 08:24:18+0000,549,Mar volcán,Cielo Trío
u031,2026-09-22 12:38:45+0000,550,Lluvia sol,Lluvia Trío
u128,2026-09-29 19:03:08+0000,551,Fuego lluvia,Lluvia Trío
u059,2026-09-01 19:31:29+0000,552,Fuego viento,Lluvia Club
u139,2026-09-05 17:20:34+0000,553,Mar horizonte,Lluvia Club
u051,2026-09-19 00:29:53+0000,554,Ciudad mar,Cielo Band
u063,2026-09-20 21:13:48+0000,555,Fuego tiempo,Ciudad Trío
u062,2026-09-25 16:10:06+0000,556,Noche ciudad,Horizonte Trío
u063,2026-09-22 19:53:13+0000,557,Eco luna,Cielo Trío
u179,2026-09-09 16:30:11+0000,558,Tiempo horizonte,Eco Norte
u073,2026-09-20 12:45:35+0000,559,Fuego viento,Lluvia Club
u017,2026-09-05 10:40:06+0000,560,Sol volcán,Volcán Trío
u188,2026-09-15 21:00:18+0000,561,Horizonte sueño,Fuego Sur
u093,2026-09-18 16:50:05+0000,562,Eco sol,Horizonte Sur
u155,2026-09-04 19:16:53+0000,563,Horizonte lluvia,Volcán Trío
u071,2026-09-23 18:07:58+0000,564,Volcán fuego,Luna Band
u055,2026-09-19 15:46:17+0000,565,Mar cielo,Volcán Trío
u116,2026-09-13 19:23:13+0000,566,Sol volcán,Volcán Trío
u188,2026-09-06 09:59:20+0000,567,Luna sol,Luna Band
u039,2026-09-08 12:53:34+0000,568,Luna lluvia,Cielo Trío
u157,2026-09-23 13:55:33+0000,569,Río tiempo,Mar Sur
u157,2026-09-13 08:26:48+0000,570,Volcán camino,Tiempo Club
u098,2026-09-18 12:52:51+0000,571,Horizonte fuego,Lluvia Trío
u107,2026-09-21 19:57:32+0000,572,Sol lluvia,Tiempo Band
u133,2026-09-21 20:52:03+0000,573,Mar volcán,Cielo Trío
u124,2026-09-29 13:44:52+0000,574,Sueño tiempo,Lluvia Trío
u192,2026-09-24 12:15:48+0000,575,Cielo viento,Volcán Norte
u008,2026-09-07 14:38:35+0000,576,Luna tiempo,Cielo Band
u076,2026-09-20 22:54:47+0000,577,Mar horizonte,Lluvia Club
u093,2026-09-05 02:30:47+0000,578,Volcán fuego,Luna Band
u142,2026-09-03 14:38:13+0000,579,Lluvia cielo,Horizonte Trío
u008,2026-09-12 19:50:51+0000,580,Ciudad tiempo,Lluvia Trío
u172,2026-09-14 19:57:11+0000,581,Lluvia cielo,Lluvia Club
u049,2026-09-18 18:09:20+0000,582,Río ciudad,Mar Sur
u106,2026-09-03 06:17:43+0000,583,Río tiempo,Mar Sur
u082,2026-09-19 13:50:26+0000,584,Fuego ciudad,Eco Norte
u108,2026-09-27 19:36:59+0000,585,Tiempo fuego,Volcán Trío
u137,2026-09-11 19:07:52+0000,586,Volcán mar,Tiempo Sur
u031,2026-09-26 09:24:41+0000,587,Lluvia fuego,Sueño Band
u139,2026-09-01 07:12:06+0000,588,Río lluvia,Mar Norte
u149,2026-09-26 14:34:25+0000,589,Mar sueño,Mar Band
u044,2026-09-10 14:25:10+0000,590,Mar volcán,Lluvia Sur
u034,2026-09-01 14:43:47+0000,591,Tiempo sol,Mar Norte
u166,2026-09-23 16:57:00+0000,592,Ciudad camino,Mar Club
u171,2026-09-08 08:33:35+0000,593,Mar cielo,Fuego Sur
u147,2026-09-11 11:04:01+0000,594,Volcán luna,Mar Sur
u009,2026-09-04 11:19:28+0000,595,Eco cielo,Tiempo Club
u153,2026-09-17 05:28:35+0000,596,Ciudad fuego,Fuego Sur
u131,2026-09-03 20:29:14+0000,597,Viento horizonte,Camino Norte
u070,2026-09-23 11:10:20+0000,598,Cielo ciudad,Cielo Trío
u134,2026-09-23 13:15:23+0000,599,Cielo río,Mar Band
u196,2026-09-15 19:11:51+0000,600,Volcán noche,Lluvia Trío
u141,2026-09-01 15:27:41+0000,601,Fuego tiempo,Lluvia Sur
u172,2026-09-20 19:43:34+0000,602,Camino horizonte,Tiempo Band
u122,2026-09-15 20:42:33+0000,603,Cielo volcán,Mar Norte
u084,2026-09-06 12:58:49+0000,604,Lluvia lluvia,Tiempo Club
u108,2026-09-02 17:23:45+0000,605,Volcán mar,Mar Club
u049,2026-09-19 11:26:43+0000,606,Viento ciudad,Lluvia Trío
u113,2026-09-27 14:57:28+0000,607,Eco luna,Cielo Trío
u191,2026-09-16 07:55:42+0000,608,Lluvia luna,Mar Norte
u195,2026-09-06 11:34:42+0000,609,Camino viento,Mar Band
u141,2026-09-22 13:55:58+0000,610,Tiempo horizonte,Eco Norte
u104,2026-09-21 13:22:44+0000,611,Noche ciudad,Ciudad Trío
u042,2026-09-08 10:13:23+0000,612,Cielo ciudad,Cielo Trío
u105,2026-09-11 14:13:12+0000,613,Mar sueño,Mar Band
u171,2026-09-16 08:06:44+0000,614,Mar cielo,Ciudad Trío
u093,2026-09-13 13:03:01+0000,615,Noche volcán,Horizonte Sur
u081,2026-09-20 15:04:52+0000,616,Sueño ciudad,Horizonte Sur
u103,2026-09-15 11:19:18+0000,617,Horizonte fuego,Volcán Sur
u099,2026-09-18 16:02:39+0000,618,Lluvia lluvia,Tiempo Club
u007,2026-09-29 10:29:09+0000,619,Horizonte viento,Eco Norte
u166,2026-09-21 12:15:49+0000,620,Volcán lluvia,Ciudad Band
u150,2026-09-07 21:35:31+0000,621,Luna mar,Ciudad Trío
u059,2026-09-30 16:41:43+0000,622,Ciudad tiempo,Mar Club
u050,2026-09-13 12:19:14+0000,623,Cielo ciudad,Cielo Trío
u144,2026-09-19 15:23:04+0000,624,Viento lluvia,Mar Norte
u031,2026-09-12 14:59:43+0000,625,Volcán mar,Mar Club
u179,2026-09-15 12:56:44+0000,626,Fuego noche,Horizonte Trío
u081,2026-09-22 23:52:19+0000,627,Noche volcán,Horizonte Sur
u049,2026-09-13 16:40:25+0000,628,Sol luna,Cielo Trío
u163,2026-09-06 20:37:05+0000,629,Sueño ciudad,Eco Norte
u003,2026-09-15 13:37:54+0000,630,Fuego noche,Lluvia Trío
u153,2026-09-11 14:59:46+0000,631,Eco volcán,Volcán Norte
u190,2026-09-16 10:35:27+0000,632,Río noche,Lluvia Band
u056,2026-09-07 15:53:34+0000,633,Luna ciudad,Noche Club
u103,2026-09-07 09:30:23+0000,634,Sol mar,Tiempo Sur
u011,2026-09-20 05:54:09+0000,635,Sueño fuego,Eco Norte
u179,2026-09-20 17:00:04+0000,636,Horizonte sueño,Fuego Sur
u089,2026-09-28 07:09:49+0000,637,Eco luna,Cielo Trío
u185,2026-09-07 15:50:29+0000,638,Cielo volcán,Mar Norte
u122,2026-09-25 02:33:42+0000,639,Volcán mar,Cielo Trío
u064,2026-09-19 05:27:22+0000,640,Lluvia sol,Tiempo Sur
u102,2026-09-06 14:45:58+0000,641,Sueño viento,Horizonte Sur
u061,2026-09-19 18:58:43+0000,642,Noche mar,Eco Norte
u043,2026-09-02 05:52:28+0000,643,Luna lluvia,Cielo Trío
u154,2026-09-12 17:12:55+0000,644,Fuego viento,Mar Club
u008,2026-09-21 10:19:24+0000,645,Camino lluvia,Viento Band
u157,2026-09-30 07:50:57+0000,646,Volcán noche,Volcán Sur
u036,2026-09-06 18:59:21+0000,647,Camino tiempo,Cielo Sur
u175,2026-09-04 20:01:02+0000,648,Sueño sueño,Volcán Trío
u192,2026-09-24 11:28:25+0000,649,Ciudad camino,Mar Club
u050,2026-09-25 11:58:36+0000,650,Fuego mar,Tiempo Club
u014,2026-09-26 12:31:54+0000,651,Río sueño,Ciudad Band
u092,2026-09-13 15:55:36+0000,652,Ciudad lluvia,Mar Band
u018,2026-09-18 22:49:03+0000,653,Fuego viento,Lluvia Club
u022,2026-09-22 06:24:07+0000,654,Río río,Lluvia Band
u069,2026-09-21 17:44:43+0000,655,Camino horizonte,Tiempo Band
u139,2026-09-24 18:36:55+0000,656,Noche volcán,Horizonte Sur
u172,2026-09-08 02:20:04+0000,657,Fuego volcán,Cielo Trío
u093,2026-09-14 14:35:18+0000,658,Volcán mar,Mar Club
u173,2026-09-25 16:11:03+0000,659,Ciudad horizonte,Viento Band
u115,2026-09-15 17:18:34+0000,660,Noche viento,Mar Club
u133,2026-09-15 02:20:40+0000,661,Cielo noche,Tiempo Band
u153,2026-09-01 15:11:52+0000,662,Lluvia luna,Mar Norte
u086,2026-09-25 14:51:49+0000,663,Noche sol,Cielo Band
u118,2026-09-30 08:27:06+0000,664,Viento ciudad,Tiempo Club
u180,2026-09-18 02:45:16+0000,665,Mar camino,Volcán Norte
u110,2026-09-06 10:12:57+0000,666,Noche fuego,Volcán Trío
u084,2026-09-16 15:29:13+0000,667,Ciudad sueño,Cielo Sur
u034,2026-09-19 05:51:07+0000,668,Noche ciudad,Tiempo Sur
u154,2026-09-22 10:06:11+0000,669,Viento eco,Volcán Sur
u131,2026-09-12 06:16:32+0000,670,Viento ciudad,Tiempo Club
u071,2026-09-02 19:46:31+0000,671,Sueño ciudad,Ciudad Trío
u090,2026-09-05 18:44:13+0000,672,Cielo ciudad,Tiempo Sur
u097,2026-09-02 21:10:28+0000,673,Ciudad ciudad,Tiempo Trío
u048,2026-09-02 18:02:47+0000,674,Viento noche,Cielo Band
u167,2026-09-08 17:53:01+0000,675,Cielo noche,Tiempo Band
u098,2026-09-26 13:23:25+0000,676,Sol volcán,Volcán Trío
u157,2026-09-19 12:31:52+0000,677,Cielo noche,Lluvia Trío
u117,2026-09-12 20:51:48+0000,678,Horizonte lluvia,Volcán Trío
u169,2026-09-17 18:46:20+0000,679,Ciudad tiempo,Lluvia Trío
u066,2026-09-18 07:26:32+0000,680,Ciudad luna,Sueño Band
u131,2026-09-24 12:08:07+0000,681,Tiempo mar,Mar Sur
u134,2026-09-01 12:51:49+0000,682,Horizonte sueño,Cielo Trío
u072,2026-09-18 13:14:14+0000,683,Lluvia ciudad,Fuego Sur
u116,2026-09-30 04:10:18+0000,684,Noche viento,Mar Club
u168,2026-09-22 15:03:54+0000,685,Fuego noche,Ciudad Trío
u063,2026-09-23 07:27:22+0000,686,Volcán fuego,Sueño Band
u175,2026-09-14 22:57:09+0000,687,Ciudad tiempo,Noche Club
u085,2026-09-15 12:06:23+0000,688,Ciudad cielo,Eco Norte
u092,2026-09-09 07:22:34+0000,689,Ciudad tiempo,Lluvia Trío
u147,2026-09-22 21:54:15+0000,690,Luna viento,Lluvia Trío
u061,2026-09-29 13:52:24+0000,691,Fuego río,Mar Band
u152,2026-09-17 11:19:09+0000,692,Río ciudad,Mar Sur
u035,2026-09-26 22:46:18+0000,693,Mar horizonte,Tiempo Trío
u195,2026-09-25 17:31:29+0000,694,Ciudad cielo,Mar Norte
u045,2026-09-03 10:58:31+0000,695,Lluvia noche,Tiempo Club
u153,2026-09-23 12:55:28+0000,696,Volcán mar,Mar Club
u064,2026-09-06 13:01:52+0000,697,Cielo viento,Volcán Norte
u052,2026-09-14 08:44:14+0000,698,Luna ciudad,Volcán Trío
u040,2026-09-12 20:27:11+0000,699,Río lluvia,Camino Norte
u180,2026-09-10 22:54:22+0000,700,Río cielo,Tiempo Club
u155,2026-09-09 19:59:26+0000,701,Eco cielo,Cielo Band
u046,2026-09-09 15:43:38+0000,702,Volcán lluvia,Ciudad Band
u175,2026-09-20 13:31:42+0000,703,Eco cielo,Mar Band
u189,2026-09-12 14:20:41+0000,704,Viento eco,Tiempo Sur
u082,2026-09-02 09:52:46+0000,705,Horizonte viento,Eco Norte
u081,2026-09-02 14:01:33+0000,706,Viento noche,Cielo Band
u160,2026-09-17 12:57:27+0000,707,Ciudad fuego,Fuego Sur
u167,2026-09-01 13:39:16+0000,708,Tiempo horizonte,Volcán Sur
u106,2026-09-07 19:48:39+0000,709,Horizonte sol,Mar Club
u003,2026-09-01 19:54:01+0000,710,Sueño ciudad,Horizonte Sur
u113,2026-09-19 08:56:27+0000,711,Cielo volcán,Mar Norte
u021,2026-09-12 09:04:13+0000,712,Noche viento,Mar Club
u161,2026-09-13 23:12:08+0000,713,Río lluvia,Mar Norte
u160,2026-09-22 04:28:55+0000,714,Horizonte lluvia,Volcán Trío
u171,2026-09-26 17:58:44+0000,715,Ciudad mar,Cielo Band
u025,2026-09-30 21:40:03+0000,716,Fuego mar,Tiempo Club
u064,2026-09-17 14:43:29+0000,717,Río sueño,Eco Norte
u085,2026-09-05 10:34:57+0000,718,Noche río,Lluvia Band
u122,2026-09-24 22:40:54+0000,719,Volcán lluvia,Ciudad Band
u189,2026-09-28 12:13:19+0000,720,Fuego horizonte,Lluvia Band
u149,2026-09-29 01:00:36+0000,721,Lluvia lluvia,Tiempo Club
u098,2026-09-08 16:49:30+0000,722,Sueño fuego,Eco Norte
u106,2026-09-21 21:23:20+0000,723,Mar horizonte,Tiempo Trío
u191,2026-09-11 16:34:24+0000,724,Sueño ciudad,Ciudad Trío
u077,2026-09-28 22:03:09+0000,725,Mar cielo,Ciudad Trío
u118,2026-09-02 12:18:13+0000,726,Río lluvia,Noche Club
u036,2026-09-29 18:16:06+0000,727,Eco mar,Tiempo Band
u160,2026-09-03 23:13:21+0000,728,Ciudad fuego,Ciudad Band
u192,2026-09-13 01:45:15+0000,729,Horizonte sueño,Cielo Trío
u093,2026-09-18 06:47:00+0000,730,Viento ciudad,Mar Sur
u158,2026-09-28 09:30:19+0000,731,Volcán luna,Mar Sur
u090,2026-09-27 16:30:04+0000,732,Camino viento,Viento Band
u133,2026-09-03 15:32:05+0000,733,Lluvia noche,Tiempo Club
u180,2026-09-24 11:24:11+0000,734,Eco sueño,Lluvia Club
u033,2026-09-23 12:32:24+0000,735,Sueño fuego,Eco Norte
u195,2026-09-05 06:18:12+0000,736,Río lluvia,Noche Club
u196,2026-09-26 11:02:59+0000,737,Cielo noche,Lluvia Trío
u096,2026-09-15 15:29:01+0000,738,Luna cielo,Noche Club
u171,2026-09-06 13:29:10+0000,739,Río río,Lluvia Band
u176,2026-09-23 11:28:17+0000,740,Mar cielo,Fuego Sur
u077,2026-09-28 18:57:00+0000,741,Mar volcán,Lluvia Sur
u181,2026-09-14 08:12:17+0000,742,Horizonte lluvia,Ciudad Trío
u006,2026-09-03 06:40:18+0000,743,Tiempo ciudad,Fuego Sur
u023,2026-09-22 19:03:37+0000,744,Camino fuego,Cielo Sur
u195,2026-09-23 14:35:10+0000,745,Camino viento,Mar Band
u076,2026-09-28 07:14:35+0000,746,Volcán camino,Tiempo Club
u064,2026-09-23 13:20:44+0000,747,Fuego lluvia,Lluvia Trío
u081,2026-09-08 21:57:03+0000,748,Lluvia noche,Tiempo Club
u035,2026-09-30 12:24:40+0000,749,Lluvia sol,Tiempo Sur
u163,2026-09-04 14:57:46+0000,750,Luna horizonte,Tiempo Sur
u098,2026-09-12 11:02:38+0000,751,Sol mar,Horizonte Sur
u180,2026-09-02 20:19:44+0000,752,Tiempo lluvia,Cielo Sur
u115,2026-09-21 16:30:39+0000,753,Camino lluvia,Viento Band
u015,2026-09-11 13:57:36+0000,754,Horizonte lluvia,Sueño Band
u184,2026-09-06 19:21:16+0000,755,Lluvia sol,Lluvia Trío
u033,2026-09-26 16:17:17+0000,756,Tiempo noche,Ciudad Trío
u155,2026-09-12 02:39:45+0000,757,Camino viento,Viento Norte
u022,2026-09-10 20:27:40+0000,758,Sueño fuego,Cielo Sur
u085,2026-09-01 16:28:48+0000,759,Mar sueño,Mar Band
u142,2026-09-05 15:20:26+0000,760,Mar cielo,Tiempo Trío
u105,2026-09-09 18:19:41+0000,761,Lluvia cielo,Lluvia Club
u141,2026-09-29 13:32:08+0000,762,Luna tiempo,Cielo Band
u181,2026-09-14 15:25:26+0000,763,Tiempo ciudad,Fuego Sur
u178,2026-09-12 11:29:23+0000,764,Horizonte lluvia,Ciudad Trío
u081,2026-09-14 05:24:08+0000,765,Luna mar,Ciudad Trío
u083,2026-09-27 07:26:59+0000,766,Lluvia noche,Tiempo Club
u047,2026-09-17 05:09:13+0000,767,Horizonte viento,Mar Club
u079,2026-09-06 05:56:07+0000,768,Tiempo sol,Tiempo Trío
u166,2026-09-17 08:53:22+0000,769,Volcán noche,Lluvia Trío
u106,2026-09-03 17:35:41+0000,770,Fuego mar,Tiempo Club
u053,2026-09-29 07:59:00+0000,771,Noche mar,Eco Norte
u034,2026-09-15 13:36:38+0000,772,Volcán camino,Tiempo Club
u086,2026-09-30 08:39:17+0000,773,Camino fuego,Lluvia Sur
u044,2026-09-12 19:57:09+0000,774,Tiempo fuego,Cielo Trío
u124,2026-09-21 00:55:01+0000,775,Río luna,Lluvia Club
u009,2026-09-12 05:37:39+0000,776,Mar mar,Tiempo Band
u150,2026-09-02 10:25:01+0000,777,Volcán lluvia,Ciudad Band
u073,2026-09-13 13:36:01+0000,778,Lluvia cielo,Lluvia Club
u064,2026-09-01 10:35:57+0000,779,Noche lluvia,Volcán Norte
u171,2026-09-19 10:18:17+0000,780,Sueño sueño,Volcán Trío
u047,2026-09-18 20:08:08+0000,781,Fuego horizonte,Noche Club
u173,2026-09-18 14:14:21+0000,782,Camino eco,Lluvia Trío
u074,2026-09-24 03:16:12+0000,783,Cielo río,Cielo Trío
u180,2026-09-18 14:57:45+0000,784,Tiempo mar,Mar Sur
u109,2026-09-24 21:26:13+0000,785,Eco sueño,Lluvia Club
u096,2026-09-30 15:49:09+0000,786,Luna ciudad,Volcán Trío
u148,2026-09-08 17:50:41+0000,787,Luna sol,Luna Band
u167,2026-09-11 08:31:34+0000,788,Luna ciudad,Volcán Trío
u048,2026-09-14 16:04:11+0000,789,Horizonte viento,Eco Norte
u195,2026-09-19 15:27:39+0000,790,Camino horizonte,Tiempo Band
u090,2026-09-04 18:36:33+0000,791,Luna viento,Lluvia Trío
u011,2026-09-14 20:48:18+0000,792,Mar cielo,Viento Band
u087,2026-09-13 20:47:28+0000,793,Fuego volcán,Cielo Trío
u111,2026-09-13 22:24:24+0000,794,Ciudad cielo,Eco Norte
u193,2026-09-22 06:27:32+0000,795,Eco cielo,Cielo Band
u077,2026-09-10 20:29:45+0000,796,Fuego volcán,Cielo Trío
u147,2026-09-07 23:16:24+0000,797,Viento eco,Volcán Sur
u072,2026-09-10 14:39:02+0000,798,Viento ciudad,Tiempo Club
u173,2026-09-27 16:33:32+0000,799,Viento camino,Ciudad Trío
u156,2026-09-09 10:55:47+0000,800,Cielo cielo,Horizonte Trío
u191,2026-09-27 20:35:13+0000,801,Luna ciudad,Volcán Trío
u087,2026-09-13 14:07:26+0000,802,Tiempo volcán,Lluvia Trío
u173,2026-09-20 02:35:02+0000,803,Volcán mar,Mar Club
u174,2026-09-05 07:01:44+0000,804,Río luna,Noche Club
u110,2026-09-26 19:05:02+0000,805,Fuego noche,Lluvia Trío
u026,2026-09-02 08:56:27+0000,806,Lluvia ciudad,Fuego Sur
u137,2026-09-07 08:15:41+0000,807,Lluvia luna,Mar Norte
u108,2026-09-12 08:02:25+0000,808,Horizonte lluvia,Volcán Trío
u165,2026-09-27 09:00:15+0000,809,Noche horizonte,Lluvia Band
u002,2026-09-16 11:51:40+0000,810,Sueño ciudad,Ciudad Trío
u176,2026-09-11 19:40:22+0000,811,Noche ciudad,Tiempo Sur
u189,2026-09-14 10:52:33+0000,812,Mar camino,Volcán Norte
u062,2026-09-27 20:21:29+0000,813,Tiempo sueño,Luna Sur
u193,2026-09-01 21:24:41+0000,814,Fuego noche,Ciudad Trío
u081,2026-09-17 03:06:11+0000,815,Viento ciudad,Tiempo Club
u119,2026-09-10 19:58:33+0000,816,Ciudad luna,Sueño Band
u171,2026-09-25 15:45:43+0000,817,Ciudad cielo,Eco Norte
u191,2026-09-28 16:22:05+0000,818,Lluvia cielo,Horizonte Trío
u168,2026-09-17 16:13:33+0000,819,Noche viento,Luna Band
u077,2026-09-03 19:34:38+0000,820,Sueño viento,Horizonte Sur
u031,2026-09-20 15:57:27+0000,821,Tiempo noche,Ciudad Trío
u071,2026-09-03 09:15:17+0000,822,Horizonte viento,Eco Norte
u150,2026-09-21 21:28:05+0000,823,Noche viento,Mar Club
u146,2026-09-20 15:37:10+0000,824,Cielo noche,Lluvia Trío
u169,2026-09-29 21:30:55+0000,825,Horizonte lluvia,Volcán Trío
u031,2026-09-11 07:55:34+0000,826,Luna ciudad,Volcán Trío
u104,2026-09-17 18:27:35+0000,827,Fuego tiempo,Ciudad Trío
u188,2026-09-20 08:26:41+0000,828,Lluvia ciudad,Luna Sur
u038,2026-09-18 05:32:06+0000,829,Viento lluvia,Mar Norte
u093,2026-09-08 19:52:41+0000,830,Noche viento,Mar Club
u053,2026-09-02 13:26:51+0000,831,Luna mar,Ciudad Trío
u030,2026-09-03 16:52:38+0000,832,Camino río,Luna Band
u087,2026-09-17 18:12:42+0000,833,Ciudad tiempo,Tiempo Band
u107,2026-09-05 19:39:40+0000,834,Sueño horizonte,Volcán Sur
u153,2026-09-07 19:37:24+0000,835,Camino camino,Luna Sur
u037,2026-09-09 11:54:44+0000,836,Tiempo sol,Tiempo Trío
u035,2026-09-01 19:37:18+0000,837,Ciudad camino,Mar Club
u022,2026-09-13 19:08:58+0000,838,Lluvia sol,Tiempo Sur
u072,2026-09-30 15:58:24+0000,839,Sueño sol,Mar Sur
u015,2026-09-23 13:36:51+0000,840,Fuego tiempo,Lluvia Sur
u017,2026-09-01 04:03:39+0000,841,Luna lluvia,Cielo Trío
u009,2026-09-23 22:05:27+0000,842,Fuego horizonte,Lluvia Band
u200,2026-09-11 17:25:52+0000,843,Eco cielo,Cielo Band
u063,2026-09-29 10:30:49+0000,844,Fuego noche,Horizonte Trío
u041,2026-09-27 18:49:54+0000,845,Lluvia noche,Tiempo Club
u159,2026-09-10 19:37:31+0000,846,Fuego mar,Tiempo Club
u027,2026-09-18 09:54:00+0000,847,Eco eco,Sueño Band
u059,2026-09-13 07:24:35+0000,848,Camino viento,Mar Band
u023,2026-09-17 23:00:11+0000,849,Camino río,Luna Band
u175,2026-09-21 10:52:08+0000,850,Viento ciudad,Mar Sur
u041,2026-09-12 11:06:10+0000,851,Mar fuego,Lluvia Trío
u144,2026-09-23 13:29:47+0000,852,Fuego viento,Mar Club
u180,2026-09-10 12:21:56+0000,853,Sueño sol,Mar Sur
u139,2026-09-13 19:34:30+0000,854,Noche luna,Sueño Band
u152,2026-09-26 13:05:49+0000,855,Ciudad lluvia,Horizonte Trío
u158,2026-09-23 17:38:51+0000,856,Cielo viento,Cielo Sur
u093,2026-09-16 12:47:34+0000,857,Cielo camino,Tiempo Club
u192,2026-09-12 19:13:12+0000,858,Volcán viento,Volcán Sur
u049,2026-09-14 06:14:52+0000,859,Mar sueño,Mar Band
u110,2026-09-02 13:40:35+0000,860,Eco luna,Cielo Trío
u058,2026-09-06 14:37:53+0000,861,Noche sol,Cielo Band
u082,2026-09-16 17:19:20+0000,862,Cielo eco,Sueño Band
u124,2026-09-02 07:28:05+0000,863,Sol mar,Horizonte Sur
u056,2026-09-09 09:59:15+0000,864,Mar eco,Horizonte Sur
u092,2026-09-01 08:17:09+0000,865,Lluvia fuego,Sueño Band
u200,2026-09-25 15:57:10+0000,866,Volcán sueño,Lluvia Sur
u115,2026-09-12 13:41:54+0000,867,Eco sol,Horizonte Sur
u180,2026-09-27 16:53:41+0000,868,Tiempo noche,Ciudad Trío
u167,2026-09-06 14:17:39+0000,869,Horizonte sueño,Cielo Trío
u101,2026-09-28 07:54:48+0000,870,Camino fuego,Lluvia Sur
u063,2026-09-14 15:27:36+0000,871,Camino viento,Viento Norte
u139,2026-09-30 23:40:30+0000,872,Viento ciudad,Lluvia Trío
u168,2026-09-30 07:34:14+0000,873,Lluvia luna,Mar Norte
u156,2026-09-01 06:47:51+0000,874,Eco eco,Sueño Band
u123,2026-09-13 08:05:02+0000,875,Ciudad tiempo,Tiempo Band
u079,2026-09-17 01:20:57+0000,876,Mar volcán,Lluvia Sur
u194,2026-09-05 12:23:39+0000,877,Sueño ciudad,Horizonte Sur
u115,2026-09-03 19:58:45+0000,878,Eco eco,Sueño Band
u145,2026-09-01 21:22:46+0000,879,Cielo río,Mar Band
u093,2026-09-05 07:58:09+0000,880,Sueño camino,Volcán Sur
u019,2026-09-16 09:59:49+0000,881,Horizonte sol,Mar Club
u118,2026-09-11 18:47:58+0000,882,Ciudad sueño,Cielo Sur
u079,2026-09-24 13:41:54+0000,883,Volcán lluvia,Ciudad Band
u147,2026-09-07 18:47:34+0000,884,Río luna,Noche Club
u008,2026-09-25 10:54:12+0000,885,Eco cielo,Cielo Band
u006,2026-09-02 21:17:51+0000,886,Ciudad camino,Mar Club
u178,2026-09-17 15:55:26+0000,887,Río noche,Lluvia Band
u116,2026-09-02 19:21:31+0000,888,Tiempo viento,Lluvia Trío
u185,2026-09-19 13:07:15+0000,889,Horizonte lluvia,Volcán Trío
u077,2026-09-22 11:52:38+0000,890,Sueño ciudad,Horizonte Sur
u108,2026-09-11 13:36:52+0000,891,Horizonte lluvia,Ciudad Trío
u074,2026-09-18 14:49:23+0000,892,Luna río,Mar Band
u085,2026-09-13 12:55:54+0000,893,Mar ciudad,Noche Club
u030,2026-09-05 04:47:00+0000,894,Tiempo sueño,Luna Sur
u160,2026-09-29 19:04:17+0000,895,Luna ciudad,Noche Club
u133,2026-09-03 11:44:34+0000,896,Cielo ciudad,Cielo Trío
u058,2026-09-08 16:00:59+0000,897,Mar cielo,Tiempo Trío
u105,2026-09-11 17:55:58+0000,898,Viento noche,Cielo Trío
u008,2026-09-12 16:02:30+0000,899,Mar luna,Lluvia Trío
u081,2026-09-19 20:32:15+0000,900,Sueño horizonte,Volcán Sur
u153,2026-09-16 09:22:04+0000,901,Volcán volcán,Tiempo Band
u035,2026-09-11 18:30:38+0000,902,Noche mar,Eco Norte
u058,2026-09-11 16:09:59+0000,903,Ciudad horizonte,Viento Band
u065,2026-09-27 22:07:40+0000,904,Noche ciudad,Cielo Trío
u022,2026-09-19 18:48:58+0000,905,Tiempo sol,Mar Norte
u028,2026-09-11 03:53:54+0000,906,Mar cielo,Ciudad Trío
u106,2026-09-26 19:13:36+0000,907,Tiempo sol,Tiempo Trío
u079,2026-09-13 00:27:40+0000,908,Horizonte mar,Eco Norte
u120,2026-09-30 07:06:07+0000,909,Río tiempo,Mar Sur
u090,2026-09-17 21:30:47+0000,910,Cielo cielo,Horizonte Trío
u164,2026-09-04 08:42:15+0000,911,Mar volcán,Lluvia Sur
u119,2026-09-26 17:17:18+0000,912,Cielo noche,Tiempo Band
u070,2026-09-13 10:50:24+0000,913,Fuego mar,Tiempo Club
u052,2026-09-06 15:51:46+0000,914,Eco cielo,Mar Band
u066,2026-09-11 23:45:18+0000,915,Luna sueño,Eco Norte
u195,2026-09-08 02:17:35+0000,916,Mar volcán,Lluvia Sur
u081,2026-09-09 12:49:47+0000,917,Eco eco,Sueño Band
u133,2026-09-06 23:56:33+0000,918,Fuego ciudad,Cielo Band
u137,2026-09-23 16:37:59+0000,919,Lluvia eco,Lluvia Club
u158,2026-09-29 17:10:52+0000,920,Sueño tiempo,Lluvia Trío
u157,2026-09-29 09:54:31+0000,921,Noche sol,Cielo Band
u171,2026-09-02 11:57:23+0000,922,Noche sol,Cielo Band
u081,2026-09-04 12:45:36+0000,923,Río luna,Lluvia Club
u005,2026-09-05 18:49:25+0000,924,Eco cielo,Cielo Band
u005,2026-09-05 19:57:11+0000,925,Volcán luna,Mar Sur
u172,2026-09-25 16:29:04+0000,926,Viento ciudad,Lluvia Trío
u006,2026-09-16 17:01:23+0000,927,Volcán viento,Volcán Sur
u189,2026-09-23 22:42:47+0000,928,Mar camino,Volcán Norte
u094,2026-09-12 19:22:06+0000,929,Tiempo sol,Tiempo Trío
u064,2026-09-27 15:00:59+0000,930,Río volcán,Camino Norte
u096,2026-09-26 17:53:19+0000,931,Cielo cielo,Horizonte Trío
u031,2026-09-18 01:25:00+0000,932,Horizonte sueño,Fuego Sur
u013,2026-09-30 19:03:10+0000,933,Noche ciudad,Ciudad Trío
u099,2026-09-04 22:30:53+0000,934,Río lluvia,Noche Club
u127,2026-09-07 22:36:51+0000,935,Fuego horizonte,Noche Club
u067,2026-09-08 22:33:08+0000,936,Cielo noche,Tiempo Band
u118,2026-09-20 12:03:08+0000,937,Lluvia noche,Tiempo Club
u195,2026-09-25 22:16:56+0000,938,Río luna,Noche Club
u030,2026-09-06 12:56:20+0000,939,Noche ciudad,Horizonte Trío
u195,2026-09-03 12:48:56+0000,940,Tiempo ciudad,Fuego Sur
u007,2026-09-18 20:49:57+0000,941,Sueño tiempo,Lluvia Trío
u153,2026-09-17 18:53:59+0000,942,Luna ciudad,Lluvia Trío
u171,2026-09-20 17:26:23+0000,943,Cielo ciudad,Cielo Trío
u017,2026-09-04 02:13:44+0000,944,Lluvia sol,Lluvia Trío
u106,2026-09-17 12:28:05+0000,945,Viento lluvia,Mar Norte
u101,2026-09-19 14:10:40+0000,946,Mar cielo,Ciudad Trío
u118,2026-09-16 14:28:03+0000,947,Cielo río,Mar Band
u086,2026-09-26 08:32:52+0000,948,Cielo río,Mar Band
u082,2026-09-17 10:54:02+0000,949,Fuego noche,Ciudad Trío
u066,2026-09-21 10:03:20+0000,950,Lluvia tiempo,Ciudad Trío
u076,2026-09-15 17:57:51+0000,951,Noche ciudad,Tiempo Sur
u158,2026-09-15 08:35:21+0000,952,Volcán mar,Mar Club
u172,2026-09-17 07:31:22+0000,953,Tiempo fuego,Volcán Trío
u017,2026-09-15 21:31:12+0000,954,Volcán luna,Mar Sur
u195,2026-09-14 21:10:47+0000,955,Fuego luna,Fuego Trío
u185,2026-09-24 21:17:36+0000,956,Cielo río,Tiempo Trío
u083,2026-09-28 08:17:56+0000,957,Camino fuego,Cielo Sur
u103,2026-09-12 13:53:20+0000,958,Cielo cielo,Horizonte Trío
u086,2026-09-10 05:50:53+0000,959,Sol mar,Horizonte Sur
u076,2026-09-28 22:53:46+0000,960,Sueño fuego,Cielo Sur
u120,2026-09-11 18:28:37+0000,961,Cielo tiempo,Lluvia Club
u047,2026-09-28 12:08:00+0000,962,Sol cielo,Lluvia Sur
u011,2026-09-09 20:19:33+0000,963,Río ciudad,Mar Sur
u093,2026-09-11 20:07:58+0000,964,Mar fuego,Lluvia Sur
u092,2026-09-09 20:21:57+0000,965,Río río,Lluvia Band
u155,2026-09-20 08:47:57+0000,966,Río sueño,Eco Norte
u152,2026-09-03 19:25:53+0000,967,Sueño fuego,Cielo Sur
u179,2026-09-24 21:22:39+0000,968,Mar viento,Tiempo Sur
u127,2026-09-19 17:02:22+0000,969,Mar volcán,Lluvia Sur
u072,2026-09-14 14:43:26+0000,970,Horizonte sueño,Cielo Trío
u077,2026-09-12 19:59:14+0000,971,Sueño fuego,Cielo Sur
u048,2026-09-07 20:14:09+0000,972,Ciudad lluvia,Mar Band
u149,2026-09-23 13:49:56+0000,973,Eco cielo,Mar Band
u070,2026-09-27 18:42:39+0000,974,Ciudad camino,Noche Club
u171,2026-09-28 12:23:31+0000,975,Ciudad cielo,Mar Norte
u034,2026-09-03 20:40:19+0000,976,Eco viento,Tiempo Band
u067,2026-09-26 18:14:18+0000,977,Horizonte viento,Mar Club
u034,2026-09-08 16:34:15+0000,978,Ciudad tiempo,Lluvia Trío
u103,2026-09-15 11:50:18+0000,979,Noche ciudad,Horizonte Trío
u129,2026-09-03 09:14:19+0000,980,Cielo volcán,Mar Norte
u104,2026-09-15 16:44:00+0000,981,Cielo volcán,Mar Norte
u041,2026-09-03 12:56:07+0000,982,Sol río,Mar Sur
u120,2026-09-21 20:47:30+0000,983,Eco fuego,Volcán Sur
u022,2026-09-09 22:43:59+0000,984,Viento ciudad,Volcán Sur
u030,2026-09-26 10:20:52+0000,985,Viento camino,Ciudad Trío
u115,2026-09-09 10:20:04+0000,986,Volcán mar,Mar Club
u182,2026-09-14 09:37:29+0000,987,Lluvia tiempo,Lluvia Trío
u019,2026-09-18 10:43:04+0000,988,Viento ciudad,Tiempo Club
u195,2026-09-04 20:21:11+0000,989,Tiempo sol,Tiempo Trío
u164,2026-09-18 09:35:14+0000,990,Mar viento,Tiempo Sur
u142,2026-09-12 08:11:24+0000,991,Tiempo viento,Lluvia Trío
u150,2026-09-20 05:51:05+0000,992,Lluvia fuego,Sueño Band
u112,2026-09-06 14:22:00+0000,993,Lluvia mar,Sueño Band
u127,2026-09-21 22:47:30+0000,994,Cielo ciudad,Cielo Trío
u130,2026-09-28 16:23:19+0000,995,Volcán lluvia,Ciudad Band
u070,2026-09-26 15:20:00+0000,996,Tiempo sol,Mar Norte
u157,2026-09-25 14:00:27+0000,997,Ciudad ciudad,Tiempo Trío
u082,2026-09-20 09:46:04+0000,998,Camino lluvia,Viento Band
u106,2026-09-15 12:34:24+0000,999,Tiempo horizonte,Volcán Sur
u011,2026-09-03 16:06:54+0000,1000,Sueño tiempo,Lluvia Trío
u010,2026-09-19 15:33:16+0000,1001,Tiempo río,Eco Norte
u028,2026-09-08 08:31:08+0000,1002,Ciudad camino,Mar Club
u008,2026-09-05 18:15:57+0000,1003,Luna ciudad,Lluvia Sur
u111,2026-09-29 16:59:53+0000,1004,Fuego tiempo,Volcán Sur
u159,2026-09-27 17:19:23+0000,1005,Cielo viento,Volcán Norte
u191,2026-09-25 20:09:03+0000,1006,Sol mar,Horizonte Sur
u063,2026-09-04 15:46:12+0000,1007,Ciudad tiempo,Noche Club
u060,2026-09-14 07:15:40+0000,1008,Volcán noche,Lluvia Trío
u031,2026-09-22 14:20:21+0000,1009,Ciudad tiempo,Tiempo Band
u076,2026-09-05 05:18:31+0000,1010,Mar cielo,Tiempo Trío
u092,2026-09-30 09:42:41+0000,1011,Mar volcán,Cielo Trío
u099,2026-09-10 09:23:04+0000,1012,Lluvia tiempo,Lluvia Trío
u098,2026-09-28 22:28:15+0000,1013,Sol río,Mar Sur
u084,2026-09-14 21:18:04+0000,1014,Tiempo noche,Ciudad Trío
u086,2026-09-18 14:57:44+0000,1015,Ciudad camino,Mar Club
u034,2026-09-15 13:47:20+0000,1016,Fuego viento,Mar Club
u017,2026-09-30 09:57:06+0000,1017,Camino tiempo,Cielo Sur
u179,2026-09-05 17:57:41+0000,1018,Camino lluvia,Viento Band
u096,2026-09-07 08:17:05+0000,1019,Ciudad camino,Mar Club
u097,2026-09-04 21:19:03+0000,1020,Volcán sueño,Lluvia Sur
u179,2026-09-24 13:31:26+0000,1021,Eco luna,Cielo Trío
u145,2026-09-04 11:45:52+0000,1022,Camino fuego,Cielo Sur
u145,2026-09-09 08:40:29+0000,1023,Noche cielo,Eco Norte
u161,2026-09-27 12:19:44+0000,1024,Río cielo,Tiempo Club
u182,2026-09-06 07:02:26+0000,1025,Lluvia mar,Sueño Band
u127,2026-09-24 12:51:12+0000,1026,Noche viento,Mar Club
u022,2026-09-19 16:27:30+0000,1027,Sol ciudad,Cielo Trío
u107,2026-09-23 07:50:21+0000,1028,Tiempo mar,Mar Sur
u132,2026-09-28 14:34:34+0000,1029,Fuego ciudad,Sueño Band
u156,2026-09-08 06:06:03+0000,1030,Tiempo horizonte,Eco Norte
u039,2026-09-29 01:37:02+0000,1031,Ciudad fuego,Fuego Sur
u073,2026-09-12 15:39:26+0000,1032,Noche lluvia,Sueño Band
u063,2026-09-22 13:47:00+0000,1033,Mar horizonte,Tiempo Trío
u051,2026-09-28 21:23:21+0000,1034,Ciudad camino,Mar Club
u108,2026-09-01 20:49:58+0000,1035,Mar camino,Volcán Norte
u118,2026-09-08 22:02:06+0000,1036,Mar volcán,Lluvia Sur
u171,2026-09-26 10:48:49+0000,1037,Horizonte fuego,Lluvia Trío
u186,2026-09-08 04:47:28+0000,1038,Tiempo horizonte,Volcán Sur
u101,2026-09-15 16:05:23+0000,1039,Río ciudad,Mar Sur
u179,2026-09-09 22:44:16+0000,1040,Horizonte mar,Viento Norte
u053,2026-09-08 21:23:10+0000,1041,Mar cielo,Viento Band
u163,2026-09-23 17:32:53+0000,1042,Ciudad ciudad,Tiempo Trío
u160,2026-09-06 17:02:53+0000,1043,Eco eco,Sueño Band
u058,2026-09-23 05:40:34+0000,1044,Lluvia cielo,Viento Norte
u098,2026-09-10 19:55:40+0000,1045,Horizonte mar,Viento Norte
u059,2026-09-27 16:02:32+0000,1046,Tiempo noche,Ciudad Trío
u077,2026-09-21 17:38:49+0000,1047,Viento camino,Ciudad Trío
u131,2026-09-13 16:06:48+0000,1048,Río tiempo,Mar Sur
u094,2026-09-13 10:54:06+0000,1049,Luna sol,Luna Band
u200,2026-09-30 17:42:27+0000,1050,Horizonte viento,Cielo Trío
u028,2026-09-03 17:36:41+0000,1051,Eco cielo,Mar Band
u157,2026-09-27 09:24:12+0000,1052,Volcán volcán,Tiempo Band
u090,2026-09-28 20:52:10+0000,1053,Lluvia lluvia,Tiempo Club
u041,2026-09-07 13:21:00+0000,1054,Lluvia lluvia,Tiempo Club
u004,2026-09-11 18:13:12+0000,1055,Camino viento,Mar Band
u160,2026-09-05 19:21:36+0000,1056,Horizonte fuego,Lluvia Trío
u131,2026-09-16 22:31:16+0000,1057,Cielo noche,Viento Norte
u093,2026-09-01 16:18:30+0000,1058,Sol luna,Cielo Trío
u145,2026-09-01 07:55:57+0000,1059,Sol mar,Horizonte Sur
u191,2026-09-07 10:47:45+0000,1060,Lluvia lluvia,Tiempo Club
u083,2026-09-05 12:40:43+0000,1061,Horizonte ciudad,Tiempo Trío
u114,2026-09-21 08:43:32+0000,1062,Tiempo río,Eco Norte
u189,2026-09-30 12:26:55+0000,1063,Fuego noche,Lluvia Trío
u034,2026-09-15 19:20:40+0000,1064,Volcán mar,Mar Club
u119,2026-09-18 08:41:12+0000,1065,Sol volcán,Volcán Trío
u126,2026-09-10 19:32:24+0000,1066,Luna tiempo,Cielo Band
u167,2026-09-13 15:57:12+0000,1067,Tiempo volcán,Lluvia Trío
u106,2026-09-13 19:30:23+0000,1068,Camino fuego,Cielo Sur
u013,2026-09-05 09:00:16+0000,1069,Viento noche,Cielo Trío
u118,2026-09-01 04:32:50+0000,1070,Mar volcán,Lluvia Sur
u030,2026-09-22 10:07:14+0000,1071,Fuego ciudad,Cielo Band
u087,2026-09-02 12:56:49+0000,1072,Eco río,Fuego Trío
u111,2026-09-08 11:09:08+0000,1073,Eco volcán,Volcán Norte
u097,2026-09-22 18:07:40+0000,1074,Noche mar,Eco Norte
u144,2026-09-18 19:45:53+0000,1075,Camino eco,Lluvia Trío
u036,2026-09-25 21:38:34+0000,1076,Fuego río,Mar Band
u066,2026-09-06 21:08:26+0000,1077,Noche horizonte,Lluvia Band
u169,2026-09-15 20:04:21+0000,1078,Viento camino,Ciudad Trío
u147,2026-09-26 03:46:58+0000,1079,Sueño ciudad,Eco Norte
u122,2026-09-23 09:32:26+0000,1080,Sueño camino,Volcán Sur
u157,2026-09-15 05:10:24+0000,1081,Lluvia ciudad,Luna Sur
u046,2026-09-18 12:42:02+0000,1082,Tiempo lluvia,Cielo Sur
u191,2026-09-27 16:05:49+0000,1083,Lluvia cielo,Horizonte Trío
u153,2026-09-27 09:16:01+0000,1084,Volcán noche,Lluvia Trío
u096,2026-09-23 16:33:04+0000,1085,Viento eco,Volcán Sur
u078,2026-09-13 12:27:48+0000,1086,Sueño ciudad,Ciudad Trío
u164,2026-09-14 17:38:32+0000,1087,Sol cielo,Lluvia Sur
u166,2026-09-27 21:59:31+0000,1088,Noche mar,Eco Norte
u073,2026-09-30 12:05:14+0000,1089,Viento noche,Cielo Band
u115,2026-09-25 19:51:20+0000,1090,Ciudad tiempo,Noche Club
u190,2026-09-26 13:15:59+0000,1091,Viento noche,Cielo Trío
u190,2026-09-15 12:01:01+0000,1092,Eco mar,Tiempo Band
u030,2026-09-08 08:20:34+0000,1093,Horizonte lluvia,Volcán Trío
u046,2026-09-20 08:12:55+0000,1094,Horizonte mar,Eco Norte
u171,2026-09-18 16:16:59+0000,1095,Ciudad fuego,Fuego Sur
u050,2026-09-27 12:35:33+0000,1096,Río tiempo,Mar Sur
u070,2026-09-29 21:40:29+0000,1097,Mar cielo,Fuego Sur
u042,2026-09-08 11:49:58+0000,1098,Eco eco,Sueño Band
u072,2026-09-30 18:06:29+0000,1099,Eco cielo,Mar Band
u053,2026-09-19 16:35:56+0000,1100,Mar camino,Volcán Norte
u141,2026-09-11 07:26:01+0000,1101,Volcán camino,Tiempo Club
u147,2026-09-27 14:13:39+0000,1102,Volcán horizonte,Cielo Band
u107,2026-09-02 07:07:02+0000,1103,Horizonte mar,Viento Norte
u035,2026-09-25 19:57:31+0000,1104,Cielo cielo,Horizonte Trío
u067,2026-09-27 06:11:13+0000,1105,Ciudad ciudad,Tiempo Trío
u058,2026-09-10 18:39:41+0000,1106,Mar luna,Lluvia Trío
u084,2026-09-23 15:22:26+0000,1107,Sueño horizonte,Volcán Sur
u171,2026-09-25 13:35:51+0000,1108,Volcán mar,Mar Club
u119,2026-09-27 17:50:55+0000,1109,Fuego viento,Lluvia Club
u031,2026-09-20 05:06:06+0000,1110,Noche ciudad,Ciudad Trío
u175,2026-09-29 13:24:25+0000,1111,Volcán viento,Horizonte Trío
u150,2026-09-19 20:55:51+0000,1112,Lluvia noche,Tiempo Club
u035,2026-09-19 16:19:09+0000,1113,Fuego volcán,Cielo Trío
u186,2026-09-08 20:43:01+0000,1114,Volcán camino,Tiempo Club
u199,2026-09-12 23:15:39+0000,1115,Tiempo lluvia,Cielo Sur
u152,2026-09-01 18:04:26+0000,1116,Eco viento,Tiempo Band
u113,2026-09-14 20:29:09+0000,1117,Mar volcán,Cielo Trío
u167,2026-09-24 09:59:31+0000,1118,Mar camino,Volcán Norte
u141,2026-09-01 12:21:07+0000,1119,Tiempo viento,Lluvia Trío
u033,2026-09-08 12:29:11+0000,1120,Horizonte fuego,Lluvia Trío
u093,2026-09-05 17:14:20+0000,1121,Tiempo fuego,Volcán Trío
u078,2026-09-05 06:09:15+0000,1122,Sueño tiempo,Lluvia Trío
u092,2026-09-09 12:25:54+0000,1123,Noche luna,Sueño Band
u082,2026-09-08 20:43:38+0000,1124,Camino fuego,Cielo Sur
u058,2026-09-18 20:15:52+0000,1125,Sol eco,Sueño Band
u150,2026-09-25 20:21:03+0000,1126,Mar horizonte,Lluvia Club
u165,2026-09-16 09:04:42+0000,1127,Cielo noche,Tiempo Band
u064,2026-09-11 11:23:37+0000,1128,Río lluvia,Mar Norte
u064,2026-09-12 12:17:13+0000,1129,Tiempo sol,Mar Norte
u181,2026-09-05 14:16:04+0000,1130,Mar mar,Viento Norte
u076,2026-09-06 10:09:12+0000,1131,Fuego cielo,Cielo Sur
u152,2026-09-24 18:12:58+0000,1132,Noche sol,Cielo Band
u045,2026-09-23 19:29:39+0000,1133,Noche viento,Mar Club
u197,2026-09-26 10:52:59+0000,1134,Camino horizonte,Tiempo Band
u077,2026-09-30 10:52:54+0000,1135,Tiempo ciudad,Fuego Sur
u002,2026-09-26 19:10:25+0000,1136,Fuego tiempo,Lluvia Sur
u155,2026-09-15 18:23:56+0000,1137,Tiempo viento,Lluvia Trío
u171,2026-09-15 23:08:29+0000,1138,Lluvia ciudad,Luna Sur
u052,2026-09-22 18:12:31+0000,1139,Tiempo fuego,Cielo Trío
u127,2026-09-02 10:35:47+0000,1140,Eco fuego,Volcán Sur
u117,2026-09-27 20:04:08+0000,1141,Volcán fuego,Luna Band
u076,2026-09-07 13:51:16+0000,1142,Mar horizonte,Tiempo Trío
u124,2026-09-05 01:38:21+0000,1143,Tiempo río,Eco Norte
u050,2026-09-04 09:21:12+0000,1144,Fuego noche,Horizonte Trío
u187,2026-09-25 11:25:51+0000,1145,Camino viento,Viento Norte
u033,2026-09-14 00:03:43+0000,1146,Lluvia cielo,Viento Norte
u159,2026-09-16 12:06:29+0000,1147,Mar viento,Tiempo Sur
u188,2026-09-20 08:51:52+0000,1148,Mar viento,Tiempo Sur
u048,2026-09-29 06:56:56+0000,1149,Sol luna,Cielo Trío
u038,2026-09-08 10:49:23+0000,1150,Noche ciudad,Horizonte Trío
u165,2026-09-28 15:41:30+0000,1151,Volcán cielo,Fuego Sur
u191,2026-09-08 19:24:21+0000,1152,Mar ciudad,Volcán Sur
u179,2026-09-09 07:02:05+0000,1153,Mar volcán,Lluvia Sur
u099,2026-09-01 16:07:25+0000,1154,Eco cielo,Tiempo Club
u049,2026-09-14 16:32:11+0000,1155,Luna eco,Ciudad Trío
u137,2026-09-07 08:47:28+0000,1156,Eco río,Fuego Trío
u127,2026-09-27 02:19:52+0000,1157,Ciudad ciudad,Tiempo Trío
u097,2026-09-12 12:19:53+0000,1158,Cielo volcán,Mar Norte
u063,2026-09-11 09:07:20+0000,1159,Viento camino,Ciudad Trío
u147,2026-09-28 09:20:14+0000,1160,Mar cielo,Ciudad Trío
u023,2026-09-30 09:27:43+0000,1161,Sol mar,Horizonte Sur
u115,2026-09-11 20:40:45+0000,1162,Viento ciudad,Volcán Sur
u056,2026-09-20 08:56:59+0000,1163,Fuego tiempo,Lluvia Sur
u178,2026-09-27 23:18:14+0000,1164,Volcán fuego,Luna Band
u078,2026-09-21 08:03:44+0000,1165,Horizonte sueño,Ciudad Band
u195,2026-09-13 18:44:35+0000,1166,Río tiempo,Mar Sur
u011,2026-09-06 13:10:08+0000,1167,Sueño eco,Cielo Sur
u114,2026-09-28 07:39:50+0000,1168,Mar viento,Tiempo Sur
u041,2026-09-18 17:45:52+0000,1169,Luna ciudad,Volcán Trío
u070,2026-09-03 02:31:43+0000,1170,Camino viento,Viento Norte
u127,2026-09-14 05:41:59+0000,1171,Fuego mar,Tiempo Club
u079,2026-09-07 18:39:57+0000,1172,Luna lluvia,Cielo Trío
u101,2026-09-12 10:13:28+0000,1173,Horizonte lluvia,Cielo Trío
u054,2026-09-01 05:10:43+0000,1174,Horizonte sueño,Cielo Trío
u106,2026-09-12 15:55:44+0000,1175,Sol mar,Tiempo Sur
u106,2026-09-04 21:19:38+0000,1176,Mar horizonte,Lluvia Club
u047,2026-09-03 09:00:52+0000,1177,Luna viento,Lluvia Trío
u049,2026-09-02 17:51:25+0000,1178,Sol mar,Horizonte Sur
u168,2026-09-02 07:28:00+0000,1179,Ciudad cielo,Eco Norte
u134,2026-09-09 20:09:17+0000,1180,Ciudad tiempo,Noche Club
u157,2026-09-05 18:54:39+0000,1181,Tiempo horizonte,Viento Band
u200,2026-09-28 19:17:28+0000,1182,Sol ciudad,Cielo Trío
u110,2026-09-17 13:39:00+0000,1183,Horizonte lluvia,Tiempo Club
u005,2026-09-19 12:42:21+0000,1184,Mar sueño,Mar Band
u150,2026-09-23 19:55:28+0000,1185,Tiempo noche,Eco Norte
u180,2026-09-01 08:20:05+0000,1186,Lluvia mar,Sueño Band
u195,2026-09-17 11:18:59+0000,1187,Lluvia ciudad,Luna Sur
u072,2026-09-16 18:12:12+0000,1188,Noche viento,Mar Club
u139,2026-09-12 12:19:37+0000,1189,Fuego horizonte,Lluvia Band
u045,2026-09-10 19:01:18+0000,1190,Eco eco,Sueño Band
u009,2026-09-08 14:22:45+0000,1191,Tiempo mar,Mar Sur
u186,2026-09-07 10:09:59+0000,1192,Mar ciudad,Noche Club
u147,2026-09-08 18:27:20+0000,1193,Noche sol,Cielo Band
u008,2026-09-24 07:37:56+0000,1194,Horizonte lluvia,Volcán Trío
u082,2026-09-18 12:41:53+0000,1195,Volcán cielo,Fuego Sur
u111,2026-09-02 12:09:36+0000,1196,Horizonte fuego,Lluvia Trío
u035,2026-09-10 07:28:47+0000,1197,Sueño sol,Mar Sur
u191,2026-09-15 07:24:30+0000,1198,Mar eco,Horizonte Sur
u062,2026-09-13 14:19:09+0000,1199,Volcán lluvia,Ciudad Band
u064,2026-09-13 10:15:58+0000,1200,Tiempo fuego,Volcán Trío
u160,2026-09-23 06:11:09+0000,1201,Ciudad cielo,Eco Norte
u003,2026-09-11 19:12:47+0000,1202,Mar sueño,Mar Band
u179,2026-09-05 18:29:30+0000,1203,Luna sueño,Eco Norte
u117,2026-09-08 16:39:56+0000,1204,Fuego ciudad,Cielo Sur
u034,2026-09-11 07:09:10+0000,1205,Viento eco,Volcán Sur
u110,2026-09-30 09:42:09+0000,1206,Mar viento,Tiempo Sur
u111,2026-09-12 16:48:02+0000,1207,Sueño tiempo,Lluvia Trío
u012,2026-09-11 18:26:19+0000,1208,Ciudad camino,Noche Club
u052,2026-09-04 11:57:46+0000,1209,Fuego mar,Tiempo Club
u166,2026-09-02 09:56:49+0000,1210,Lluvia eco,Lluvia Club
u093,2026-09-15 06:34:21+0000,1211,Cielo viento,Volcán Norte
u153,2026-09-13 06:17:05+0000,1212,Mar cielo,Ciudad Trío
u127,2026-09-20 15:35:18+0000,1213,Tiempo noche,Eco Norte
u168,2026-09-18 17:49:50+0000,1214,Eco mar,Tiempo Band
u048,2026-09-06 17:03:51+0000,1215,Noche lluvia,Sueño Band
u019,2026-09-20 09:51:51+0000,1216,Volcán volcán,Tiempo Band
u082,2026-09-14 21:47:46+0000,1217,Horizonte mar,Viento Norte
u113,2026-09-20 17:51:11+0000,1218,Volcán luna,Mar Sur
u070,2026-09-22 18:45:14+0000,1219,Noche lluvia,Sueño Band
u185,2026-09-30 10:39:36+0000,1220,Noche fuego,Volcán Trío
u142,2026-09-17 20:42:22+0000,1221,Río volcán,Camino Norte
u096,2026-09-25 19:13:50+0000,1222,Horizonte viento,Mar Club
u002,2026-09-30 14:11:05+0000,1223,Ciudad camino,Mar Club
u155,2026-09-02 10:28:11+0000,1224,Cielo camino,Tiempo Club
u192,2026-09-07 12:28:26+0000,1225,Sueño ciudad,Ciudad Trío
u118,2026-09-05 19:29:40+0000,1226,Ciudad sueño,Cielo Sur
u117,2026-09-07 10:33:36+0000,1227,Cielo ciudad,Cielo Trío
u040,2026-09-30 15:38:45+0000,1228,Ciudad lluvia,Mar Band
u046,2026-09-01 22:17:01+0000,1229,Lluvia cielo,Horizonte Trío
u160,2026-09-06 12:39:29+0000,1230,Horizonte fuego,Volcán Sur
u070,2026-09-14 16:59:26+0000,1231,Cielo viento,Volcán Norte
u123,2026-09-02 17:19:41+0000,1232,Lluvia noche,Tiempo Club
u123,2026-09-04 18:04:59+0000,1233,Mar volcán,Lluvia Sur
u188,2026-09-01 16:46:58+0000,1234,Viento noche,Cielo Trío
u019,2026-09-08 14:13:58+0000,1235,Horizonte lluvia,Tiempo Club
u147,2026-09-24 13:42:38+0000,1236,Sueño tiempo,Lluvia Trío
u154,2026-09-25 16:49:53+0000,1237,Sol río,Mar Sur
u096,2026-09-27 10:26:54+0000,1238,Mar volcán,Lluvia Sur
u088,2026-09-01 19:24:05+0000,1239,Lluvia cielo,Horizonte Trío
u019,2026-09-18 19:12:36+0000,1240,Cielo río,Tiempo Trío
u149,2026-09-07 16:38:27+0000,1241,Sueño fuego,Eco Norte
u120,2026-09-04 15:19:51+0000,1242,Cielo viento,Volcán Norte
u180,2026-09-27 08:53:20+0000,1243,Sol río,Cielo Trío
u193,2026-09-07 15:51:24+0000,1244,Fuego eco,Camino Norte
u155,2026-09-03 08:34:23+0000,1245,Cielo volcán,Mar Norte
u179,2026-09-28 16:33:04+0000,1246,Mar camino,Volcán Norte
u049,2026-09-09 19:07:00+0000,1247,Viento camino,Ciudad Trío
u127,2026-09-25 11:26:31+0000,1248,Viento eco,Volcán Sur
u154,2026-09-22 08:37:42+0000,1249,Lluvia mar,Sueño Band
u044,2026-09-28 11:04:02+0000,1250,Tiempo sol,Tiempo Trío
u108,2026-09-26 16:32:35+0000,1251,Volcán noche,Lluvia Trío
u141,2026-09-01 09:15:14+0000,1252,Sol volcán,Volcán Trío
u173,2026-09-22 15:48:47+0000,1253,Noche mar,Eco Norte
u128,2026-09-23 17:07:06+0000,1254,Noche lluvia,Volcán Norte
u159,2026-09-17 20:22:00+0000,1255,Luna eco,Ciudad Trío
u165,2026-09-02 10:11:43+0000,1256,Viento noche,Cielo Band
u014,2026-09-20 11:36:51+0000,1257,Tiempo fuego,Volcán Trío
u130,2026-09-24 20:55:51+0000,1258,Ciudad mar,Cielo Band
u175,2026-09-09 14:33:03+0000,1259,Tiempo río,Eco Norte
u131,2026-09-07 15:52:41+0000,1260,Ciudad camino,Noche Club
u009,2026-09-26 15:57:56+0000,1261,Noche horizonte,Lluvia Band
u103,2026-09-11 15:06:50+0000,1262,Mar luna,Lluvia Trío
u078,2026-09-28 19:09:58+0000,1263,Río lluvia,Noche Club
u011,2026-09-19 21:18:04+0000,1264,Volcán volcán,Tiempo Band
u020,2026-09-23 19:54:42+0000,1265,Viento lluvia,Mar Norte
u086,2026-09-18 20:58:23+0000,1266,Noche horizonte,Lluvia Band
u092,2026-09-25 13:59:12+0000,1267,Sol mar,Tiempo Sur
u185,2026-09-03 13:32:46+0000,1268,Volcán mar,Mar Club
u072,2026-09-12 12:28:13+0000,1269,Ciudad horizonte,Viento Band
u119,2026-09-18 15:38:05+0000,1270,Sol mar,Tiempo Sur
u093,2026-09-21 17:13:41+0000,1271,Ciudad mar,Cielo Band
u149,2026-09-23 20:38:40+0000,1272,Lluvia luna,Mar Norte
u058,2026-09-09 19:09:38+0000,1273,Mar volcán,Cielo Trío
u124,2026-09-25 14:47:06+0000,1274,Tiempo sueño,Luna Sur
u080,2026-09-05 17:41:02+0000,1275,Viento noche,Cielo Trío
u006,2026-09-09 14:47:56+0000,1276,Ciudad cielo,Eco Norte
u116,2026-09-20 13:16:31+0000,1277,Río volcán,Camino Norte
u029,2026-09-30 20:45:38+0000,1278,Ciudad horizonte,Camino Norte
u073,2026-09-29 21:56:51+0000,1279,Fuego noche,Lluvia Trío
u088,2026-09-15 17:54:11+0000,1280,Horizonte lluvia,Sueño Band
u077,2026-09-24 19:17:08+0000,1281,Lluvia sol,Tiempo Sur
u027,2026-09-17 18:10:45+0000,1282,Fuego mar,Tiempo Club
u090,2026-09-13 18:26:26+0000,1283,Luna viento,Lluvia Trío
u095,2026-09-10 10:54:28+0000,1284,Volcán fuego,Sueño Band
u058,2026-09-06 21:25:58+0000,1285,Tiempo noche,Eco Norte
u064,2026-09-23 16:08:58+0000,1286,Eco sol,Horizonte Sur
u175,2026-09-05 15:08:18+0000,1287,Ciudad mar,Cielo Band
u059,2026-09-17 06:52:31+0000,1288,Noche cielo,Eco Norte
u154,2026-09-26 19:18:40+0000,1289,Camino lluvia,Viento Band
u114,2026-09-19 17:30:25+0000,1290,Noche viento,Mar Club
u040,2026-09-16 18:38:34+0000,1291,Ciudad lluvia,Mar Band
u106,2026-09-24 19:44:27+0000,1292,Mar sueño,Mar Band
u131,2026-09-12 10:03:37+0000,1293,Lluvia tiempo,Ciudad Trío
u111,2026-09-18 07:41:35+0000,1294,Luna tiempo,Cielo Band
u061,2026-09-26 11:51:54+0000,1295,Viento camino,Ciudad Trío
u164,2026-09-08 12:01:35+0000,1296,Río sueño,Fuego Trío
u002,2026-09-28 17:42:15+0000,1297,Sueño eco,Cielo Sur
u197,2026-09-02 00:28:39+0000,1298,Noche ciudad,Horizonte Trío
u017,2026-09-29 18:28:24+0000,1299,Horizonte fuego,Lluvia Trío
u084,2026-09-21 12:06:09+0000,1300,Ciudad luna,Sueño Band
u147,2026-09-12 12:46:44+0000,1301,Camino tiempo,Cielo Sur
u022,2026-09-30 21:48:15+0000,1302,Luna horizonte,Tiempo Sur
u009,2026-09-20 12:30:19+0000,1303,Cielo tiempo,Lluvia Club
u077,2026-09-26 15:37:36+0000,1304,Luna ciudad,Volcán Trío
u079,2026-09-29 15:48:11+0000,1305,Luna río,Mar Band
u172,2026-09-02 07:42:24+0000,1306,Viento camino,Ciudad Trío
u058,2026-09-19 20:47:43+0000,1307,Sueño eco,Cielo Sur
u191,2026-09-26 10:20:58+0000,1308,Luna ciudad,Lluvia Sur
u155,2026-09-11 06:17:02+0000,1309,Camino volcán,Eco Norte
u073,2026-09-20 14:29:10+0000,1310,Fuego tiempo,Lluvia Sur
u062,2026-09-10 14:51:36+0000,1311,Noche viento,Mar Club
u149,2026-09-12 05:13:59+0000,1312,Fuego noche,Ciudad Trío
u023,2026-09-02 17:22:11+0000,1313,Luna ciudad,Volcán Trío
u179,2026-09-15 20:39:43+0000,1314,Horizonte ciudad,Tiempo Trío
u008,2026-09-28 12:26:12+0000,1315,Eco sueño,Lluvia Club
u081,2026-09-23 12:34:54+0000,1316,Camino cielo,Ciudad Trío
u159,2026-09-18 22:30:33+0000,1317,Volcán viento,Volcán Sur
u190,2026-09-21 19:54:12+0000,1318,Viento eco,Volcán Sur
u179,2026-09-13 10:50:04+0000,1319,Mar luna,Lluvia Trío
u084,2026-09-16 18:51:50+0000,1320,Río ciudad,Mar Sur
u139,2026-09-07 16:50:57+0000,1321,Fuego luna,Cielo Trío
u108,2026-09-18 11:44:40+0000,1322,Horizonte fuego,Lluvia Trío
u099,2026-09-07 21:25:42+0000,1323,Río lluvia,Camino Norte
u159,2026-09-01 22:55:51+0000,1324,Sueño ciudad,Horizonte Sur
u156,2026-09-08 10:38:04+0000,1325,Río lluvia,Mar Norte
u118,2026-09-28 19:05:16+0000,1326,Tiempo sol,Tiempo Trío
u180,2026-09-14 19:06:20+0000,1327,Horizonte mar,Viento Norte
u181,2026-09-10 15:15:14+0000,1328,Ciudad camino,Mar Club
u021,2026-09-19 11:47:02+0000,1329,Eco sueño,Lluvia Club
u086,2026-09-10 13:02:14+0000,1330,Lluvia sol,Lluvia Trío
u072,2026-09-07 08:13:03+0000,1331,Fuego horizonte,Lluvia Band
u153,2026-09-05 18:44:29+0000,1332,Camino fuego,Cielo Sur
u166,2026-09-18 17:49:29+0000,1333,Ciudad fuego,Ciudad Band
u121,2026-09-23 14:34:15+0000,1334,Lluvia eco,Lluvia Club
u007,2026-09-25 18:41:37+0000,1335,Tiempo mar,Mar Sur
u166,2026-09-16 21:09:52+0000,1336,Cielo noche,Lluvia Trío
u153,2026-09-26 10:45:27+0000,1337,Mar viento,Tiempo Sur
u146,2026-09-09 22:29:26+0000,1338,Tiempo horizonte,Volcán Sur
u173,2026-09-24 14:42:58+0000,1339,Lluvia noche,Tiempo Club
u137,2026-09-27 07:35:07+0000,1340,Horizonte ciudad,Tiempo Trío
u169,2026-09-30 18:49:48+0000,1341,Eco eco,Sueño Band
u092,2026-09-20 17:45:35+0000,1342,Lluvia sol,Lluvia Sur
u124,2026-09-10 11:45:37+0000,1343,Fuego viento,Lluvia Club
u120,2026-09-30 20:23:27+0000,1344,Ciudad mar,Cielo Band
u001,2026-09-24 11:15:31+0000,1345,Luna ciudad,Noche Club
u142,2026-09-18 19:32:30+0000,1346,Cielo ciudad,Cielo Trío
u086,2026-09-05 12:02:51+0000,1347,Ciudad tiempo,Noche Club
u106,2026-09-13 17:29:24+0000,1348,Mar volcán,Lluvia Sur
u117,2026-09-18 20:47:48+0000,1349,Cielo viento,Volcán Norte
u070,2026-09-29 17:41:54+0000,1350,Sol luna,Cielo Trío
u017,2026-09-28 13:08:17+0000,1351,Río sueño,Fuego Trío
u002,2026-09-13 03:30:34+0000,1352,Noche sol,Cielo Band
u076,2026-09-24 15:18:10+0000,1353,Mar cielo,Viento Band
u066,2026-09-20 06:10:42+0000,1354,Mar cielo,Ciudad Trío
u055,2026-09-29 08:57:48+0000,1355,Ciudad luna,Sueño Band
u035,2026-09-03 17:34:46+0000,1356,Lluvia ciudad,Luna Sur
u095,2026-09-02 12:48:56+0000,1357,Horizonte ciudad,Tiempo Trío
u092,2026-09-16 10:00:21+0000,1358,Sol mar,Tiempo Sur
u093,2026-09-03 21:41:39+0000,1359,Horizonte mar,Eco Norte
u018,2026-09-02 12:08:00+0000,1360,Viento horizonte,Camino Norte
u169,2026-09-04 11:13:21+0000,1361,Cielo ciudad,Cielo Trío
u015,2026-09-22 17:00:21+0000,1362,Noche río,Lluvia Band
u163,2026-09-24 20:47:35+0000,1363,Luna tiempo,Cielo Band
u139,2026-09-17 18:35:59+0000,1364,Camino horizonte,Tiempo Band
u149,2026-09-22 21:27:51+0000,1365,Mar cielo,Ciudad Trío
u153,2026-09-14 18:28:48+0000,1366,Ciudad mar,Cielo Band
u024,2026-09-24 09:58:30+0000,1367,Eco mar,Tiempo Band
u109,2026-09-26 19:53:19+0000,1368,Volcán viento,Volcán Sur
u186,2026-09-19 17:19:03+0000,1369,Camino fuego,Mar Band
u067,2026-09-19 14:38:35+0000,1370,Tiempo horizonte,Volcán Sur
u003,2026-09-07 19:35:55+0000,1371,Luna noche,Camino Norte
u108,2026-09-12 21:02:45+0000,1372,Tiempo horizonte,Viento Band
u011,2026-09-27 13:08:04+0000,1373,Fuego noche,Lluvia Trío
u098,2026-09-04 18:40:07+0000,1374,Ciudad tiempo,Noche Club
u169,2026-09-22 13:16:32+0000,1375,Tiempo viento,Lluvia Trío
u048,2026-09-16 15:26:02+0000,1376,Río sueño,Eco Norte
u192,2026-09-20 17:31:21+0000,1377,Viento ciudad,Lluvia Trío
u171,2026-09-08 19:30:48+0000,1378,Río luna,Lluvia Club
u191,2026-09-13 16:31:57+0000,1379,Sueño eco,Cielo Sur
u163,2026-09-25 16:22:14+0000,1380,Río ciudad,Mar Sur
u098,2026-09-30 08:29:10+0000,1381,Camino río,Luna Band
u133,2026-09-18 14:00:18+0000,1382,Lluvia tiempo,Lluvia Trío
u173,2026-09-06 20:42:13+0000,1383,Eco cielo,Cielo Band
u037,2026-09-19 10:27:17+0000,1384,Cielo viento,Volcán Norte
u093,2026-09-08 12:09:25+0000,1385,Camino fuego,Cielo Sur
u059,2026-09-17 09:20:02+0000,1386,Sol ciudad,Cielo Trío
u031,2026-09-19 20:51:59+0000,1387,Lluvia noche,Tiempo Club
u058,2026-09-16 20:32:24+0000,1388,Noche volcán,Horizonte Sur
u084,2026-09-24 12:47:39+0000,1389,Lluvia luna,Tiempo Trío
u051,2026-09-10 13:32:34+0000,1390,Lluvia ciudad,Luna Sur
u072,2026-09-08 15:11:01+0000,1391,Tiempo viento,Lluvia Trío
u174,2026-09-20 18:46:53+0000,1392,Viento horizonte,Camino Norte
u157,2026-09-17 12:22:05+0000,1393,Volcán lluvia,Cielo Trío
u145,2026-09-10 16:05:02+0000,1394,Mar cielo,Ciudad Trío
u157,2026-09-25 08:34:40+0000,1395,Noche volcán,Horizonte Sur
u157,2026-09-02 07:16:48+0000,1396,Mar fuego,Lluvia Sur
u196,2026-09-08 06:38:30+0000,1397,Luna eco,Ciudad Trío
u192,2026-09-05 10:55:06+0000,1398,Horizonte viento,Eco Norte
u086,2026-09-18 15:36:21+0000,1399,Tiempo sol,Tiempo Trío
u131,2026-09-26 01:34:54+0000,1400,Camino eco,Lluvia Trío
u128,2026-09-16 14:47:41+0000,1401,Sueño fuego,Eco Norte
u157,2026-09-18 16:11:05+0000,1402,Cielo camino,Tiempo Club
u154,2026-09-13 05:22:03+0000,1403,Horizonte viento,Eco Norte
u064,2026-09-29 18:28:13+0000,1404,Lluvia fuego,Sueño Band
u088,2026-09-22 16:58:41+0000,1405,Viento eco,Volcán Sur
u189,2026-09-30 04:04:16+0000,1406,Viento ciudad,Tiempo Club
u099,2026-09-12 12:42:18+0000,1407,Cielo camino,Tiempo Club
u072,2026-09-04 17:55:45+0000,1408,Tiempo sueño,Luna Sur
u163,2026-09-09 11:53:12+0000,1409,Sol ciudad,Cielo Trío
u001,2026-09-05 09:29:23+0000,1410,Volcán camino,Tiempo Club
u127,2026-09-01 15:21:14+0000,1411,Eco cielo,Mar Band
u041,2026-09-23 17:37:56+0000,1412,Cielo cielo,Horizonte Trío
u039,2026-09-15 14:37:56+0000,1413,Lluvia lluvia,Tiempo Club
u104,2026-09-07 12:24:07+0000,1414,Noche lluvia,Volcán Norte
u086,2026-09-13 11:28:50+0000,1415,Horizonte viento,Mar Club
u072,2026-09-08 19:28:28+0000,1416,Volcán horizonte,Cielo Band
u061,2026-09-09 07:15:34+0000,1417,Volcán lluvia,Cielo Trío
u023,2026-09-02 10:32:50+0000,1418,Viento lluvia,Mar Norte
u164,2026-09-23 22:25:09+0000,1419,Volcán luna,Mar Sur
u158,2026-09-23 21:59:40+0000,1420,Cielo río,Mar Band
u169,2026-09-29 18:40:48+0000,1421,Lluvia ciudad,Luna Sur
u121,2026-09-10 13:44:15+0000,1422,Camino horizonte,Tiempo Band
u116,2026-09-07 05:52:30+0000,1423,Sol cielo,Lluvia Sur
u106,2026-09-26 13:36:24+0000,1424,Noche eco,Ciudad Trío
u050,2026-09-13 09:31:19+0000,1425,Río sueño,Fuego Trío
u069,2026-09-01 04:53:11+0000,1426,Horizonte lluvia,Volcán Trío
u173,2026-09-25 06:51:05+0000,1427,Cielo noche,Lluvia Trío
u029,2026-09-21 14:02:33+0000,1428,Ciudad camino,Noche Club
u063,2026-09-23 19:29:01+0000,1429,Noche ciudad,Cielo Trío
u015,2026-09-25 04:43:03+0000,1430,Horizonte mar,Eco Norte
u070,2026-09-12 08:00:27+0000,1431,Mar volcán,Lluvia Sur
u049,2026-09-12 22:34:51+0000,1432,Viento eco,Volcán Sur
u191,2026-09-07 13:19:04+0000,1433,Ciudad tiempo,Noche Club
u006,2026-09-20 12:34:02+0000,1434,Volcán mar,Mar Club
u126,2026-09-18 19:09:48+0000,1435,Camino viento,Mar Band
u088,2026-09-11 09:24:46+0000,1436,Ciudad mar,Cielo Band
u119,2026-09-14 19:32:22+0000,1437,Cielo tiempo,Lluvia Club
u167,2026-09-29 18:59:28+0000,1438,Tiempo sueño,Luna Sur
u057,2026-09-14 08:54:08+0000,1439,Río luna,Lluvia Club
u092,2026-09-07 07:02:19+0000,1440,Sol cielo,Lluvia Sur
u084,2026-09-20 21:26:36+0000,1441,Fuego noche,Ciudad Trío
u159,2026-09-23 06:59:49+0000,1442,Sueño viento,Horizonte Sur
u150,2026-09-11 08:22:21+0000,1443,Mar volcán,Lluvia Sur
u124,2026-09-18 06:18:44+0000,1444,Camino horizonte,Tiempo Band
u021,2026-09-23 09:47:00+0000,1445,Ciudad cielo,Eco Norte
u087,2026-09-24 11:00:44+0000,1446,Ciudad camino,Noche Club
u095,2026-09-21 10:09:29+0000,1447,Lluvia luna,Tiempo Trío
u166,2026-09-25 15:39:13+0000,1448,Camino lluvia,Viento Band
u084,2026-09-30 09:12:05+0000,1449,Camino río,Luna Band
u085,2026-09-05 22:52:27+0000,1450,Tiempo horizonte,Eco Norte
u025,2026-09-19 09:39:32+0000,1451,Lluvia ciudad,Luna Sur
u186,2026-09-01 18:23:16+0000,1452,Sueño ciudad,Eco Norte
u028,2026-09-15 03:52:06+0000,1453,Río lluvia,Noche Club
u181,2026-09-02 04:09:14+0000,1454,Mar cielo,Tiempo Trío
u188,2026-09-22 07:56:53+0000,1455,Volcán lluvia,Ciudad Band
u079,2026-09-11 18:11:07+0000,1456,Horizonte lluvia,Ciudad Trío
u166,2026-09-08 05:16:34+0000,1457,Fuego noche,Ciudad Trío
u110,2026-09-06 12:57:23+0000,1458,Volcán sueño,Lluvia Sur
u175,2026-09-29 08:47:57+0000,1459,Fuego viento,Lluvia Club
u144,2026-09-08 05:23:42+0000,1460,Río lluvia,Camino Norte
u121,2026-09-04 20:30:54+0000,1461,Río volcán,Camino Norte
u035,2026-09-18 12:09:16+0000,1462,Ciudad ciudad,Tiempo Trío
u155,2026-09-03 10:57:35+0000,1463,Lluvia tiempo,Lluvia Trío
u076,2026-09-05 17:19:40+0000,1464,Luna ciudad,Lluvia Sur
u163,2026-09-06 12:14:00+0000,1465,Ciudad mar,Cielo Band
u052,2026-09-26 19:11:37+0000,1466,Volcán camino,Tiempo Club
u013,2026-09-22 12:45:33+0000,1467,Tiempo horizonte,Volcán Sur
u123,2026-09-15 15:48:04+0000,1468,Lluvia eco,Lluvia Club
u176,2026-09-29 05:37:32+0000,1469,Cielo cielo,Horizonte Trío
u096,2026-09-04 09:11:55+0000,1470,Camino horizonte,Tiempo Band
u161,2026-09-14 16:16:27+0000,1471,Lluvia tiempo,Lluvia Trío
u166,2026-09-02 16:32:38+0000,1472,Fuego volcán,Cielo Trío
u128,2026-09-11 20:08:55+0000,1473,Luna sueño,Eco Norte
u046,2026-09-15 18:37:17+0000,1474,Ciudad tiempo,Tiempo Band
u059,2026-09-12 18:28:01+0000,1475,Camino río,Luna Band
u021,2026-09-09 20:48:36+0000,1476,Volcán lluvia,Cielo Trío
u109,2026-09-05 19:31:59+0000,1477,Ciudad horizonte,Viento Band
u129,2026-09-12 07:00:46+0000,1478,Noche lluvia,Sueño Band
u095,2026-09-23 20:46:04+0000,1479,Ciudad lluvia,Mar Band
u058,2026-09-07 10:42:10+0000,1480,Viento ciudad,Lluvia Trío
u189,2026-09-20 20:50:49+0000,1481,Horizonte sol,Mar Club
u119,2026-09-30 18:08:30+0000,1482,Lluvia tiempo,Ciudad Trío
u155,2026-09-30 12:25:48+0000,1483,Luna viento,Lluvia Trío
u154,2026-09-25 11:06:48+0000,1484,Cielo río,Cielo Trío
u047,2026-09-11 11:52:37+0000,1485,Volcán lluvia,Ciudad Band
u161,2026-09-03 12:43:50+0000,1486,Luna ciudad,Volcán Trío
u077,2026-09-25 10:46:47+0000,1487,Sueño fuego,Cielo Sur
u098,2026-09-17 11:41:35+0000,1488,Lluvia luna,Mar Norte
u199,2026-09-10 07:51:54+0000,1489,Lluvia cielo,Horizonte Trío
u098,2026-09-28 11:33:38+0000,1490,Volcán viento,Volcán Sur
u156,2026-09-07 18:37:26+0000,1491,Ciudad mar,Cielo Band
u049,2026-09-12 15:49:37+0000,1492,Mar fuego,Lluvia Trío
u118,2026-09-22 12:54:27+0000,1493,Río sueño,Fuego Trío
u045,2026-09-05 21:02:16+0000,1494,Volcán sueño,Lluvia Sur
u019,2026-09-13 08:41:24+0000,1495,Luna lluvia,Cielo Trío
u079,2026-09-21 07:55:05+0000,1496,Camino tiempo,Cielo Sur
u117,2026-09-18 18:57:08+0000,1497,Río cielo,Tiempo Sur
u108,2026-09-18 18:05:18+0000,1498,Ciudad tiempo,Lluvia Trío
u004,2026-09-04 20:38:28+0000,1499,Luna ciudad,Lluvia Sur
u133,2026-09-26 10:58:13+0000,1500,Lluvia noche,Tiempo Club
u190,2026-09-25 17:53:29+0000,1501,Sol ciudad,Cielo Trío
u097,2026-09-10 12:59:41+0000,1502,Horizonte ciudad,Tiempo Trío
u193,2026-09-05 09:40:25+0000,1503,Sol río,Mar Sur
u006,2026-09-17 19:32:32+0000,1504,Mar cielo,Ciudad Trío
u161,2026-09-13 18:30:16+0000,1505,Sol río,Cielo Trío
u199,2026-09-09 21:05:40+0000,1506,Lluvia sol,Lluvia Sur
u008,2026-09-30 21:09:33+0000,1507,Sueño ciudad,Horizonte Sur
u179,2026-09-22 17:04:40+0000,1508,Fuego horizonte,Noche Club
u091,2026-09-19 07:19:42+0000,1509,Sueño ciudad,Ciudad Trío
u049,2026-09-20 15:58:53+0000,1510,Cielo volcán,Mar Norte
u126,2026-09-22 08:33:52+0000,1511,Volcán noche,Volcán Sur
u072,2026-09-10 08:04:48+0000,1512,Río tiempo,Mar Sur
u066,2026-09-22 11:17:33+0000,1513,Volcán mar,Cielo Trío
u168,2026-09-15 07:25:09+0000,1514,Eco cielo,Cielo Band
u005,2026-09-22 16:13:25+0000,1515,Viento lluvia,Mar Norte
u035,2026-09-25 08:02:15+0000,1516,Luna lluvia,Cielo Trío
u030,2026-09-17 19:31:44+0000,1517,Sol río,Cielo Trío
u159,2026-09-04 14:10:41+0000,1518,Luna mar,Ciudad Trío
u108,2026-09-24 18:42:11+0000,1519,Fuego cielo,Cielo Sur
u070,2026-09-29 05:20:47+0000,1520,Cielo noche,Tiempo Band
u096,2026-09-15 19:55:02+0000,1521,Viento noche,Cielo Band
u018,2026-09-12 13:32:16+0000,1522,Viento lluvia,Mar Norte
u084,2026-09-01 13:50:21+0000,1523,Ciudad ciudad,Tiempo Trío
u092,2026-09-30 20:11:49+0000,1524,Sueño ciudad,Eco Norte
u173,2026-09-19 18:40:51+0000,1525,Cielo tiempo,Lluvia Club
u101,2026-09-16 12:51:46+0000,1526,Mar ciudad,Noche Club
u126,2026-09-16 17:57:23+0000,1527,Luna ciudad,Volcán Trío
u022,2026-09-05 12:59:36+0000,1528,Tiempo ciudad,Fuego Sur
u171,2026-09-24 21:55:15+0000,1529,Noche lluvia,Sueño Band
u199,2026-09-11 14:57:02+0000,1530,Noche ciudad,Sueño Band
u081,2026-09-15 07:18:07+0000,1531,Volcán horizonte,Noche Club
u107,2026-09-12 18:46:59+0000,1532,Camino eco,Lluvia Trío
u173,2026-09-02 06:34:23+0000,1533,Fuego horizonte,Noche Club
u021,2026-09-15 15:03:43+0000,1534,Lluvia cielo,Lluvia Club
u082,2026-09-06 21:24:31+0000,1535,Luna tiempo,Cielo Band
u031,2026-09-20 17:57:51+0000,1536,Noche ciudad,Ciudad Trío
u047,2026-09-10 13:04:28+0000,1537,Fuego volcán,Cielo Trío
u041,2026-09-03 17:15:21+0000,1538,Volcán viento,Volcán Sur
u110,2026-09-21 02:47:47+0000,1539,Mar luna,Lluvia Trío
u059,2026-09-10 17:35:28+0000,1540,Eco cielo,Mar Band
u063,2026-09-27 14:43:24+0000,1541,Lluvia eco,Lluvia Club
u137,2026-09-20 17:32:31+0000,1542,Sueño sueño,Volcán Trío
u103,2026-09-25 05:44:59+0000,1543,Mar cielo,Viento Band
u118,2026-09-11 22:43:35+0000,1544,Fuego horizonte,Noche Club
u082,2026-09-01 16:22:06+0000,1545,Lluvia mar,Sueño Band
u156,2026-09-03 10:30:42+0000,1546,Mar luna,Lluvia Trío
u059,2026-09-26 18:18:15+0000,1547,Cielo ciudad,Mar Club
u023,2026-09-23 07:29:15+0000,1548,Luna sueño,Eco Norte
u017,2026-09-21 20:11:55+0000,1549,Sol cielo,Lluvia Sur
u142,2026-09-27 20:00:47+0000,1550,Cielo volcán,Mar Norte
u149,2026-09-06 15:22:02+0000,1551,Tiempo ciudad,Fuego Sur
u017,2026-09-26 05:17:38+0000,1552,Río sueño,Fuego Trío
u162,2026-09-04 15:25:18+0000,1553,Mar volcán,Cielo Trío
u153,2026-09-01 23:43:36+0000,1554,Río lluvia,Mar Norte
u150,2026-09-24 16:50:56+0000,1555,Sueño fuego,Eco Norte
u118,2026-09-11 14:34:23+0000,1556,Noche ciudad,Sueño Band
u041,2026-09-30 11:06:17+0000,1557,Horizonte viento,Eco Norte
u156,2026-09-17 13:15:19+0000,1558,Eco volcán,Volcán Norte
u148,2026-09-09 12:10:45+0000,1559,Lluvia sol,Lluvia Sur
u024,2026-09-20 17:07:40+0000,1560,Sol río,Cielo Trío
u161,2026-09-17 10:50:13+0000,1561,Mar cielo,Fuego Sur
u075,2026-09-03 19:47:13+0000,1562,Luna cielo,Noche Club
u016,2026-09-24 00:13:45+0000,1563,Viento camino,Ciudad Trío
u163,2026-09-20 16:31:52+0000,1564,Horizonte lluvia,Tiempo Club
u167,2026-09-24 05:01:24+0000,1565,Eco sol,Horizonte Sur
u110,2026-09-30 08:28:14+0000,1566,Fuego tiempo,Ciudad Trío
u083,2026-09-30 15:10:47+0000,1567,Ciudad luna,Sueño Band
u117,2026-09-26 21:46:45+0000,1568,Ciudad camino,Mar Club
u191,2026-09-12 08:03:26+0000,1569,Luna sol,Luna Band
u081,2026-09-27 10:46:34+0000,1570,Fuego noche,Horizonte Trío
u041,2026-09-11 08:49:08+0000,1571,Río sueño,Eco Norte
u117,2026-09-03 12:31:18+0000,1572,Volcán mar,Tiempo Sur
u083,2026-09-04 05:28:32+0000,1573,Fuego mar,Tiempo Club
u139,2026-09-01 02:43:10+0000,1574,Horizonte lluvia,Ciudad Trío
u166,2026-09-10 10:45:54+0000,1575,Volcán lluvia,Ciudad Band
u003,2026-09-02 22:14:35+0000,1576,Río sueño,Eco Norte
u186,2026-09-30 19:40:12+0000,1577,Volcán volcán,Tiempo Band
u173,2026-09-25 12:49:12+0000,1578,Horizonte fuego,Lluvia Trío
u158,2026-09-14 22:50:14+0000,1579,Fuego viento,Lluvia Club
u042,2026-09-13 07:17:50+0000,1580,Volcán volcán,Tiempo Band
u117,2026-09-14 13:32:45+0000,1581,Noche lluvia,Sueño Band
u017,2026-09-11 09:12:56+0000,1582,Ciudad cielo,Mar Norte
u150,2026-09-09 14:53:10+0000,1583,Mar ciudad,Noche Club
u008,2026-09-25 19:55:11+0000,1584,Río cielo,Tiempo Club
u062,2026-09-11 08:06:01+0000,1585,Volcán luna,Mar Sur
u050,2026-09-22 14:38:39+0000,1586,Noche horizonte,Lluvia Band
u078,2026-09-01 13:49:04+0000,1587,Sueño sueño,Volcán Trío
u191,2026-09-15 20:18:22+0000,1588,Mar horizonte,Tiempo Trío
u156,2026-09-13 13:59:58+0000,1589,Mar cielo,Ciudad Trío
u191,2026-09-04 20:23:00+0000,1590,Cielo ciudad,Tiempo Sur
u046,2026-09-25 09:47:25+0000,1591,Río sueño,Eco Norte
u062,2026-09-02 19:03:01+0000,1592,Noche lluvia,Tiempo Club
u053,2026-09-08 20:58:07+0000,1593,Fuego ciudad,Cielo Band
u166,2026-09-01 19:33:57+0000,1594,Cielo ciudad,Cielo Trío
u060,2026-09-21 08:41:31+0000,1595,Noche horizonte,Lluvia Band
u105,2026-09-16 19:09:07+0000,1596,Ciudad camino,Mar Club
u128,2026-09-30 19:52:42+0000,1597,Eco viento,Tiempo Band
u128,2026-09-06 00:05:27+0000,1598,Ciudad mar,Cielo Band
u017,2026-09-08 19:53:30+0000,1599,Fuego volcán,Cielo Trío
u011,2026-09-10 16:12:49+0000,1600,Sueño volcán,Cielo Trío
u058,2026-09-25 20:27:14+0000,1601,Sol lluvia,Tiempo Band
u011,2026-09-23 22:24:53+0000,1602,Camino cielo,Ciudad Trío
u003,2026-09-17 23:41:27+0000,1603,Ciudad ciudad,Tiempo Trío
u058,2026-09-04 22:47:26+0000,1604,Cielo noche,Tiempo Band
u028,2026-09-26 06:53:02+0000,1605,Cielo noche,Lluvia Trío
u039,2026-09-18 20:24:35+0000,1606,Cielo río,Tiempo Trío
u035,2026-09-01 05:47:33+0000,1607,Sueño ciudad,Eco Norte
u108,2026-09-24 21:31:12+0000,1608,Río lluvia,Mar Norte
u023,2026-09-16 08:30:54+0000,1609,Río noche,Lluvia Band
u154,2026-09-16 09:54:57+0000,1610,Fuego viento,Lluvia Club
u152,2026-09-27 11:17:02+0000,1611,Mar horizonte,Tiempo Trío
u063,2026-09-23 10:53:29+0000,1612,Ciudad cielo,Mar Norte
u004,2026-09-18 11:59:01+0000,1613,Volcán horizonte,Cielo Band
u134,2026-09-26 15:03:16+0000,1614,Cielo noche,Lluvia Trío
u097,2026-09-11 21:26:12+0000,1615,Camino viento,Mar Band
u188,2026-09-20 18:49:01+0000,1616,Eco cielo,Cielo Band
u193,2026-09-12 21:04:44+0000,1617,Mar volcán,Lluvia Sur
u037,2026-09-24 12:04:15+0000,1618,Ciudad tiempo,Tiempo Band
u149,2026-09-30 21:32:19+0000,1619,Lluvia fuego,Sueño Band
u017,2026-09-04 06:32:29+0000,1620,Tiempo volcán,Lluvia Trío
u164,2026-09-22 13:07:49+0000,1621,Cielo camino,Tiempo Club
u046,2026-09-15 13:05:09+0000,1622,Camino fuego,Cielo Sur
u098,2026-09-06 12:21:16+0000,1623,Ciudad lluvia,Mar Band
u111,2026-09-23 00:43:35+0000,1624,Sueño sol,Mar Sur
u027,2026-09-08 07:40:54+0000,1625,Mar fuego,Lluvia Sur
u039,2026-09-02 09:21:54+0000,1626,Eco eco,Sueño Band
u166,2026-09-09 18:41:07+0000,1627,Tiempo sueño,Luna Sur
u191,2026-09-09 11:23:22+0000,1628,Cielo noche,Tiempo Band
u109,2026-09-29 13:04:45+0000,1629,Río lluvia,Noche Club
u073,2026-09-12 18:02:16+0000,1630,Mar cielo,Tiempo Trío
u162,2026-09-17 17:08:28+0000,1631,Camino río,Luna Band
u095,2026-09-18 18:53:20+0000,1632,Horizonte sueño,Cielo Trío
u092,2026-09-29 06:15:36+0000,1633,Río volcán,Camino Norte
u088,2026-09-25 07:35:11+0000,1634,Noche horizonte,Lluvia Band
u110,2026-09-07 21:26:47+0000,1635,Fuego horizonte,Lluvia Band
u155,2026-09-25 17:59:20+0000,1636,Fuego tiempo,Volcán Sur
u152,2026-09-02 15:02:10+0000,1637,Luna viento,Lluvia Trío
u124,2026-09-12 21:41:22+0000,1638,Lluvia mar,Sueño Band
u056,2026-09-29 05:22:33+0000,1639,Sueño sueño,Tiempo Sur
u103,2026-09-22 18:42:33+0000,1640,Tiempo ciudad,Fuego Sur
u025,2026-09-24 20:42:34+0000,1641,Volcán camino,Tiempo Club
u127,2026-09-02 06:25:51+0000,1642,Sueño ciudad,Horizonte Sur
u157,2026-09-28 09:49:43+0000,1643,Lluvia mar,Sueño Band
u103,2026-09-03 17:38:55+0000,1644,Horizonte lluvia,Sueño Band
u082,2026-09-14 15:44:30+0000,1645,Mar luna,Lluvia Trío
u066,2026-09-26 11:49:57+0000,1646,Mar ciudad,Noche Club
u030,2026-09-19 18:22:41+0000,1647,Sueño ciudad,Ciudad Trío
u060,2026-09-07 06:09:27+0000,1648,Mar mar,Viento Norte
u176,2026-09-20 16:20:13+0000,1649,Tiempo horizonte,Volcán Sur
u096,2026-09-21 15:22:25+0000,1650,Noche lluvia,Sueño Band
u150,2026-09-23 13:15:54+0000,1651,Fuego sol,Ciudad Trío
u076,2026-09-04 17:55:55+0000,1652,Tiempo horizonte,Eco Norte
u182,2026-09-10 18:44:03+0000,1653,Mar fuego,Lluvia Sur
u181,2026-09-06 18:59:43+0000,1654,Mar cielo,Viento Band
u160,2026-09-16 08:15:33+0000,1655,Mar mar,Viento Norte
u034,2026-09-07 09:28:54+0000,1656,Mar mar,Viento Norte
u131,2026-09-02 17:15:26+0000,1657,Sueño sueño,Tiempo Sur
u162,2026-09-01 05:55:08+0000,1658,Sol luna,Cielo Trío
u172,2026-09-09 15:44:38+0000,1659,Mar fuego,Lluvia Trío
u018,2026-09-25 13:19:22+0000,1660,Volcán mar,Mar Club
u142,2026-09-03 21:13:11+0000,1661,Lluvia sol,Lluvia Sur
u057,2026-09-13 08:01:35+0000,1662,Mar viento,Tiempo Sur
u028,2026-09-21 16:39:28+0000,1663,Noche viento,Luna Band
u137,2026-09-14 12:14:50+0000,1664,Tiempo volcán,Lluvia Trío
u189,2026-09-07 10:46:57+0000,1665,Sol río,Mar Sur
u116,2026-09-18 18:03:05+0000,1666,Sueño fuego,Cielo Sur
u117,2026-09-03 09:39:17+0000,1667,Sol tiempo,Ciudad Trío
u167,2026-09-19 14:34:03+0000,1668,Lluvia fuego,Sueño Band
u032,2026-09-28 22:43:09+0000,1669,Tiempo sol,Mar Norte
u036,2026-09-20 10:46:47+0000,1670,Lluvia ciudad,Fuego Sur
u049,2026-09-07 19:56:56+0000,1671,Cielo ciudad,Mar Club
u155,2026-09-30 09:56:23+0000,1672,Luna eco,Ciudad Trío
u030,2026-09-28 05:48:04+0000,1673,Mar volcán,Lluvia Sur
u017,2026-09-03 18:24:49+0000,1674,Horizonte lluvia,Volcán Trío
u008,2026-09-28 20:27:54+0000,1675,Viento ciudad,Mar Sur
u133,2026-09-07 12:18:41+0000,1676,Cielo río,Cielo Trío
u181,2026-09-30 16:20:30+0000,1677,Viento ciudad,Tiempo Club
u142,2026-09-24 16:25:38+0000,1678,Fuego viento,Mar Club
u122,2026-09-25 01:21:51+0000,1679,Viento ciudad,Lluvia Trío
u157,2026-09-19 11:26:37+0000,1680,Cielo tiempo,Lluvia Club
u097,2026-09-04 10:19:23+0000,1681,Tiempo sol,Mar Norte
u074,2026-09-14 14:04:43+0000,1682,Tiempo horizonte,Eco Norte
u145,2026-09-08 03:00:25+0000,1683,Fuego tiempo,Ciudad Trío
u042,2026-09-14 12:33:08+0000,1684,Ciudad tiempo,Mar Club
u082,2026-09-04 14:53:03+0000,1685,Fuego ciudad,Cielo Band
u117,2026-09-24 06:20:23+0000,1686,Cielo viento,Cielo Sur
u093,2026-09-22 11:46:39+0000,1687,Fuego cielo,Cielo Sur
u099,2026-09-28 10:23:58+0000,1688,Cielo viento,Volcán Norte
u134,2026-09-05 18:32:08+0000,1689,Horizonte viento,Cielo Trío
u008,2026-09-10 20:13:45+0000,1690,Luna eco,Ciudad Trío
u116,2026-09-03 16:32:32+0000,1691,Lluvia cielo,Horizonte Trío
u174,2026-09-08 09:04:13+0000,1692,Cielo ciudad,Cielo Trío
u003,2026-09-21 08:23:24+0000,1693,Lluvia noche,Tiempo Club
u185,2026-09-05 11:39:07+0000,1694,Luna lluvia,Cielo Trío
u059,2026-09-25 10:46:59+0000,1695,Fuego eco,Camino Norte
u088,2026-09-13 19:09:07+0000,1696,Lluvia cielo,Lluvia Club
u189,2026-09-07 07:43:30+0000,1697,Luna viento,Lluvia Trío
u017,2026-09-16 08:22:12+0000,1698,Tiempo horizonte,Viento Band
u036,2026-09-23 10:27:14+0000,1699,Mar horizonte,Lluvia Club
u071,2026-09-01 14:52:50+0000,1700,Volcán noche,Lluvia Trío
u122,2026-09-17 00:56:15+0000,1701,Sol ciudad,Cielo Trío
u156,2026-09-18 14:57:41+0000,1702,Mar cielo,Fuego Sur
u101,2026-09-01 07:10:19+0000,1703,Horizonte sueño,Fuego Sur
u131,2026-09-01 22:51:18+0000,1704,Noche viento,Luna Band
u113,2026-09-21 07:19:35+0000,1705,Fuego cielo,Cielo Sur
u158,2026-09-10 07:00:10+0000,1706,Lluvia cielo,Horizonte Trío
u126,2026-09-30 11:15:54+0000,1707,Sueño ciudad,Ciudad Trío
u192,2026-09-21 09:14:29+0000,1708,Ciudad fuego,Ciudad Band
u039,2026-09-06 20:34:14+0000,1709,Sueño tiempo,Lluvia Trío
u192,2026-09-20 15:48:18+0000,1710,Viento noche,Cielo Trío
u105,2026-09-29 19:13:39+0000,1711,Volcán fuego,Sueño Band
u101,2026-09-15 11:13:29+0000,1712,Luna ciudad,Lluvia Trío
u159,2026-09-09 10:03:51+0000,1713,Río volcán,Camino Norte
u139,2026-09-18 14:57:11+0000,1714,Eco cielo,Cielo Band
u127,2026-09-26 19:31:50+0000,1715,Eco lluvia,Tiempo Club
u029,2026-09-07 12:45:19+0000,1716,Eco cielo,Cielo Band
u119,2026-09-26 10:23:25+0000,1717,Tiempo horizonte,Viento Band
u182,2026-09-30 09:56:16+0000,1718,Río luna,Lluvia Club
u150,2026-09-12 23:57:28+0000,1719,Horizonte lluvia,Sueño Band
u063,2026-09-29 19:14:26+0000,1720,Volcán lluvia,Cielo Trío
u028,2026-09-16 09:11:54+0000,1721,Viento ciudad,Tiempo Club
u169,2026-09-07 00:45:08+0000,1722,Tiempo lluvia,Cielo Sur
u062,2026-09-21 02:02:36+0000,1723,Fuego ciudad,Cielo Sur
u087,2026-09-02 14:30:31+0000,1724,Río sueño,Eco Norte
u158,2026-09-30 13:57:23+0000,1725,Fuego ciudad,Cielo Band
u189,2026-09-05 10:15:55+0000,1726,Ciudad cielo,Eco Norte
u008,2026-09-23 14:02:45+0000,1727,Volcán noche,Lluvia Trío
u172,2026-09-21 14:51:51+0000,1728,Tiempo sol,Tiempo Trío
u058,2026-09-26 10:01:51+0000,1729,Noche ciudad,Sueño Band
u011,2026-09-17 21:48:45+0000,1730,Sol ciudad,Cielo Trío
u095,2026-09-24 16:44:46+0000,1731,Noche viento,Luna Band
u002,2026-09-12 17:20:54+0000,1732,Sol mar,Horizonte Sur
u033,2026-09-28 11:32:45+0000,1733,Tiempo lluvia,Cielo Sur
u108,2026-09-20 18:04:50+0000,1734,Horizonte viento,Cielo Trío
u116,2026-09-23 19:15:58+0000,1735,Mar volcán,Cielo Trío
u122,2026-09-23 09:56:33+0000,1736,Río sueño,Eco Norte
u116,2026-09-26 23:39:18+0000,1737,Cielo noche,Tiempo Band
u041,2026-09-15 07:57:34+0000,1738,Río volcán,Camino Norte
u124,2026-09-30 10:25:46+0000,1739,Lluvia lluvia,Tiempo Club
u110,2026-09-12 08:29:47+0000,1740,Sol volcán,Volcán Trío
u195,2026-09-19 15:15:22+0000,1741,Ciudad horizonte,Viento Band
u082,2026-09-18 20:33:26+0000,1742,Volcán fuego,Sueño Band
u179,2026-09-28 10:24:06+0000,1743,Cielo noche,Tiempo Band
u047,2026-09-15 17:20:06+0000,1744,Viento ciudad,Lluvia Trío
u141,2026-09-19 17:25:15+0000,1745,Noche viento,Luna Band
u023,2026-09-15 09:16:15+0000,1746,Lluvia lluvia,Tiempo Club
u117,2026-09-20 07:55:03+0000,1747,Noche ciudad,Tiempo Sur
u160,2026-09-21 12:37:20+0000,1748,Cielo volcán,Mar Norte
u018,2026-09-02 12:21:58+0000,1749,Fuego ciudad,Sueño Band
u146,2026-09-15 09:07:34+0000,1750,Río sueño,Eco Norte
u028,2026-09-10 19:05:46+0000,1751,Volcán mar,Mar Club
u180,2026-09-10 07:42:09+0000,1752,Mar sueño,Mar Band
u019,2026-09-03 11:27:57+0000,1753,Río luna,Lluvia Club
u199,2026-09-16 15:48:21+0000,1754,Horizonte lluvia,Sueño Band
u111,2026-09-14 14:55:57+0000,1755,Ciudad tiempo,Tiempo Band
u115,2026-09-22 17:21:02+0000,1756,Eco mar,Tiempo Band
u186,2026-09-25 13:15:16+0000,1757,Fuego viento,Mar Club
u138,2026-09-29 14:06:33+0000,1758,Río lluvia,Mar Band
u179,2026-09-02 10:29:02+0000,1759,Sol cielo,Lluvia Sur
u075,2026-09-28 18:19:35+0000,1760,Noche mar,Eco Norte
u104,2026-09-30 08:42:48+0000,1761,Río luna,Noche Club
u115,2026-09-20 12:42:34+0000,1762,Sol ciudad,Cielo Trío
u037,2026-09-04 08:21:56+0000,1763,Noche ciudad,Sueño Band
u068,2026-09-10 21:40:46+0000,1764,Ciudad ciudad,Tiempo Trío
u171,2026-09-08 19:44:05+0000,1765,Noche ciudad,Ciudad Trío
u024,2026-09-03 14:38:14+0000,1766,Río sueño,Ciudad Band
u111,2026-09-16 17:08:50+0000,1767,Luna ciudad,Lluvia Sur
u029,2026-09-06 09:28:55+0000,1768,Eco volcán,Volcán Norte
u191,2026-09-15 12:28:30+0000,1769,Fuego cielo,Cielo Sur
u015,2026-09-20 23:21:17+0000,1770,Luna sol,Luna Band
u154,2026-09-07 18:58:06+0000,1771,Viento ciudad,Lluvia Trío
u112,2026-09-14 02:52:28+0000,1772,Noche sol,Cielo Band
u025,2026-09-22 11:57:09+0000,1773,Tiempo noche,Ciudad Trío
u078,2026-09-11 11:08:23+0000,1774,Camino viento,Mar Band
u106,2026-09-15 16:17:42+0000,1775,Viento horizonte,Camino Norte
u128,2026-09-13 17:33:25+0000,1776,Cielo viento,Volcán Norte
u118,2026-09-29 17:41:36+0000,1777,Ciudad tiempo,Noche Club
u011,2026-09-29 16:56:12+0000,1778,Volcán fuego,Lluvia Trío
u153,2026-09-11 20:33:01+0000,1779,Eco cielo,Tiempo Club
u195,2026-09-01 09:50:11+0000,1780,Fuego mar,Tiempo Club
u150,2026-09-20 17:19:01+0000,1781,Sol volcán,Volcán Trío
u089,2026-09-11 05:38:27+0000,1782,Fuego viento,Lluvia Club
u103,2026-09-30 14:18:53+0000,1783,Sol río,Cielo Trío
u025,2026-09-04 13:49:39+0000,1784,Noche volcán,Horizonte Sur
u149,2026-09-25 09:02:21+0000,1785,Camino mar,Ciudad Trío
u106,2026-09-05 09:36:49+0000,1786,Noche ciudad,Ciudad Trío
u037,2026-09-09 17:19:35+0000,1787,Mar horizonte,Tiempo Trío
u120,2026-09-10 23:52:24+0000,1788,Horizonte mar,Eco Norte
u010,2026-09-24 07:56:42+0000,1789,Mar cielo,Ciudad Trío
u062,2026-09-03 19:55:19+0000,1790,Cielo noche,Tiempo Band
u011,2026-09-02 23:47:57+0000,1791,Lluvia tiempo,Ciudad Trío
u167,2026-09-07 18:57:39+0000,1792,Viento noche,Cielo Trío
u127,2026-09-27 12:42:37+0000,1793,Fuego mar,Tiempo Club
u038,2026-09-23 14:39:55+0000,1794,Eco eco,Sueño Band
u018,2026-09-27 19:48:28+0000,1795,Mar horizonte,Tiempo Trío
u175,2026-09-01 10:09:43+0000,1796,Fuego viento,Lluvia Club
u087,2026-09-24 16:46:24+0000,1797,Fuego tiempo,Lluvia Sur
u142,2026-09-17 11:36:14+0000,1798,Cielo fuego,Ciudad Trío
u161,2026-09-16 18:23:47+0000,1799,Ciudad camino,Mar Club
u086,2026-09-28 20:36:01+0000,1800,Lluvia eco,Lluvia Club
u072,2026-09-05 18:22:40+0000,1801,Cielo río,Mar Band
u023,2026-09-17 14:35:48+0000,1802,Fuego cielo,Cielo Sur
u056,2026-09-02 13:23:28+0000,1803,Camino eco,Lluvia Trío
u028,2026-09-10 08:52:51+0000,1804,Camino eco,Lluvia Trío
u082,2026-09-09 17:08:20+0000,1805,Lluvia lluvia,Luna Band
u150,2026-09-11 10:45:16+0000,1806,Cielo camino,Tiempo Club
u131,2026-09-12 23:49:56+0000,1807,Noche lluvia,Sueño Band
u004,2026-09-08 05:35:51+0000,1808,Ciudad camino,Mar Club
u070,2026-09-21 09:07:09+0000,1809,Lluvia lluvia,Tiempo Club
u141,2026-09-16 17:55:34+0000,1810,Cielo viento,Cielo Sur
u046,2026-09-06 19:20:07+0000,1811,Cielo viento,Cielo Sur
u095,2026-09-15 13:18:25+0000,1812,Eco cielo,Cielo Band
u148,2026-09-25 07:48:54+0000,1813,Eco sol,Horizonte Sur
u176,2026-09-22 20:44:00+0000,1814,Viento noche,Cielo Trío
u088,2026-09-30 15:27:36+0000,1815,Río tiempo,Mar Sur
u095,2026-09-14 22:42:15+0000,1816,Lluvia eco,Lluvia Club
u145,2026-09-21 21:59:48+0000,1817,Noche luna,Sueño Band
u001,2026-09-06 11:32:16+0000,1818,Cielo tiempo,Lluvia Club
u034,2026-09-15 18:25:07+0000,1819,Mar volcán,Lluvia Sur
u087,2026-09-11 18:22:13+0000,1820,Noche río,Lluvia Band
u037,2026-09-30 21:59:39+0000,1821,Noche luna,Sueño Band
u193,2026-09-20 07:50:10+0000,1822,Luna sueño,Eco Norte
u049,2026-09-07 20:38:28+0000,1823,Fuego cielo,Tiempo Club
u097,2026-09-19 19:45:50+0000,1824,Sueño sol,Mar Sur
u168,2026-09-18 22:33:46+0000,1825,Eco cielo,Tiempo Club
u136,2026-09-18 18:03:38+0000,1826,Fuego río,Mar Band
u156,2026-09-12 11:14:16+0000,1827,Cielo viento,Cielo Sur
u185,2026-09-30 19:35:36+0000,1828,Viento noche,Cielo Trío
u162,2026-09-12 12:49:57+0000,1829,Horizonte sol,Mar Club
u086,2026-09-03 08:54:41+0000,1830,Luna cielo,Noche Club
u111,2026-09-24 18:29:38+0000,1831,Eco sueño,Lluvia Club
u197,2026-09-05 16:14:30+0000,1832,Luna río,Noche Club
u149,2026-09-16 20:06:46+0000,1833,Noche ciudad,Ciudad Trío
u092,2026-09-30 20:41:46+0000,1834,Viento ciudad,Mar Sur
u147,2026-09-12 07:22:56+0000,1835,Mar cielo,Fuego Sur
u139,2026-09-23 21:59:55+0000,1836,Ciudad cielo,Eco Norte
u119,2026-09-04 06:11:08+0000,1837,Sueño camino,Volcán Sur
u115,2026-09-28 22:06:42+0000,1838,Mar camino,Volcán Norte
u191,2026-09-20 17:18:05+0000,1839,Noche horizonte,Lluvia Band
u121,2026-09-06 15:55:35+0000,1840,Volcán lluvia,Ciudad Band
u082,2026-09-02 20:45:49+0000,1841,Volcán viento,Volcán Sur
u050,2026-09-25 14:52:51+0000,1842,Cielo camino,Tiempo Club
u107,2026-09-13 06:00:30+0000,1843,Fuego cielo,Cielo Sur
u022,2026-09-25 14:47:20+0000,1844,Fuego volcán,Cielo Trío
u116,2026-09-29 10:10:14+0000,1845,Sueño ciudad,Horizonte Sur
u088,2026-09-27 11:38:33+0000,1846,Fuego eco,Camino Norte
u185,2026-09-26 16:41:42+0000,1847,Tiempo horizonte,Eco Norte
u092,2026-09-11 19:00:26+0000,1848,Horizonte lluvia,Sueño Band
u152,2026-09-02 08:02:07+0000,1849,Río noche,Mar Band
u104,2026-09-12 06:09:07+0000,1850,Lluvia mar,Sueño Band
u014,2026-09-13 17:22:43+0000,1851,Lluvia mar,Sueño Band
u072,2026-09-28 20:58:46+0000,1852,Sueño fuego,Eco Norte
u149,2026-09-09 14:49:20+0000,1853,Tiempo volcán,Lluvia Trío
u130,2026-09-11 08:22:53+0000,1854,Mar cielo,Ciudad Trío
u091,2026-09-30 04:17:43+0000,1855,Horizonte fuego,Lluvia Trío
u007,2026-09-07 13:20:46+0000,1856,Mar eco,Horizonte Sur
u168,2026-09-13 16:20:51+0000,1857,Fuego horizonte,Noche Club
u064,2026-09-30 14:36:45+0000,1858,Luna ciudad,Volcán Trío
u175,2026-09-30 10:31:42+0000,1859,Río tiempo,Mar Sur
u019,2026-09-14 20:19:10+0000,1860,Ciudad cielo,Mar Norte
u104,2026-09-15 06:06:31+0000,1861,Viento eco,Volcán Sur
u115,2026-09-16 10:48:08+0000,1862,Fuego viento,Lluvia Club
u148,2026-09-09 09:55:59+0000,1863,Fuego cielo,Cielo Sur
u090,2026-09-29 18:40:49+0000,1864,Luna lluvia,Cielo Trío
u137,2026-09-03 11:08:14+0000,1865,Tiempo fuego,Volcán Trío
u023,2026-09-18 23:44:12+0000,1866,Mar cielo,Ciudad Trío
u193,2026-09-26 07:21:15+0000,1867,Tiempo viento,Lluvia Trío
u070,2026-09-07 10:46:07+0000,1868,Sueño eco,Cielo Sur
u126,2026-09-04 23:44:38+0000,1869,Volcán horizonte,Noche Club
u110,2026-09-28 12:28:30+0000,1870,Río lluvia,Noche Club
u132,2026-09-26 19:55:45+0000,1871,Noche fuego,Volcán Trío
u149,2026-09-16 02:02:45+0000,1872,Fuego cielo,Cielo Sur
u153,2026-09-30 05:24:52+0000,1873,Lluvia luna,Mar Norte
u047,2026-09-09 18:38:35+0000,1874,Horizonte lluvia,Sueño Band
u116,2026-09-29 21:58:49+0000,1875,Noche fuego,Volcán Trío
u024,2026-09-08 15:56:58+0000,1876,Noche lluvia,Sueño Band
u175,2026-09-02 11:07:32+0000,1877,Lluvia cielo,Lluvia Club
u024,2026-09-10 18:27:53+0000,1878,Río noche,Lluvia Band
u011,2026-09-21 12:46:18+0000,1879,Ciudad cielo,Mar Norte
u181,2026-09-29 16:49:58+0000,1880,Sol eco,Sueño Band
u071,2026-09-30 10:22:09+0000,1881,Horizonte lluvia,Tiempo Club
u038,2026-09-30 15:34:43+0000,1882,Lluvia ciudad,Luna Sur
u150,2026-09-22 20:26:19+0000,1883,Volcán volcán,Tiempo Band
u061,2026-09-25 08:11:06+0000,1884,Sueño camino,Volcán Sur
u117,2026-09-04 22:56:16+0000,1885,Noche viento,Mar Club
u160,2026-09-15 10:56:05+0000,1886,Lluvia luna,Tiempo Trío
u189,2026-09-25 10:12:13+0000,1887,Cielo camino,Tiempo Club
u195,2026-09-16 15:06:18+0000,1888,Sueño ciudad,Ciudad Trío
u044,2026-09-05 00:03:07+0000,1889,Volcán fuego,Sueño Band
u191,2026-09-14 20:59:37+0000,1890,Camino viento,Viento Norte
u155,2026-09-09 20:00:37+0000,1891,Noche lluvia,Volcán Norte
u168,2026-09-23 13:33:08+0000,1892,Noche ciudad,Tiempo Sur
u171,2026-09-20 18:00:26+0000,1893,Camino fuego,Cielo Sur
u084,2026-09-23 18:21:02+0000,1894,Río noche,Lluvia Band
u118,2026-09-28 13:46:06+0000,1895,Camino volcán,Eco Norte
u047,2026-09-14 12:48:52+0000,1896,Horizonte fuego,Lluvia Trío
u070,2026-09-17 15:55:05+0000,1897,Volcán lluvia,Ciudad Band
u030,2026-09-22 20:11:19+0000,1898,Ciudad ciudad,Tiempo Trío
u044,2026-09-04 15:41:55+0000,1899,Noche cielo,Eco Norte
u082,2026-09-28 15:19:18+0000,1900,Lluvia sol,Tiempo Sur
u083,2026-09-06 18:09:51+0000,1901,Cielo camino,Tiempo Club
u196,2026-09-20 15:32:30+0000,1902,Camino eco,Lluvia Trío
u162,2026-09-30 19:30:04+0000,1903,Sueño ciudad,Eco Norte
u081,2026-09-01 08:06:57+0000,1904,Fuego volcán,Cielo Trío
u022,2026-09-20 06:53:15+0000,1905,Luna tiempo,Cielo Band
u003,2026-09-21 11:01:27+0000,1906,Horizonte lluvia,Ciudad Trío
u128,2026-09-09 21:19:47+0000,1907,Noche luna,Sueño Band
u097,2026-09-09 13:24:00+0000,1908,Viento noche,Cielo Band
u188,2026-09-02 02:05:05+0000,1909,Cielo río,Mar Band
u150,2026-09-11 12:32:46+0000,1910,Mar horizonte,Tiempo Trío
u003,2026-09-28 20:46:26+0000,1911,Luna ciudad,Noche Club
u048,2026-09-04 14:21:00+0000,1912,Volcán horizonte,Noche Club
u141,2026-09-16 19:52:28+0000,1913,Lluvia ciudad,Luna Sur
u028,2026-09-29 18:02:57+0000,1914,Eco eco,Sueño Band
u030,2026-09-20 09:32:07+0000,1915,Noche ciudad,Tiempo Sur
u122,2026-09-27 20:13:01+0000,1916,Lluvia noche,Tiempo Club
u180,2026-09-18 12:19:31+0000,1917,Noche viento,Mar Club
u015,2026-09-01 21:08:02+0000,1918,Noche ciudad,Tiempo Sur
u059,2026-09-07 07:02:11+0000,1919,Lluvia cielo,Horizonte Trío
u079,2026-09-24 20:43:59+0000,1920,Sol río,Cielo Trío
u171,2026-09-27 06:37:28+0000,1921,Tiempo fuego,Volcán Trío
u103,2026-09-01 05:49:06+0000,1922,Fuego mar,Tiempo Club
u156,2026-09-02 15:40:34+0000,1923,Volcán noche,Lluvia Trío
u031,2026-09-23 12:00:59+0000,1924,Camino lluvia,Tiempo Sur
u075,2026-09-28 07:46:00+0000,1925,Noche mar,Eco Norte
u159,2026-09-19 14:18:05+0000,1926,Sol ciudad,Cielo Trío
u131,2026-09-28 02:50:21+0000,1927,Mar mar,Viento Norte
u153,2026-09-27 22:51:19+0000,1928,Fuego ciudad,Cielo Band
u023,2026-09-05 18:13:48+0000,1929,Río luna,Noche Club
u189,2026-09-01 16:17:50+0000,1930,Fuego mar,Tiempo Club
u100,2026-09-26 10:07:39+0000,1931,Viento horizonte,Camino Norte
u067,2026-09-27 05:02:52+0000,1932,Lluvia cielo,Horizonte Trío
u159,2026-09-29 20:55:35+0000,1933,Mar volcán,Lluvia Sur
u061,2026-09-23 06:31:24+0000,1934,Camino viento,Viento Norte
u195,2026-09-20 13:24:11+0000,1935,Cielo camino,Tiempo Club
u134,2026-09-08 15:27:51+0000,1936,Viento ciudad,Mar Sur
u064,2026-09-05 19:50:54+0000,1937,Eco volcán,Volcán Norte
u007,2026-09-28 15:26:23+0000,1938,Fuego noche,Lluvia Trío
u076,2026-09-02 07:18:18+0000,1939,Luna ciudad,Volcán Trío
u161,2026-09-12 05:35:54+0000,1940,Cielo noche,Tiempo Band
u163,2026-09-04 06:34:45+0000,1941,Volcán volcán,Tiempo Band
u175,2026-09-30 19:04:09+0000,1942,Sol luna,Cielo Trío
u029,2026-09-22 05:43:34+0000,1943,Noche lluvia,Volcán Norte
u192,2026-09-04 09:01:59+0000,1944,Fuego tiempo,Ciudad Trío
u098,2026-09-05 15:52:22+0000,1945,Mar luna,Lluvia Trío
u167,2026-09-25 23:41:59+0000,1946,Sueño sueño,Volcán Trío
u127,2026-09-10 18:22:51+0000,1947,Horizonte mar,Viento Norte
u112,2026-09-10 17:57:09+0000,1948,Tiempo ciudad,Fuego Sur
u022,2026-09-18 13:27:44+0000,1949,Lluvia ciudad,Fuego Sur
u069,2026-09-26 11:30:11+0000,1950,Sueño sueño,Tiempo Sur
u149,2026-09-09 15:16:31+0000,1951,Sol volcán,Volcán Trío
u168,2026-09-15 09:02:48+0000,1952,Fuego tiempo,Ciudad Trío
u030,2026-09-18 17:52:48+0000,1953,Tiempo horizonte,Volcán Sur
u017,2026-09-26 21:33:06+0000,1954,Mar horizonte,Tiempo Trío
u167,2026-09-29 03:52:25+0000,1955,Horizonte lluvia,Volcán Trío
u200,2026-09-09 11:08:35+0000,1956,Noche volcán,Horizonte Sur
u148,2026-09-04 19:03:10+0000,1957,Río río,Lluvia Band
u056,2026-09-18 20:28:59+0000,1958,Sueño fuego,Eco Norte
u164,2026-09-28 08:09:26+0000,1959,Sueño fuego,Eco Norte
u008,2026-09-22 06:36:38+0000,1960,Mar viento,Tiempo Sur
u121,2026-09-19 17:59:18+0000,1961,Mar cielo,Fuego Sur
u038,2026-09-28 13:26:39+0000,1962,Mar volcán,Lluvia Sur
u160,2026-09-05 23:10:22+0000,1963,Ciudad tiempo,Mar Club
u145,2026-09-29 15:08:44+0000,1964,Río sueño,Eco Norte
u008,2026-09-16 09:40:02+0000,1965,Luna lluvia,Cielo Trío
u086,2026-09-28 06:38:28+0000,1966,Luna ciudad,Lluvia Trío
u082,2026-09-02 12:59:25+0000,1967,Mar cielo,Viento Band
u086,2026-09-04 12:45:56+0000,1968,Tiempo noche,Eco Norte
u049,2026-09-02 05:09:25+0000,1969,Horizonte sueño,Cielo Trío
u180,2026-09-06 17:17:16+0000,1970,Volcán fuego,Luna Band
u179,2026-09-17 08:34:07+0000,1971,Río luna,Lluvia Club
u158,2026-09-22 02:54:05+0000,1972,Tiempo lluvia,Cielo Sur
u038,2026-09-19 18:35:48+0000,1973,Río lluvia,Camino Norte
u154,2026-09-27 09:44:20+0000,1974,Horizonte viento,Eco Norte
u196,2026-09-10 14:40:17+0000,1975,Horizonte sol,Mar Club
u111,2026-09-20 20:13:42+0000,1976,Tiempo fuego,Volcán Trío
u029,2026-09-11 10:35:46+0000,1977,Sol luna,Cielo Trío
u103,2026-09-14 08:21:17+0000,1978,Ciudad mar,Cielo Band
u006,2026-09-16 18:07:47+0000,1979,Sueño horizonte,Volcán Sur
u070,2026-09-06 07:47:03+0000,1980,Sueño ciudad,Horizonte Sur
u175,2026-09-25 08:47:38+0000,1981,Eco sueño,Lluvia Club
u012,2026-09-18 21:38:37+0000,1982,Tiempo noche,Ciudad Trío
u114,2026-09-15 15:16:41+0000,1983,Sueño tiempo,Lluvia Trío
u197,2026-09-23 17:41:00+0000,1984,Volcán lluvia,Cielo Trío
u169,2026-09-29 18:46:16+0000,1985,Volcán horizonte,Cielo Band
u008,2026-09-07 10:00:40+0000,1986,Noche lluvia,Volcán Norte
u120,2026-09-25 16:26:19+0000,1987,Tiempo volcán,Lluvia Trío
u029,2026-09-04 14:56:05+0000,1988,Ciudad tiempo,Tiempo Band
u039,2026-09-27 20:23:38+0000,1989,Ciudad luna,Sueño Band
u090,2026-09-26 17:52:31+0000,1990,Volcán mar,Cielo Trío
u077,2026-09-11 00:42:40+0000,1991,Sueño ciudad,Ciudad Trío
u077,2026-09-11 18:46:42+0000,1992,Ciudad ciudad,Tiempo Trío
u002,2026-09-21 08:43:12+0000,1993,Lluvia ciudad,Fuego Sur
u117,2026-09-13 18:33:09+0000,1994,Fuego tiempo,Lluvia Sur
u103,2026-09-16 11:44:37+0000,1995,Sol tiempo,Ciudad Trío
u093,2026-09-12 19:43:41+0000,1996,Ciudad tiempo,Noche Club
u059,2026-09-21 12:09:30+0000,1997,Tiempo noche,Eco Norte
u164,2026-09-22 20:12:38+0000,1998,Mar mar,Viento Norte
u190,2026-09-05 07:48:49+0000,1999,Noche mar,Eco Norte
u002,2026-09-25 16:27:22+0000,2000,Cielo mar,Volcán Sur
u165,2026-09-16 06:22:55+0000,2001,Ciudad mar,Cielo Band
u066,2026-09-09 20:07:54+0000,2002,Tiempo horizonte,Eco Norte
u147,2026-09-16 08:38:38+0000,2003,Fuego tiempo,Lluvia Sur
u168,2026-09-16 21:32:43+0000,2004,Horizonte mar,Eco Norte
u066,2026-09-20 17:23:15+0000,2005,Noche ciudad,Ciudad Trío
u197,2026-09-12 00:27:16+0000,2006,Tiempo volcán,Lluvia Trío
u092,2026-09-20 18:20:42+0000,2007,Volcán camino,Tiempo Club
u199,2026-09-02 20:54:44+0000,2008,Fuego cielo,Cielo Sur
u048,2026-09-23 16:54:03+0000,2009,Ciudad ciudad,Tiempo Trío
u099,2026-09-29 09:22:10+0000,2010,Tiempo ciudad,Fuego Sur
u154,2026-09-28 19:00:50+0000,2011,Tiempo sol,Tiempo Trío
u167,2026-09-13 12:11:03+0000,2012,Sol volcán,Volcán Trío
u123,2026-09-30 19:27:41+0000,2013,Eco mar,Tiempo Band
u131,2026-09-25 15:26:42+0000,2014,Sueño tiempo,Lluvia Trío
u172,2026-09-03 17:30:18+0000,2015,Luna tiempo,Cielo Band
u160,2026-09-11 12:57:45+0000,2016,Fuego volcán,Cielo Trío
u093,2026-09-23 09:16:34+0000,2017,Lluvia sol,Lluvia Sur
u087,2026-09-23 21:54:55+0000,2018,Río tiempo,Mar Sur
u106,2026-09-14 14:56:30+0000,2019,Ciudad tiempo,Noche Club
u134,2026-09-27 12:03:26+0000,2020,Eco sueño,Lluvia Club
u134,2026-09-20 13:10:53+0000,2021,Noche sol,Cielo Band
u046,2026-09-13 18:19:31+0000,2022,Noche lluvia,Volcán Norte
u172,2026-09-21 09:39:15+0000,2023,Cielo volcán,Mar Norte
u034,2026-09-19 13:07:38+0000,2024,Horizonte fuego,Lluvia Trío
u003,2026-09-25 07:35:24+0000,2025,Noche volcán,Horizonte Sur
u059,2026-09-05 08:17:11+0000,2026,Viento horizonte,Camino Norte
u192,2026-09-29 07:22:59+0000,2027,Mar mar,Viento Norte
u104,2026-09-11 08:09:52+0000,2028,Eco sueño,Lluvia Club
u037,2026-09-21 06:10:29+0000,2029,Lluvia lluvia,Tiempo Club
u196,2026-09-30 02:01:27+0000,2030,Ciudad fuego,Fuego Sur
u065,2026-09-21 11:56:11+0000,2031,Camino lluvia,Viento Band
u019,2026-09-07 15:23:54+0000,2032,Viento lluvia,Mar Norte
u078,2026-09-17 13:12:30+0000,2033,Horizonte sol,Mar Club
u193,2026-09-27 08:04:02+0000,2034,Fuego eco,Camino Norte
u174,2026-09-12 13:49:49+0000,2035,Sol volcán,Volcán Trío
u139,2026-09-13 17:58:12+0000,2036,Sueño fuego,Cielo Sur
u054,2026-09-24 11:14:41+0000,2037,Eco cielo,Cielo Band
u093,2026-09-07 18:39:20+0000,2038,Camino eco,Lluvia Trío
u061,2026-09-14 19:42:50+0000,2039,Eco volcán,Volcán Norte
u009,2026-09-26 06:09:32+0000,2040,Volcán horizonte,Cielo Band
u097,2026-09-05 12:27:49+0000,2041,Cielo fuego,Ciudad Trío
u166,2026-09-27 22:08:45+0000,2042,Eco cielo,Mar Band
u053,2026-09-11 06:06:08+0000,2043,Fuego cielo,Cielo Sur
u156,2026-09-05 08:57:02+0000,2044,Cielo volcán,Mar Norte
u175,2026-09-06 18:19:38+0000,2045,Cielo tiempo,Lluvia Club
u164,2026-09-28 06:31:37+0000,2046,Fuego sol,Ciudad Trío
u019,2026-09-22 07:55:25+0000,2047,Tiempo noche,Ciudad Trío
u118,2026-09-11 12:13:00+0000,2048,Cielo fuego,Ciudad Trío
u159,2026-09-24 09:46:37+0000,2049,Mar ciudad,Noche Club
u097,2026-09-21 14:35:18+0000,2050,Noche horizonte,Lluvia Band
u141,2026-09-21 19:46:58+0000,2051,Viento eco,Volcán Sur
u087,2026-09-11 18:47:56+0000,2052,Lluvia noche,Tiempo Club
u031,2026-09-12 11:26:56+0000,2053,Eco cielo,Cielo Band
u143,2026-09-04 20:23:49+0000,2054,Volcán camino,Tiempo Club
u132,2026-09-29 19:00:37+0000,2055,Fuego horizonte,Lluvia Band
u063,2026-09-07 10:46:47+0000,2056,Eco volcán,Volcán Norte
u017,2026-09-03 17:26:39+0000,2057,Sol río,Cielo Trío
u075,2026-09-19 13:41:32+0000,2058,Tiempo volcán,Lluvia Trío
u026,2026-09-17 10:48:28+0000,2059,Camino viento,Mar Band
u117,2026-09-12 13:45:14+0000,2060,Ciudad horizonte,Camino Norte
u115,2026-09-08 16:56:17+0000,2061,Camino tiempo,Cielo Sur
u031,2026-09-05 14:46:28+0000,2062,Cielo noche,Tiempo Band
u127,2026-09-11 21:42:43+0000,2063,Horizonte lluvia,Ciudad Trío
u059,2026-09-22 09:48:26+0000,2064,Tiempo sol,Tiempo Trío
u093,2026-09-16 06:25:42+0000,2065,Horizonte sueño,Cielo Trío
u105,2026-09-14 20:57:57+0000,2066,Tiempo horizonte,Eco Norte
u039,2026-09-17 16:47:59+0000,2067,Camino eco,Lluvia Trío
u075,2026-09-30 17:40:57+0000,2068,Fuego volcán,Cielo Trío
u078,2026-09-22 18:56:06+0000,2069,Lluvia sol,Tiempo Sur
u101,2026-09-01 19:50:19+0000,2070,Mar cielo,Volcán Trío
u113,2026-09-25 22:58:04+0000,2071,Luna tiempo,Cielo Band
u116,2026-09-23 06:16:34+0000,2072,Camino eco,Lluvia Trío
u090,2026-09-26 15:11:28+0000,2073,Camino fuego,Lluvia Sur
u174,2026-09-10 09:39:47+0000,2074,Fuego eco,Camino Norte
u146,2026-09-12 14:42:22+0000,2075,Mar eco,Horizonte Sur
u122,2026-09-14 12:04:56+0000,2076,Cielo noche,Lluvia Trío
u184,2026-09-08 10:49:08+0000,2077,Sol río,Mar Sur
u077,2026-09-11 23:36:50+0000,2078,Fuego horizonte,Noche Club
u026,2026-09-18 18:51:18+0000,2079,Fuego tiempo,Lluvia Sur
u196,2026-09-19 16:47:40+0000,2080,Eco cielo,Mar Band
u078,2026-09-28 14:49:05+0000,2081,Eco fuego,Volcán Sur
u171,2026-09-27 13:58:31+0000,2082,Ciudad lluvia,Mar Band
u150,2026-09-08 15:24:39+0000,2083,Viento eco,Volcán Sur
u056,2026-09-21 13:33:18+0000,2084,Eco lluvia,Tiempo Club
u156,2026-09-09 10:58:42+0000,2085,Tiempo noche,Eco Norte
u189,2026-09-18 08:56:12+0000,2086,Mar viento,Tiempo Sur
u054,2026-09-19 12:56:52+0000,2087,Sol volcán,Volcán Trío
u137,2026-09-13 08:13:30+0000,2088,Lluvia tiempo,Lluvia Trío
u056,2026-09-04 11:13:51+0000,2089,Río ciudad,Mar Sur
u131,2026-09-04 18:02:38+0000,2090,Luna horizonte,Tiempo Sur
u166,2026-09-17 19:31:56+0000,2091,Sueño sueño,Volcán Trío
u106,2026-09-03 20:25:16+0000,2092,Horizonte sueño,Fuego Sur
u191,2026-09-18 16:57:16+0000,2093,Camino tiempo,Cielo Sur
u030,2026-09-18 17:20:09+0000,2094,Eco cielo,Mar Band
u047,2026-09-13 19:56:03+0000,2095,Ciudad cielo,Mar Norte
u118,2026-09-10 15:39:39+0000,2096,Fuego viento,Lluvia Club
u015,2026-09-08 11:44:29+0000,2097,Lluvia tiempo,Ciudad Trío
u047,2026-09-18 11:13:14+0000,2098,Viento lluvia,Mar Norte
u157,2026-09-21 01:33:13+0000,2099,Río río,Lluvia Band
u196,2026-09-07 17:09:00+0000,2100,Mar camino,Volcán Norte
u142,2026-09-20 18:51:53+0000,2101,Tiempo ciudad,Fuego Sur
u017,2026-09-25 15:44:03+0000,2102,Volcán mar,Mar Club
u065,2026-09-16 09:54:35+0000,2103,Cielo volcán,Mar Norte
u128,2026-09-29 10:06:56+0000,2104,Fuego tiempo,Volcán Sur
u124,2026-09-14 20:43:50+0000,2105,Noche volcán,Horizonte Sur
u038,2026-09-03 12:18:43+0000,2106,Tiempo viento,Lluvia Trío
u018,2026-09-30 19:21:39+0000,2107,Ciudad luna,Sueño Band
u131,2026-09-22 19:45:15+0000,2108,Cielo ciudad,Tiempo Sur
u054,2026-09-26 10:36:37+0000,2109,Lluvia cielo,Horizonte Trío
u118,2026-09-30 13:29:32+0000,2110,Noche luna,Sueño Band
u114,2026-09-13 15:45:01+0000,2111,Horizonte viento,Eco Norte
u093,2026-09-12 09:06:22+0000,2112,Tiempo noche,Eco Norte
u042,2026-09-14 17:43:56+0000,2113,Sol cielo,Lluvia Sur
u087,2026-09-10 07:41:46+0000,2114,Fuego noche,Lluvia Trío
u106,2026-09-14 20:42:28+0000,2115,Río sueño,Fuego Trío
u076,2026-09-27 16:59:54+0000,2116,Río tiempo,Mar Sur
u193,2026-09-20 23:12:08+0000,2117,Río lluvia,Mar Norte
u175,2026-09-12 10:45:29+0000,2118,Luna río,Mar Band
u071,2026-09-13 07:38:11+0000,2119,Eco cielo,Cielo Band
u167,2026-09-09 06:28:49+0000,2120,Horizonte viento,Cielo Trío
u168,2026-09-21 02:19:20+0000,2121,Noche cielo,Eco Norte
u154,2026-09-16 15:27:19+0000,2122,Fuego mar,Tiempo Club
u074,2026-09-11 06:35:09+0000,2123,Cielo volcán,Mar Norte
u162,2026-09-20 08:46:32+0000,2124,Eco sueño,Lluvia Club
u077,2026-09-03 22:02:12+0000,2125,Sol eco,Sueño Band
u137,2026-09-01 12:13:53+0000,2126,Tiempo lluvia,Cielo Sur
u070,2026-09-14 16:11:51+0000,2127,Río luna,Noche Club
u078,2026-09-01 12:47:19+0000,2128,Mar volcán,Lluvia Sur
u138,2026-09-30 05:05:39+0000,2129,Camino volcán,Eco Norte
u077,2026-09-14 05:39:27+0000,2130,Lluvia cielo,Lluvia Club
u113,2026-09-19 14:40:35+0000,2131,Fuego viento,Mar Club
u181,2026-09-12 21:29:40+0000,2132,Volcán mar,Mar Club
u188,2026-09-12 12:40:30+0000,2133,Eco lluvia,Tiempo Club
u079,2026-09-17 23:09:07+0000,2134,Sol río,Mar Sur
u101,2026-09-29 04:15:24+0000,2135,Ciudad mar,Cielo Band
u108,2026-09-26 12:34:59+0000,2136,Noche lluvia,Sueño Band
u158,2026-09-10 08:24:16+0000,2137,Noche volcán,Horizonte Sur
u150,2026-09-27 15:49:37+0000,2138,Sol río,Cielo Trío
u144,2026-09-29 22:51:53+0000,2139,Noche ciudad,Tiempo Sur
u097,2026-09-23 13:42:38+0000,2140,Fuego ciudad,Cielo Band
u084,2026-09-04 08:17:24+0000,2141,Sol río,Mar Sur
u006,2026-09-23 08:32:20+0000,2142,Sueño sol,Mar Sur
u059,2026-09-10 17:55:53+0000,2143,Sueño ciudad,Eco Norte
u098,2026-09-11 19:21:32+0000,2144,Eco eco,Sueño Band
u002,2026-09-25 11:37:15+0000,2145,Volcán noche,Volcán Sur
u090,2026-09-28 15:07:03+0000,2146,Noche viento,Mar Club
u059,2026-09-12 04:10:57+0000,2147,Ciudad tiempo,Lluvia Trío
u116,2026-09-01 02:50:25+0000,2148,Luna eco,Ciudad Trío
u044,2026-09-29 12:16:47+0000,2149,Río tiempo,Mar Sur
u076,2026-09-29 11:12:37+0000,2150,Lluvia lluvia,Tiempo Club
u106,2026-09-19 19:18:40+0000,2151,Lluvia ciudad,Luna Sur
u191,2026-09-26 07:32:26+0000,2152,Lluvia cielo,Horizonte Trío
u062,2026-09-04 19:08:11+0000,2153,Mar fuego,Lluvia Trío
u153,2026-09-11 07:02:39+0000,2154,Noche cielo,Eco Norte
u015,2026-09-20 07:07:15+0000,2155,Cielo ciudad,Cielo Trío
u157,2026-09-29 16:07:41+0000,2156,Fuego ciudad,Sueño Band
u029,2026-09-03 06:42:47+0000,2157,Volcán ciudad,Lluvia Trío
u152,2026-09-11 19:55:19+0000,2158,Ciudad tiempo,Noche Club
u084,2026-09-23 09:10:06+0000,2159,Horizonte lluvia,Sueño Band
u142,2026-09-01 18:47:25+0000,2160,Camino río,Luna Band
u123,2026-09-29 10:39:59+0000,2161,Viento camino,Ciudad Trío
u119,2026-09-10 07:41:40+0000,2162,Eco cielo,Cielo Band
u047,2026-09-14 03:36:50+0000,2163,Cielo noche,Tiempo Band
u132,2026-09-24 06:45:33+0000,2164,Tiempo noche,Ciudad Trío
u098,2026-09-16 10:27:13+0000,2165,Noche lluvia,Sueño Band
u188,2026-09-14 11:25:29+0000,2166,Lluvia cielo,Lluvia Club
u181,2026-09-12 20:39:56+0000,2167,Sueño tiempo,Lluvia Trío
u173,2026-09-26 08:41:09+0000,2168,Sueño sueño,Volcán Trío
u189,2026-09-13 18:35:10+0000,2169,Eco cielo,Mar Band
u113,2026-09-30 10:16:37+0000,2170,Luna noche,Camino Norte
u099,2026-09-21 16:20:00+0000,2171,Sol río,Mar Sur
u195,2026-09-22 10:33:29+0000,2172,Volcán luna,Mar Sur
u150,2026-09-27 13:11:22+0000,2173,Mar horizonte,Tiempo Trío
u070,2026-09-24 10:40:01+0000,2174,Mar cielo,Ciudad Trío
u042,2026-09-25 13:17:18+0000,2175,Fuego eco,Camino Norte
u098,2026-09-08 12:48:15+0000,2176,Río lluvia,Noche Club
u011,2026-09-07 11:34:37+0000,2177,Eco luna,Cielo Trío
u179,2026-09-23 14:57:23+0000,2178,Río cielo,Tiempo Sur
u179,2026-09-28 13:27:34+0000,2179,Camino camino,Luna Sur
u081,2026-09-13 05:23:03+0000,2180,Cielo cielo,Horizonte Trío
u075,2026-09-17 19:28:14+0000,2181,Ciudad horizonte,Viento Band
u081,2026-09-29 16:59:01+0000,2182,Luna ciudad,Volcán Trío
u037,2026-09-06 08:19:20+0000,2183,Ciudad horizonte,Viento Band
u077,2026-09-06 07:59:46+0000,2184,Volcán fuego,Luna Band
u150,2026-09-18 07:49:40+0000,2185,Cielo ciudad,Mar Club
u155,2026-09-05 05:20:14+0000,2186,Eco luna,Cielo Trío
u109,2026-09-11 13:44:44+0000,2187,Mar camino,Volcán Norte
u028,2026-09-05 22:36:02+0000,2188,Fuego ciudad,Cielo Band
u081,2026-09-23 21:44:13+0000,2189,Eco mar,Tiempo Band
u009,2026-09-11 12:36:35+0000,2190,Noche viento,Luna Band
u006,2026-09-27 21:55:31+0000,2191,Horizonte viento,Eco Norte
u066,2026-09-07 02:22:54+0000,2192,Lluvia noche,Tiempo Club
u096,2026-09-09 16:23:23+0000,2193,Camino viento,Mar Band
u162,2026-09-22 06:31:10+0000,2194,Mar sueño,Mar Band
u110,2026-09-22 18:30:09+0000,2195,Luna eco,Ciudad Trío
u028,2026-09-04 17:00:08+0000,2196,Río lluvia,Mar Norte
u091,2026-09-30 08:30:40+0000,2197,Luna cielo,Noche Club
u118,2026-09-28 09:31:16+0000,2198,Luna lluvia,Cielo Trío
u026,2026-09-20 14:21:01+0000,2199,Eco eco,Sueño Band
u042,2026-09-14 20:33:47+0000,2200,Río volcán,Camino Norte
u035,2026-09-10 13:27:04+0000,2201,Camino viento,Viento Norte
u099,2026-09-10 20:17:31+0000,2202,Tiempo horizonte,Volcán Sur
u048,2026-09-28 17:11:41+0000,2203,Lluvia fuego,Sueño Band
u147,2026-09-21 05:25:26+0000,2204,Volcán horizonte,Cielo Band
u141,2026-09-30 12:30:40+0000,2205,Ciudad lluvia,Mar Band
u196,2026-09-29 20:06:33+0000,2206,Tiempo horizonte,Volcán Sur
u162,2026-09-23 12:17:42+0000,2207,Fuego noche,Lluvia Trío
u083,2026-09-20 15:41:56+0000,2208,Río ciudad,Mar Sur
u088,2026-09-17 11:34:53+0000,2209,Volcán fuego,Luna Band
u077,2026-09-30 09:06:09+0000,2210,Sol luna,Cielo Trío
u037,2026-09-27 12:37:32+0000,2211,Viento ciudad,Lluvia Trío
u003,2026-09-22 12:31:28+0000,2212,Fuego luna,Cielo Trío
u179,2026-09-12 21:35:11+0000,2213,Mar viento,Tiempo Sur
u092,2026-09-14 11:45:00+0000,2214,Volcán luna,Mar Sur
u035,2026-09-04 11:57:30+0000,2215,Mar viento,Tiempo Sur
u103,2026-09-29 11:33:21+0000,2216,Horizonte mar,Viento Norte
u128,2026-09-24 13:47:02+0000,2217,Horizonte lluvia,Volcán Trío
u023,2026-09-29 13:00:55+0000,2218,Viento camino,Ciudad Trío
u046,2026-09-15 07:52:26+0000,2219,Viento ciudad,Mar Sur
u111,2026-09-05 21:07:12+0000,2220,Río lluvia,Mar Norte
u110,2026-09-17 19:08:39+0000,2221,Lluvia cielo,Lluvia Club
u199,2026-09-26 20:00:59+0000,2222,Noche cielo,Eco Norte
u098,2026-09-22 05:13:08+0000,2223,Ciudad camino,Mar Club
u199,2026-09-04 12:06:40+0000,2224,Luna río,Noche Club
u175,2026-09-12 08:39:25+0000,2225,Tiempo fuego,Volcán Trío
u063,2026-09-17 19:02:56+0000,2226,Río lluvia,Mar Norte
u139,2026-09-09 16:07:03+0000,2227,Eco cielo,Cielo Band
u103,2026-09-20 21:18:54+0000,2228,Fuego ciudad,Cielo Band
u174,2026-09-04 20:27:25+0000,2229,Fuego viento,Mar Club
u098,2026-09-12 10:54:08+0000,2230,Tiempo ciudad,Fuego Sur
u107,2026-09-02 22:18:58+0000,2231,Cielo noche,Lluvia Trío
u159,2026-09-22 13:31:36+0000,2232,Ciudad cielo,Eco Norte
u174,2026-09-03 13:43:41+0000,2233,Tiempo noche,Ciudad Trío
u019,2026-09-21 22:07:07+0000,2234,Camino río,Luna Band
u150,2026-09-21 04:21:08+0000,2235,Río sol,Sueño Band
u058,2026-09-11 19:53:27+0000,2236,Luna ciudad,Lluvia Sur
u029,2026-09-14 17:58:55+0000,2237,Fuego sol,Ciudad Trío
u069,2026-09-18 23:31:11+0000,2238,Mar cielo,Viento Band
u059,2026-09-06 12:57:37+0000,2239,Lluvia noche,Tiempo Club
u035,2026-09-03 19:45:29+0000,2240,Volcán viento,Volcán Sur
u018,2026-09-23 20:29:59+0000,2241,Horizonte viento,Cielo Trío
u076,2026-09-28 16:05:09+0000,2242,Horizonte fuego,Lluvia Trío
u157,2026-09-22 14:51:01+0000,2243,Ciudad horizonte,Viento Band
u070,2026-09-04 21:20:28+0000,2244,Viento noche,Cielo Trío
u044,2026-09-25 08:28:34+0000,2245,Río lluvia,Mar Norte
u059,2026-09-05 09:47:59+0000,2246,Lluvia mar,Sueño Band
u138,2026-09-17 18:45:36+0000,2247,Viento noche,Cielo Trío
u037,2026-09-10 06:30:10+0000,2248,Mar fuego,Lluvia Trío
u017,2026-09-21 20:56:15+0000,2249,Lluvia luna,Tiempo Trío
u137,2026-09-16 06:18:18+0000,2250,Río tiempo,Mar Sur
u116,2026-09-09 22:33:29+0000,2251,Viento ciudad,Tiempo Club
u156,2026-09-14 12:44:53+0000,2252,Viento noche,Cielo Trío
u116,2026-09-09 15:57:26+0000,2253,Ciudad camino,Mar Club
u180,2026-09-22 06:36:12+0000,2254,Camino fuego,Cielo Sur
u096,2026-09-08 21:21:09+0000,2255,Noche mar,Eco Norte
u152,2026-09-14 19:20:21+0000,2256,Viento lluvia,Mar Norte
u086,2026-09-07 17:10:52+0000,2257,Lluvia ciudad,Luna Sur
u114,2026-09-05 10:42:54+0000,2258,Horizonte sol,Mar Club
u119,2026-09-08 18:16:32+0000,2259,Noche cielo,Eco Norte
u082,2026-09-27 19:00:28+0000,2260,Cielo viento,Volcán Norte
u185,2026-09-09 15:18:31+0000,2261,Sol mar,Tiempo Sur
u069,2026-09-26 07:07:18+0000,2262,Sueño ciudad,Horizonte Sur
u147,2026-09-08 03:24:33+0000,2263,Cielo cielo,Horizonte Trío
u150,2026-09-05 21:11:25+0000,2264,Camino lluvia,Viento Band
u031,2026-09-21 16:34:31+0000,2265,Mar cielo,Ciudad Trío
u144,2026-09-13 19:15:19+0000,2266,Eco mar,Tiempo Band
u197,2026-09-24 19:46:37+0000,2267,Luna ciudad,Lluvia Sur
u015,2026-09-17 19:12:41+0000,2268,Ciudad horizonte,Viento Band
u192,2026-09-22 12:51:17+0000,2269,Cielo viento,Cielo Sur
u002,2026-09-03 13:34:34+0000,2270,Mar volcán,Lluvia Sur
u019,2026-09-25 10:49:32+0000,2271,Camino viento,Viento Band
u057,2026-09-14 15:07:30+0000,2272,Volcán volcán,Tiempo Band
u128,2026-09-12 17:18:10+0000,2273,Tiempo horizonte,Eco Norte
u088,2026-09-23 06:42:33+0000,2274,Lluvia cielo,Viento Norte
u072,2026-09-11 10:00:20+0000,2275,Mar volcán,Lluvia Sur
u092,2026-09-07 11:17:13+0000,2276,Horizonte sueño,Fuego Sur
u175,2026-09-09 23:40:56+0000,2277,Ciudad tiempo,Tiempo Band
u078,2026-09-16 03:38:45+0000,2278,Lluvia luna,Mar Norte
u047,2026-09-23 12:36:21+0000,2279,Fuego ciudad,Cielo Band
u109,2026-09-22 22:54:43+0000,2280,Cielo ciudad,Cielo Trío
u117,2026-09-07 18:29:36+0000,2281,Cielo río,Tiempo Trío
u013,2026-09-06 01:31:38+0000,2282,Camino lluvia,Viento Band
u008,2026-09-22 06:22:56+0000,2283,Noche horizonte,Lluvia Band
u199,2026-09-19 22:57:15+0000,2284,Cielo ciudad,Cielo Trío
u108,2026-09-13 09:56:59+0000,2285,Fuego mar,Tiempo Club
u138,2026-09-15 09:04:41+0000,2286,Río cielo,Tiempo Club
u189,2026-09-11 09:33:15+0000,2287,Eco cielo,Cielo Band
u178,2026-09-26 08:44:59+0000,2288,Horizonte sueño,Cielo Trío
u029,2026-09-23 09:42:13+0000,2289,Lluvia tiempo,Ciudad Trío
u124,2026-09-13 11:40:03+0000,2290,Mar mar,Viento Norte
u092,2026-09-21 18:05:13+0000,2291,Fuego luna,Fuego Trío
u044,2026-09-16 11:24:53+0000,2292,Sueño ciudad,Ciudad Trío
u059,2026-09-17 10:19:54+0000,2293,Luna noche,Camino Norte
u133,2026-09-21 08:40:22+0000,2294,Cielo ciudad,Mar Club
u030,2026-09-25 19:56:56+0000,2295,Río luna,Noche Club
u109,2026-09-07 06:13:37+0000,2296,Lluvia sol,Lluvia Trío
u137,2026-09-19 12:47:01+0000,2297,Eco río,Fuego Trío
u107,2026-09-16 08:17:35+0000,2298,Mar cielo,Ciudad Trío
u063,2026-09-16 11:27:14+0000,2299,Luna sueño,Eco Norte
u106,2026-09-04 18:17:21+0000,2300,Mar cielo,Fuego Sur
u166,2026-09-23 12:42:07+0000,2301,Río noche,Mar Band
u195,2026-09-20 20:13:25+0000,2302,Volcán luna,Mar Sur
u049,2026-09-17 20:08:55+0000,2303,Noche fuego,Volcán Trío
u184,2026-09-15 18:53:45+0000,2304,Río lluvia,Mar Norte
u084,2026-09-25 08:41:48+0000,2305,Eco cielo,Mar Band
u130,2026-09-17 18:01:00+0000,2306,Fuego lluvia,Lluvia Trío
u048,2026-09-22 10:23:00+0000,2307,Mar mar,Tiempo Band
u097,2026-09-16 13:41:10+0000,2308,Tiempo sol,Mar Norte
u124,2026-09-12 20:01:15+0000,2309,Ciudad tiempo,Lluvia Trío
u073,2026-09-08 18:23:48+0000,2310,Río ciudad,Mar Sur
u068,2026-09-15 07:51:08+0000,2311,Viento eco,Volcán Sur
u095,2026-09-16 12:19:17+0000,2312,Luna lluvia,Cielo Trío
u185,2026-09-12 19:17:48+0000,2313,Noche lluvia,Tiempo Club
u019,2026-09-13 17:23:06+0000,2314,Sol río,Cielo Trío
u090,2026-09-20 13:23:45+0000,2315,Lluvia tiempo,Lluvia Trío
u179,2026-09-22 19:47:25+0000,2316,Eco luna,Cielo Trío
u089,2026-09-29 21:53:32+0000,2317,Camino río,Luna Band
u157,2026-09-02 19:01:54+0000,2318,Ciudad camino,Noche Club
u127,2026-09-21 08:12:27+0000,2319,Camino horizonte,Tiempo Band
u123,2026-09-04 23:51:57+0000,2320,Lluvia lluvia,Tiempo Club
u101,2026-09-06 10:49:50+0000,2321,Noche lluvia,Volcán Norte
u137,2026-09-22 15:03:55+0000,2322,Luna ciudad,Lluvia Sur
u017,2026-09-30 16:03:37+0000,2323,Ciudad horizonte,Viento Band
u050,2026-09-25 10:56:43+0000,2324,Mar volcán,Lluvia Sur
u024,2026-09-29 11:51:05+0000,2325,Camino viento,Viento Band
u155,2026-09-26 04:41:47+0000,2326,Ciudad camino,Mar Club
u093,2026-09-26 11:19:33+0000,2327,Cielo luna,Tiempo Club
u059,2026-09-14 10:05:44+0000,2328,Ciudad tiempo,Tiempo Band
u037,2026-09-22 12:15:46+0000,2329,Noche ciudad,Tiempo Sur
u135,2026-09-22 07:35:55+0000,2330,Fuego volcán,Cielo Trío
u185,2026-09-05 17:04:56+0000,2331,Ciudad camino,Noche Club
u082,2026-09-04 04:05:48+0000,2332,Camino viento,Viento Norte
u082,2026-09-10 14:17:27+0000,2333,Tiempo horizonte,Volcán Sur
u076,2026-09-24 17:27:27+0000,2334,Fuego ciudad,Cielo Band
u078,2026-09-24 20:44:03+0000,2335,Horizonte viento,Eco Norte
u185,2026-09-19 10:10:47+0000,2336,Eco cielo,Cielo Band
u167,2026-09-04 07:47:36+0000,2337,Eco cielo,Mar Band
u174,2026-09-11 10:11:54+0000,2338,Fuego tiempo,Volcán Sur
u127,2026-09-07 06:12:13+0000,2339,Río lluvia,Mar Norte
u150,2026-09-07 20:07:29+0000,2340,Cielo río,Cielo Trío
u175,2026-09-03 20:21:08+0000,2341,Lluvia mar,Sueño Band
u145,2026-09-29 23:03:05+0000,2342,Ciudad cielo,Mar Norte
u160,2026-09-08 11:03:32+0000,2343,Mar viento,Tiempo Sur
u100,2026-09-27 11:33:52+0000,2344,Sol cielo,Lluvia Sur
u129,2026-09-05 11:27:35+0000,2345,Volcán viento,Horizonte Trío
u168,2026-09-20 18:03:01+0000,2346,Noche volcán,Horizonte Sur
u122,2026-09-15 11:12:16+0000,2347,Fuego cielo,Cielo Sur
u199,2026-09-06 18:46:57+0000,2348,Lluvia lluvia,Tiempo Club
u101,2026-09-17 09:52:01+0000,2349,Ciudad luna,Sueño Band
u121,2026-09-18 10:35:46+0000,2350,Ciudad cielo,Eco Norte
u113,2026-09-04 16:29:58+0000,2351,Noche ciudad,Ciudad Trío
u103,2026-09-12 06:32:56+0000,2352,Ciudad camino,Noche Club
u195,2026-09-16 20:43:58+0000,2353,Tiempo noche,Eco Norte
u082,2026-09-24 22:41:39+0000,2354,Viento ciudad,Lluvia Trío
u089,2026-09-08 15:30:01+0000,2355,Luna ciudad,Volcán Trío
u132,2026-09-10 23:52:33+0000,2356,Mar volcán,Lluvia Sur
u087,2026-09-16 19:08:30+0000,2357,Noche lluvia,Volcán Norte
u030,2026-09-08 07:50:23+0000,2358,Lluvia sol,Tiempo Sur
u067,2026-09-23 13:50:21+0000,2359,Lluvia eco,Lluvia Club
u104,2026-09-08 18:44:41+0000,2360,Fuego viento,Lluvia Club
u057,2026-09-27 21:04:52+0000,2361,Tiempo horizonte,Volcán Sur
u031,2026-09-05 17:36:16+0000,2362,Noche lluvia,Tiempo Club
u040,2026-09-15 00:42:47+0000,2363,Volcán camino,Tiempo Club
u028,2026-09-17 16:12:55+0000,2364,Luna lluvia,Cielo Trío
u197,2026-09-22 09:56:37+0000,2365,Cielo ciudad,Cielo Trío
u007,2026-09-18 23:43:16+0000,2366,Mar sueño,Mar Band
u016,2026-09-21 16:04:58+0000,2367,Lluvia mar,Sueño Band
u092,2026-09-13 20:24:55+0000,2368,Fuego noche,Lluvia Trío
u123,2026-09-18 07:26:59+0000,2369,Luna ciudad,Lluvia Trío
u090,2026-09-01 13:00:19+0000,2370,Fuego horizonte,Lluvia Band
u003,2026-09-16 21:11:44+0000,2371,Cielo noche,Lluvia Trío
u049,2026-09-28 04:14:54+0000,2372,Fuego horizonte,Noche Club
u016,2026-09-11 21:11:45+0000,2373,Sol cielo,Lluvia Sur
u088,2026-09-16 10:32:16+0000,2374,Eco luna,Cielo Trío
u185,2026-09-14 06:14:44+0000,2375,Mar camino,Volcán Norte
u031,2026-09-11 11:13:47+0000,2376,Fuego ciudad,Cielo Band
u030,2026-09-11 21:18:41+0000,2377,Horizonte fuego,Lluvia Trío
u086,2026-09-11 20:59:53+0000,2378,Sueño ciudad,Horizonte Sur
u037,2026-09-22 18:31:20+0000,2379,Luna lluvia,Cielo Trío
u054,2026-09-11 12:17:34+0000,2380,Luna mar,Ciudad Trío
u132,2026-09-27 19:28:04+0000,2381,Fuego noche,Ciudad Trío
u117,2026-09-05 10:28:23+0000,2382,Ciudad horizonte,Viento Band
u108,2026-09-05 18:26:48+0000,2383,Ciudad ciudad,Tiempo Trío
u124,2026-09-03 13:22:11+0000,2384,Tiempo sol,Mar Norte
u006,2026-09-28 07:20:25+0000,2385,Tiempo noche,Eco Norte
u111,2026-09-20 21:37:55+0000,2386,Lluvia tiempo,Lluvia Trío
u097,2026-09-01 17:19:27+0000,2387,Mar horizonte,Tiempo Trío
u047,2026-09-11 09:16:06+0000,2388,Viento ciudad,Lluvia Trío
u011,2026-09-10 19:15:58+0000,2389,Mar cielo,Viento Band
u011,2026-09-19 10:33:46+0000,2390,Noche ciudad,Cielo Trío
u169,2026-09-16 18:42:36+0000,2391,Camino viento,Viento Norte
u139,2026-09-13 11:51:51+0000,2392,Volcán lluvia,Cielo Trío
u191,2026-09-18 16:52:15+0000,2393,Noche mar,Eco Norte
u160,2026-09-10 13:16:38+0000,2394,Fuego tiempo,Lluvia Sur
u069,2026-09-24 08:32:48+0000,2395,Fuego horizonte,Lluvia Band
u023,2026-09-13 21:14:16+0000,2396,Cielo camino,Tiempo Club
u054,2026-09-03 20:57:20+0000,2397,Camino fuego,Lluvia Sur
u127,2026-09-06 18:15:10+0000,2398,Cielo río,Tiempo Trío
u059,2026-09-24 17:20:18+0000,2399,Camino eco,Lluvia Trío
u062,2026-09-16 19:09:29+0000,2400,Luna sueño,Eco Norte
u011,2026-09-16 17:21:51+0000,2401,Ciudad ciudad,Tiempo Trío
u156,2026-09-22 09:10:57+0000,2402,Lluvia cielo,Horizonte Trío
u053,2026-09-05 20:43:33+0000,2403,Mar fuego,Lluvia Sur
u079,2026-09-20 11:56:05+0000,2404,Cielo ciudad,Tiempo Sur
u039,2026-09-19 15:11:41+0000,2405,Volcán fuego,Sueño Band
u171,2026-09-13 13:11:02+0000,2406,Lluvia luna,Mar Norte
u095,2026-09-21 15:11:37+0000,2407,Río luna,Lluvia Club
u031,2026-09-11 19:03:20+0000,2408,Tiempo sol,Mar Norte
u093,2026-09-11 13:17:00+0000,2409,Lluvia cielo,Lluvia Club
u113,2026-09-28 07:53:33+0000,2410,Lluvia tiempo,Ciudad Trío
u028,2026-09-29 16:01:10+0000,2411,Ciudad lluvia,Mar Band
u166,2026-09-21 22:30:42+0000,2412,Fuego lluvia,Lluvia Trío
u187,2026-09-08 11:13:23+0000,2413,Noche cielo,Eco Norte
u180,2026-09-17 18:46:35+0000,2414,Noche horizonte,Lluvia Band
u155,2026-09-28 10:04:57+0000,2415,Horizonte fuego,Lluvia Trío
u011,2026-09-16 08:24:32+0000,2416,Noche ciudad,Tiempo Sur
u076,2026-09-03 16:12:16+0000,2417,Sueño camino,Volcán Sur
u084,2026-09-02 16:57:15+0000,2418,Lluvia lluvia,Tiempo Club
u117,2026-09-29 09:04:52+0000,2419,Eco cielo,Cielo Band
u168,2026-09-30 17:52:53+0000,2420,Noche luna,Sueño Band
u153,2026-09-22 16:33:43+0000,2421,Río río,Lluvia Band
u154,2026-09-22 21:00:18+0000,2422,Luna tiempo,Cielo Band
u113,2026-09-16 16:43:51+0000,2423,Ciudad tiempo,Lluvia Trío
u097,2026-09-25 20:37:02+0000,2424,Fuego cielo,Cielo Sur
u053,2026-09-25 09:16:48+0000,2425,Lluvia luna,Mar Norte
u095,2026-09-06 13:33:07+0000,2426,Viento ciudad,Lluvia Trío
u095,2026-09-21 18:38:54+0000,2427,Horizonte fuego,Lluvia Trío
u174,2026-09-17 07:50:02+0000,2428,Noche ciudad,Tiempo Sur
u026,2026-09-28 06:25:50+0000,2429,Ciudad camino,Noche Club
u186,2026-09-09 16:34:44+0000,2430,Fuego tiempo,Lluvia Sur
u108,2026-09-12 18:03:06+0000,2431,Noche ciudad,Sueño Band
u070,2026-09-05 17:55:34+0000,2432,Mar horizonte,Tiempo Trío
u045,2026-09-03 13:03:08+0000,2433,Eco cielo,Tiempo Club
u095,2026-09-10 15:44:13+0000,2434,Sol luna,Cielo Trío
u169,2026-09-15 15:43:52+0000,2435,Fuego tiempo,Ciudad Trío
u087,2026-09-25 15:22:47+0000,2436,Viento camino,Ciudad Trío
u161,2026-09-04 06:54:09+0000,2437,Viento lluvia,Mar Norte
u087,2026-09-04 11:03:31+0000,2438,Río tiempo,Mar Sur
u081,2026-09-20 14:04:38+0000,2439,Volcán lluvia,Ciudad Band
u058,2026-09-01 09:06:48+0000,2440,Río tiempo,Mar Sur
u157,2026-09-09 15:46:14+0000,2441,Cielo ciudad,Cielo Trío
u054,2026-09-02 12:20:42+0000,2442,Fuego tiempo,Volcán Sur
u169,2026-09-13 14:21:21+0000,2443,Tiempo fuego,Volcán Trío
u145,2026-09-14 13:33:44+0000,2444,Viento eco,Tiempo Sur
u141,2026-09-25 18:45:36+0000,2445,Sol tiempo,Ciudad Trío
u157,2026-09-22 18:56:25+0000,2446,Sueño fuego,Eco Norte
u004,2026-09-12 16:37:41+0000,2447,Horizonte sueño,Fuego Sur
u088,2026-09-28 15:07:07+0000,2448,Viento camino,Ciudad Trío
u144,2026-09-01 13:09:39+0000,2449,Fuego noche,Lluvia Trío
u159,2026-09-10 07:52:16+0000,2450,Tiempo noche,Eco Norte
u067,2026-09-23 02:17:03+0000,2451,Lluvia luna,Tiempo Trío
u048,2026-09-18 11:31:39+0000,2452,Mar luna,Lluvia Trío
u012,2026-09-25 14:55:34+0000,2453,Volcán ciudad,Lluvia Trío
u035,2026-09-18 21:15:00+0000,2454,Horizonte viento,Eco Norte
u071,2026-09-16 08:33:19+0000,2455,Sueño ciudad,Ciudad Trío
u006,2026-09-25 08:57:13+0000,2456,Mar volcán,Cielo Trío
u022,2026-09-04 16:13:00+0000,2457,Río tiempo,Mar Sur
u046,2026-09-19 20:54:04+0000,2458,Volcán sueño,Lluvia Sur
u037,2026-09-25 07:52:08+0000,2459,Volcán mar,Cielo Trío
u070,2026-09-26 15:28:24+0000,2460,Noche ciudad,Sueño Band
u112,2026-09-15 05:48:40+0000,2461,Volcán volcán,Tiempo Band
u031,2026-09-06 13:05:50+0000,2462,Fuego luna,Cielo Trío
u146,2026-09-06 20:30:58+0000,2463,Ciudad ciudad,Tiempo Trío
u100,2026-09-27 17:48:06+0000,2464,Luna luna,Sueño Band
u064,2026-09-30 07:43:06+0000,2465,Volcán ciudad,Lluvia Trío
u111,2026-09-01 08:26:55+0000,2466,Sueño camino,Volcán Sur
u081,2026-09-06 08:29:02+0000,2467,Ciudad luna,Sueño Band
u017,2026-09-26 18:03:29+0000,2468,Fuego ciudad,Cielo Sur
u111,2026-09-19 11:54:05+0000,2469,Noche viento,Luna Band
u041,2026-09-18 14:10:48+0000,2470,Tiempo ciudad,Fuego Sur
u137,2026-09-17 02:18:18+0000,2471,Lluvia noche,Tiempo Club
u115,2026-09-23 23:00:34+0000,2472,Viento eco,Tiempo Sur
u018,2026-09-10 16:51:23+0000,2473,Río noche,Lluvia Band
u118,2026-09-29 17:56:59+0000,2474,Lluvia tiempo,Lluvia Trío
u030,2026-09-11 14:30:06+0000,2475,Camino río,Ciudad Trío
u120,2026-09-24 22:14:51+0000,2476,Lluvia cielo,Lluvia Club
u066,2026-09-25 08:09:13+0000,2477,Cielo noche,Tiempo Band
u088,2026-09-07 18:26:01+0000,2478,Viento noche,Cielo Trío
u127,2026-09-03 21:12:28+0000,2479,Fuego ciudad,Sueño Band
u099,2026-09-11 13:41:30+0000,2480,Horizonte sueño,Fuego Sur
u101,2026-09-10 05:48:13+0000,2481,Lluvia tiempo,Lluvia Trío
u175,2026-09-13 11:45:27+0000,2482,Luna viento,Lluvia Trío
u019,2026-09-24 14:43:16+0000,2483,Horizonte mar,Viento Norte
u091,2026-09-27 20:06:36+0000,2484,Horizonte lluvia,Ciudad Trío
u007,2026-09-01 11:05:51+0000,2485,Horizonte viento,Mar Club
u116,2026-09-10 00:44:21+0000,2486,Mar volcán,Cielo Trío
u095,2026-09-19 20:26:09+0000,2487,Sueño camino,Volcán Sur
u139,2026-09-11 18:11:26+0000,2488,Luna lluvia,Cielo Trío
u179,2026-09-28 05:13:43+0000,2489,Fuego cielo,Cielo Sur
u103,2026-09-07 18:04:19+0000,2490,Noche fuego,Volcán Trío
u196,2026-09-01 15:40:13+0000,2491,Volcán fuego,Sueño Band
u158,2026-09-11 14:01:21+0000,2492,Ciudad tiempo,Noche Club
u133,2026-09-20 14:04:48+0000,2493,Camino viento,Mar Band
u146,2026-09-17 07:03:38+0000,2494,Tiempo noche,Ciudad Trío
u096,2026-09-12 14:12:13+0000,2495,Horizonte viento,Eco Norte
u053,2026-09-23 18:27:37+0000,2496,Camino viento,Viento Band
u103,2026-09-06 11:54:05+0000,2497,Noche ciudad,Horizonte Trío
u098,2026-09-03 14:56:29+0000,2498,Tiempo horizonte,Eco Norte
u176,2026-09-03 20:29:56+0000,2499,Luna tiempo,Cielo Band
u197,2026-09-08 06:06:58+0000,2500,Fuego noche,Lluvia Trío
u111,2026-09-24 22:08:13+0000,2501,Lluvia cielo,Horizonte Trío
u136,2026-09-20 20:07:19+0000,2502,Lluvia tiempo,Lluvia Trío
u094,2026-09-16 14:36:16+0000,2503,Fuego noche,Ciudad Trío
u158,2026-09-06 20:23:23+0000,2504,Volcán fuego,Sueño Band
u101,2026-09-15 13:09:29+0000,2505,Mar cielo,Fuego Sur
u072,2026-09-20 13:47:45+0000,2506,Ciudad cielo,Mar Norte
u088,2026-09-20 22:41:23+0000,2507,Ciudad horizonte,Viento Band
u049,2026-09-19 12:07:52+0000,2508,Noche cielo,Eco Norte
u169,2026-09-25 18:25:01+0000,2509,Mar horizonte,Lluvia Club
u101,2026-09-19 15:31:51+0000,2510,Sol eco,Sueño Band
u121,2026-09-14 08:22:05+0000,2511,Horizonte sueño,Cielo Trío
u179,2026-09-17 19:07:13+0000,2512,Noche lluvia,Volcán Norte
u066,2026-09-10 20:23:34+0000,2513,Ciudad camino,Noche Club
u164,2026-09-04 17:28:52+0000,2514,Río volcán,Camino Norte
u048,2026-09-02 17:47:46+0000,2515,Luna eco,Ciudad Trío
u141,2026-09-24 17:38:35+0000,2516,Luna ciudad,Lluvia Sur
u185,2026-09-21 18:55:01+0000,2517,Ciudad tiempo,Tiempo Band
u042,2026-09-01 19:59:24+0000,2518,Eco río,Horizonte Sur
u153,2026-09-04 17:55:14+0000,2519,Mar luna,Lluvia Trío
u092,2026-09-14 15:20:28+0000,2520,Fuego viento,Lluvia Club
u142,2026-09-29 18:33:16+0000,2521,Luna ciudad,Lluvia Sur
u153,2026-09-27 13:38:35+0000,2522,Camino tiempo,Cielo Sur
u002,2026-09-04 13:27:10+0000,2523,Noche horizonte,Lluvia Band
u174,2026-09-14 21:25:27+0000,2524,Lluvia luna,Tiempo Trío
u050,2026-09-03 10:37:56+0000,2525,Volcán viento,Volcán Sur
u139,2026-09-16 18:59:39+0000,2526,Cielo río,Mar Band
u193,2026-09-21 08:55:26+0000,2527,Noche lluvia,Volcán Norte
u187,2026-09-04 11:49:00+0000,2528,Ciudad horizonte,Viento Band
u070,2026-09-08 13:43:54+0000,2529,Horizonte viento,Eco Norte
u185,2026-09-20 08:06:42+0000,2530,Tiempo horizonte,Volcán Sur
u062,2026-09-26 07:53:48+0000,2531,Volcán fuego,Sueño Band
u080,2026-09-16 14:42:48+0000,2532,Volcán mar,Mar Club
u131,2026-09-19 23:11:28+0000,2533,Lluvia cielo,Horizonte Trío
u165,2026-09-04 21:48:34+0000,2534,Luna tiempo,Cielo Band
u163,2026-09-27 23:10:34+0000,2535,Mar cielo,Fuego Sur
u026,2026-09-27 13:32:05+0000,2536,Fuego eco,Camino Norte
u098,2026-09-09 20:21:58+0000,2537,Horizonte lluvia,Ciudad Trío
u090,2026-09-07 06:12:16+0000,2538,Mar cielo,Volcán Trío
u101,2026-09-19 13:52:06+0000,2539,Fuego mar,Tiempo Club
u124,2026-09-30 17:15:46+0000,2540,Noche río,Lluvia Band
u067,2026-09-07 11:09:46+0000,2541,Río cielo,Tiempo Club
u084,2026-09-21 22:39:41+0000,2542,Cielo mar,Volcán Sur
u113,2026-09-14 14:11:16+0000,2543,Noche viento,Mar Club
u144,2026-09-25 18:48:04+0000,2544,Horizonte lluvia,Sueño Band
u076,2026-09-26 16:08:05+0000,2545,Fuego noche,Ciudad Trío
u046,2026-09-01 08:45:59+0000,2546,Tiempo mar,Mar Sur
u165,2026-09-25 19:57:32+0000,2547,Volcán lluvia,Ciudad Band
u016,2026-09-02 21:53:04+0000,2548,Fuego noche,Ciudad Trío
u188,2026-09-14 10:15:05+0000,2549,Noche volcán,Horizonte Sur
u090,2026-09-03 14:26:56+0000,2550,Mar fuego,Lluvia Sur
u092,2026-09-10 06:14:09+0000,2551,Ciudad tiempo,Tiempo Band
u029,2026-09-20 19:46:37+0000,2552,Tiempo horizonte,Volcán Sur
u141,2026-09-25 19:01:40+0000,2553,Sueño sol,Mar Sur
u050,2026-09-28 17:39:36+0000,2554,Sol volcán,Volcán Trío
u195,2026-09-05 19:43:32+0000,2555,Mar sueño,Mar Band
u089,2026-09-23 18:40:00+0000,2556,Camino camino,Luna Sur
u017,2026-09-06 19:52:18+0000,2557,Horizonte viento,Eco Norte
u178,2026-09-29 21:08:42+0000,2558,Cielo ciudad,Cielo Trío
u139,2026-09-08 11:09:48+0000,2559,Mar cielo,Ciudad Trío
u160,2026-09-08 09:15:13+0000,2560,Viento ciudad,Tiempo Club
u168,2026-09-03 19:06:35+0000,2561,Camino camino,Luna Sur
u054,2026-09-13 10:25:12+0000,2562,Volcán horizonte,Noche Club
u017,2026-09-30 05:01:48+0000,2563,Mar ciudad,Noche Club
u143,2026-09-04 15:25:00+0000,2564,Fuego tiempo,Lluvia Sur
u146,2026-09-21 17:14:45+0000,2565,Viento lluvia,Mar Norte
u164,2026-09-15 07:31:11+0000,2566,Sol mar,Tiempo Sur
u076,2026-09-24 20:45:19+0000,2567,Tiempo mar,Mar Sur
u025,2026-09-23 08:18:33+0000,2568,Sueño sol,Mar Sur
u063,2026-09-10 06:19:23+0000,2569,Fuego cielo,Cielo Sur
u083,2026-09-18 23:22:13+0000,2570,Fuego tiempo,Volcán Sur
u101,2026-09-17 14:01:07+0000,2571,Ciudad tiempo,Tiempo Band
u117,2026-09-08 05:40:45+0000,2572,Ciudad ciudad,Tiempo Trío
u056,2026-09-01 12:41:18+0000,2573,Tiempo noche,Eco Norte
u049,2026-09-08 18:40:44+0000,2574,Viento ciudad,Mar Sur
u058,2026-09-14 20:12:19+0000,2575,Fuego eco,Camino Norte
u052,2026-09-30 15:34:11+0000,2576,Luna sol,Luna Band
u108,2026-09-21 13:53:00+0000,2577,Eco cielo,Mar Band
u057,2026-09-14 13:19:38+0000,2578,Horizonte sol,Mar Club
u117,2026-09-26 15:21:20+0000,2579,Lluvia luna,Mar Norte
u175,2026-09-18 20:17:16+0000,2580,Viento eco,Volcán Sur
u142,2026-09-14 16:42:10+0000,2581,Horizonte sueño,Ciudad Band
u078,2026-09-03 18:41:38+0000,2582,Sol ciudad,Cielo Trío
u156,2026-09-26 23:49:21+0000,2583,Sueño ciudad,Eco Norte
u185,2026-09-02 19:50:37+0000,2584,Mar fuego,Lluvia Trío
u116,2026-09-25 16:13:50+0000,2585,Lluvia lluvia,Tiempo Club
u048,2026-09-13 15:08:54+0000,2586,Cielo ciudad,Cielo Trío
u199,2026-09-22 07:45:59+0000,2587,Camino viento,Mar Band
u096,2026-09-12 09:52:05+0000,2588,Luna río,Mar Band
u166,2026-09-20 23:53:45+0000,2589,Fuego volcán,Cielo Trío
u104,2026-09-13 12:17:27+0000,2590,Río ciudad,Mar Sur
u121,2026-09-11 22:18:13+0000,2591,Mar viento,Tiempo Sur
u182,2026-09-07 19:00:36+0000,2592,Mar cielo,Volcán Trío
u072,2026-09-02 13:02:34+0000,2593,Lluvia fuego,Sueño Band
u042,2026-09-11 11:28:12+0000,2594,Mar volcán,Cielo Trío
u133,2026-09-26 15:35:43+0000,2595,Noche lluvia,Tiempo Club
u072,2026-09-28 15:01:10+0000,2596,Luna ciudad,Lluvia Sur
u022,2026-09-10 11:55:31+0000,2597,Camino tiempo,Cielo Sur
u159,2026-09-06 16:34:20+0000,2598,Horizonte sueño,Fuego Sur
u046,2026-09-03 11:39:00+0000,2599,Mar cielo,Ciudad Trío
u145,2026-09-25 18:36:46+0000,2600,Volcán camino,Tiempo Club
u003,2026-09-18 16:57:39+0000,2601,Cielo volcán,Mar Norte
u146,2026-09-17 16:29:08+0000,2602,Volcán viento,Horizonte Trío
u049,2026-09-08 15:42:29+0000,2603,Sueño ciudad,Ciudad Trío
u060,2026-09-07 05:16:04+0000,2604,Fuego ciudad,Cielo Band
u139,2026-09-16 09:44:03+0000,2605,Noche fuego,Volcán Trío
u060,2026-09-16 08:28:39+0000,2606,Viento lluvia,Mar Norte
u033,2026-09-21 10:08:48+0000,2607,Tiempo noche,Ciudad Trío
u131,2026-09-02 12:29:52+0000,2608,Volcán horizonte,Cielo Band
u044,2026-09-23 12:58:35+0000,2609,Fuego mar,Tiempo Club
u123,2026-09-08 15:41:24+0000,2610,Volcán fuego,Sueño Band
u110,2026-09-19 08:38:51+0000,2611,Ciudad ciudad,Tiempo Trío
u160,2026-09-09 18:40:30+0000,2612,Ciudad camino,Mar Club
u106,2026-09-05 03:20:35+0000,2613,Sueño fuego,Cielo Sur
u180,2026-09-04 10:41:52+0000,2614,Mar cielo,Ciudad Trío
u044,2026-09-28 17:55:11+0000,2615,Cielo noche,Tiempo Band
u008,2026-09-16 14:21:28+0000,2616,Tiempo lluvia,Cielo Sur
u104,2026-09-04 22:25:38+0000,2617,Tiempo horizonte,Volcán Sur
u061,2026-09-23 21:34:45+0000,2618,Luna lluvia,Cielo Trío
u116,2026-09-13 18:44:54+0000,2619,Volcán noche,Volcán Sur
u160,2026-09-05 20:01:24+0000,2620,Eco sol,Horizonte Sur
u053,2026-09-01 05:06:34+0000,2621,Tiempo sol,Mar Norte
u058,2026-09-19 19:53:45+0000,2622,Lluvia luna,Mar Norte
u054,2026-09-07 21:36:45+0000,2623,Eco sueño,Lluvia Club
u134,2026-09-17 23:46:14+0000,2624,Cielo volcán,Mar Norte
u011,2026-09-16 09:18:01+0000,2625,Noche ciudad,Sueño Band
u144,2026-09-06 20:22:14+0000,2626,Cielo ciudad,Cielo Trío
u192,2026-09-07 14:36:18+0000,2627,Viento ciudad,Volcán Sur
u119,2026-09-18 12:09:48+0000,2628,Tiempo horizonte,Eco Norte
u197,2026-09-21 20:02:34+0000,2629,Lluvia cielo,Lluvia Club
u015,2026-09-02 10:08:42+0000,2630,Sol río,Mar Sur
u047,2026-09-23 17:36:16+0000,2631,Fuego viento,Mar Club
u160,2026-09-19 22:01:11+0000,2632,Viento horizonte,Camino Norte
u094,2026-09-07 19:33:41+0000,2633,Lluvia cielo,Lluvia Club
u066,2026-09-26 11:13:52+0000,2634,Tiempo noche,Eco Norte
u028,2026-09-04 18:28:40+0000,2635,Lluvia sol,Lluvia Trío
u090,2026-09-02 07:40:53+0000,2636,Tiempo ciudad,Fuego Sur
u154,2026-09-17 20:11:45+0000,2637,Sueño sol,Mar Sur
u172,2026-09-23 15:11:11+0000,2638,Volcán volcán,Tiempo Band
u172,2026-09-09 07:40:04+0000,2639,Lluvia sol,Tiempo Sur
u077,2026-09-30 21:53:43+0000,2640,Volcán mar,Cielo Trío
u058,2026-09-24 09:24:49+0000,2641,Lluvia cielo,Horizonte Trío
u019,2026-09-16 10:21:39+0000,2642,Camino fuego,Cielo Sur
u188,2026-09-20 20:59:54+0000,2643,Mar cielo,Fuego Sur
u101,2026-09-03 12:41:38+0000,2644,Mar sueño,Mar Band
u200,2026-09-11 18:34:07+0000,2645,Tiempo horizonte,Volcán Sur
u059,2026-09-16 09:01:43+0000,2646,Río volcán,Camino Norte
u062,2026-09-04 06:16:41+0000,2647,Mar cielo,Fuego Sur
u112,2026-09-04 07:47:15+0000,2648,Ciudad ciudad,Tiempo Trío
u059,2026-09-07 00:01:00+0000,2649,Noche fuego,Volcán Trío
u175,2026-09-29 10:14:39+0000,2650,Ciudad tiempo,Tiempo Band
u154,2026-09-04 10:42:23+0000,2651,Viento camino,Ciudad Trío
u152,2026-09-21 11:42:51+0000,2652,Lluvia mar,Sueño Band
u048,2026-09-14 13:02:57+0000,2653,Noche horizonte,Lluvia Band
u108,2026-09-23 16:18:59+0000,2654,Noche cielo,Eco Norte
u099,2026-09-13 14:39:06+0000,2655,Río luna,Volcán Norte
u025,2026-09-25 14:45:34+0000,2656,Fuego viento,Lluvia Club
u087,2026-09-17 11:12:57+0000,2657,Lluvia ciudad,Luna Sur
u130,2026-09-05 10:56:35+0000,2658,Volcán mar,Mar Club
u087,2026-09-02 19:22:36+0000,2659,Viento lluvia,Mar Norte
u066,2026-09-20 09:25:15+0000,2660,Ciudad mar,Cielo Band
u003,2026-09-08 19:59:12+0000,2661,Eco cielo,Tiempo Club
u167,2026-09-29 13:53:25+0000,2662,Sueño ciudad,Horizonte Sur
u108,2026-09-29 17:17:03+0000,2663,Lluvia tiempo,Ciudad Trío
u078,2026-09-17 12:00:32+0000,2664,Cielo cielo,Horizonte Trío
u185,2026-09-12 12:12:46+0000,2665,Camino viento,Viento Norte
u010,2026-09-16 10:50:32+0000,2666,Tiempo ciudad,Fuego Sur
u127,2026-09-01 21:34:09+0000,2667,Eco eco,Tiempo Band
u156,2026-09-21 10:06:51+0000,2668,Volcán lluvia,Ciudad Band
u063,2026-09-13 06:08:58+0000,2669,Noche lluvia,Tiempo Club
u023,2026-09-08 10:02:56+0000,2670,Volcán noche,Lluvia Trío
u002,2026-09-19 13:38:52+0000,2671,Viento horizonte,Camino Norte
u121,2026-09-24 11:19:47+0000,2672,Tiempo noche,Eco Norte
u058,2026-09-06 18:35:27+0000,2673,Lluvia fuego,Sueño Band
u035,2026-09-02 18:38:33+0000,2674,Río luna,Noche Club
u197,2026-09-03 11:58:46+0000,2675,Cielo viento,Volcán Norte
u023,2026-09-01 16:54:09+0000,2676,Tiempo horizonte,Eco Norte
u008,2026-09-18 15:51:28+0000,2677,Volcán volcán,Tiempo Band
u071,2026-09-16 12:56:27+0000,2678,Sol luna,Cielo Trío
u084,2026-09-12 10:53:26+0000,2679,Camino viento,Mar Band
u056,2026-09-19 13:00:08+0000,2680,Sueño sol,Mar Norte
u145,2026-09-09 05:21:45+0000,2681,Fuego eco,Camino Norte
u154,2026-09-24 11:16:17+0000,2682,Mar cielo,Ciudad Trío
u159,2026-09-28 13:09:50+0000,2683,Camino fuego,Lluvia Sur
u197,2026-09-05 16:02:15+0000,2684,Lluvia cielo,Lluvia Club
u073,2026-09-16 09:34:28+0000,2685,Sol luna,Cielo Trío
u085,2026-09-01 14:02:36+0000,2686,Eco luna,Cielo Trío
u157,2026-09-16 14:59:06+0000,2687,Viento noche,Cielo Trío
u106,2026-09-10 03:34:07+0000,2688,Sol eco,Sueño Band
u111,2026-09-04 16:07:32+0000,2689,Noche cielo,Eco Norte
u054,2026-09-02 20:49:45+0000,2690,Volcán fuego,Sueño Band
u142,2026-09-04 20:14:58+0000,2691,Cielo viento,Volcán Norte
u087,2026-09-27 12:20:59+0000,2692,Noche mar,Eco Norte
u114,2026-09-01 14:16:31+0000,2693,Fuego tiempo,Ciudad Trío
u061,2026-09-25 19:34:07+0000,2694,Volcán mar,Mar Club
u005,2026-09-03 07:33:26+0000,2695,Mar volcán,Cielo Trío
u105,2026-09-30 22:24:53+0000,2696,Horizonte fuego,Lluvia Trío
u111,2026-09-12 14:09:45+0000,2697,Río lluvia,Mar Norte
u171,2026-09-01 08:25:46+0000,2698,Ciudad camino,Mar Club
u097,2026-09-04 06:41:10+0000,2699,Sueño sueño,Tiempo Sur
u035,2026-09-19 21:24:47+0000,2700,Fuego ciudad,Eco Norte
u190,2026-09-12 08:58:19+0000,2701,Horizonte lluvia,Sueño Band
u146,2026-09-09 10:33:20+0000,2702,Sol cielo,Lluvia Sur
u118,2026-09-07 18:42:47+0000,2703,Luna ciudad,Lluvia Trío
u058,2026-09-19 06:11:18+0000,2704,Cielo cielo,Horizonte Trío
u153,2026-09-15 07:46:54+0000,2705,Río tiempo,Mar Sur
u086,2026-09-09 13:16:01+0000,2706,Ciudad tiempo,Mar Club
u042,2026-09-23 07:36:55+0000,2707,Eco eco,Sueño Band
u082,2026-09-06 08:10:14+0000,2708,Sol cielo,Lluvia Sur
u071,2026-09-11 06:18:55+0000,2709,Noche fuego,Cielo Sur
u062,2026-09-09 12:35:48+0000,2710,Volcán fuego,Sueño Band
u166,2026-09-02 17:32:20+0000,2711,Tiempo viento,Lluvia Trío
u191,2026-09-10 13:33:28+0000,2712,Sueño ciudad,Ciudad Trío
u152,2026-09-17 11:57:59+0000,2713,Sol río,Mar Sur
u174,2026-09-30 14:52:55+0000,2714,Volcán fuego,Sueño Band
u096,2026-09-15 19:23:19+0000,2715,Volcán volcán,Tiempo Band
u031,2026-09-09 17:16:16+0000,2716,Fuego ciudad,Cielo Band
u154,2026-09-26 06:30:05+0000,2717,Ciudad mar,Cielo Band
u034,2026-09-09 10:38:53+0000,2718,Río noche,Lluvia Band
u049,2026-09-08 23:49:11+0000,2719,Horizonte viento,Eco Norte
u175,2026-09-24 02:39:44+0000,2720,Camino viento,Viento Band
u094,2026-09-30 04:24:15+0000,2721,Fuego tiempo,Volcán Sur
u120,2026-09-07 09:01:33+0000,2722,Viento eco,Volcán Sur
u011,2026-09-26 09:01:47+0000,2723,Lluvia lluvia,Tiempo Club
u127,2026-09-11 18:37:33+0000,2724,Ciudad horizonte,Viento Band
u044,2026-09-14 19:15:45+0000,2725,Fuego ciudad,Cielo Sur
u035,2026-09-03 12:18:53+0000,2726,Horizonte sueño,Fuego Sur
u137,2026-09-01 20:27:09+0000,2727,Cielo noche,Tiempo Band
u169,2026-09-20 20:11:35+0000,2728,Ciudad mar,Cielo Band
u073,2026-09-25 11:17:08+0000,2729,Luna lluvia,Cielo Trío
u150,2026-09-03 16:43:04+0000,2730,Volcán sueño,Lluvia Sur
u028,2026-09-23 05:13:49+0000,2731,Luna ciudad,Lluvia Sur
u112,2026-09-26 20:06:59+0000,2732,Ciudad fuego,Fuego Sur
u150,2026-09-24 18:21:31+0000,2733,Volcán noche,Lluvia Trío
u039,2026-09-02 20:18:38+0000,2734,Volcán noche,Volcán Sur
u169,2026-09-23 13:05:59+0000,2735,Luna ciudad,Volcán Trío
u082,2026-09-13 12:25:34+0000,2736,Viento eco,Volcán Sur
u126,2026-09-07 10:14:07+0000,2737,Viento ciudad,Mar Sur
u046,2026-09-08 17:24:58+0000,2738,Sueño viento,Horizonte Sur
u139,2026-09-05 08:21:34+0000,2739,Río tiempo,Mar Sur
u166,2026-09-03 12:57:28+0000,2740,Horizonte mar,Eco Norte
u162,2026-09-09 09:48:10+0000,2741,Ciudad tiempo,Mar Club
u006,2026-09-27 06:50:23+0000,2742,Noche cielo,Eco Norte
u166,2026-09-07 14:10:11+0000,2743,Fuego volcán,Cielo Trío
u096,2026-09-17 09:10:04+0000,2744,Volcán camino,Tiempo Club
u133,2026-09-30 16:06:52+0000,2745,Horizonte sueño,Cielo Trío
u179,2026-09-18 17:18:19+0000,2746,Ciudad cielo,Eco Norte
u167,2026-09-14 09:07:41+0000,2747,Eco sol,Horizonte Sur
u093,2026-09-14 23:41:48+0000,2748,Tiempo sueño,Luna Sur
u109,2026-09-14 14:35:37+0000,2749,Noche horizonte,Lluvia Band
u092,2026-09-23 08:59:06+0000,2750,Sueño viento,Horizonte Sur
u056,2026-09-26 04:04:19+0000,2751,Volcán volcán,Tiempo Band
u034,2026-09-14 16:14:28+0000,2752,Eco sueño,Lluvia Club
u161,2026-09-12 09:41:38+0000,2753,Fuego noche,Lluvia Trío
u143,2026-09-23 18:19:58+0000,2754,Eco eco,Sueño Band
u114,2026-09-07 17:58:32+0000,2755,Ciudad camino,Mar Club
u030,2026-09-08 10:15:38+0000,2756,Tiempo horizonte,Viento Band
u106,2026-09-15 07:03:22+0000,2757,Luna ciudad,Volcán Trío
u132,2026-09-01 14:03:02+0000,2758,Camino tiempo,Cielo Sur
u134,2026-09-22 19:11:01+0000,2759,Mar ciudad,Noche Club
u147,2026-09-20 11:50:42+0000,2760,Cielo río,Mar Band
u185,2026-09-21 08:20:28+0000,2761,Río cielo,Tiempo Club
u089,2026-09-12 16:54:04+0000,2762,Lluvia noche,Tiempo Club
u118,2026-09-28 13:11:14+0000,2763,Volcán noche,Lluvia Trío
u124,2026-09-06 18:17:32+0000,2764,Lluvia luna,Tiempo Trío
u189,2026-09-13 17:36:23+0000,2765,Ciudad mar,Cielo Band
u022,2026-09-28 09:35:56+0000,2766,Horizonte viento,Cielo Trío
u054,2026-09-10 19:39:28+0000,2767,Ciudad camino,Noche Club
u195,2026-09-13 13:45:02+0000,2768,Sueño sol,Mar Sur
u121,2026-09-17 19:55:42+0000,2769,Lluvia noche,Tiempo Club
u074,2026-09-05 08:19:41+0000,2770,Luna tiempo,Cielo Band
u046,2026-09-16 23:56:05+0000,2771,Mar horizonte,Tiempo Trío
u095,2026-09-14 07:42:39+0000,2772,Lluvia noche,Tiempo Club
u113,2026-09-24 15:04:13+0000,2773,Tiempo horizonte,Volcán Sur
u199,2026-09-19 16:54:22+0000,2774,Tiempo río,Eco Norte
u073,2026-09-15 11:40:10+0000,2775,Tiempo volcán,Lluvia Trío
u072,2026-09-18 12:56:48+0000,2776,Lluvia tiempo,Lluvia Trío
u191,2026-09-13 19:35:32+0000,2777,Horizonte mar,Eco Norte
u134,2026-09-17 18:54:00+0000,2778,Fuego volcán,Cielo Trío
u110,2026-09-11 17:08:11+0000,2779,Luna tiempo,Cielo Band
u072,2026-09-24 16:37:15+0000,2780,Cielo volcán,Mar Norte
u110,2026-09-27 06:10:11+0000,2781,Volcán mar,Cielo Trío
u126,2026-09-02 12:12:57+0000,2782,Lluvia sol,Lluvia Trío
u067,2026-09-09 16:04:50+0000,2783,Río volcán,Camino Norte
u086,2026-09-13 11:41:25+0000,2784,Horizonte lluvia,Ciudad Trío
u104,2026-09-26 16:17:11+0000,2785,Sol volcán,Volcán Trío
u134,2026-09-05 11:33:55+0000,2786,Fuego viento,Lluvia Club
u048,2026-09-13 22:27:22+0000,2787,Fuego ciudad,Cielo Band
u019,2026-09-04 14:59:10+0000,2788,Noche viento,Mar Club
u029,2026-09-29 14:42:33+0000,2789,Fuego cielo,Cielo Sur
u167,2026-09-02 22:27:07+0000,2790,Mar volcán,Lluvia Sur
u050,2026-09-28 23:37:00+0000,2791,Volcán noche,Volcán Sur
u092,2026-09-16 18:23:41+0000,2792,Camino río,Luna Band
u006,2026-09-29 12:44:26+0000,2793,Lluvia luna,Tiempo Trío
u028,2026-09-19 08:58:45+0000,2794,Ciudad tiempo,Lluvia Trío
u073,2026-09-13 21:27:34+0000,2795,Fuego luna,Fuego Trío
u167,2026-09-13 10:48:31+0000,2796,Horizonte sueño,Ciudad Band
u127,2026-09-19 17:03:14+0000,2797,Cielo cielo,Horizonte Trío
u189,2026-09-28 08:12:29+0000,2798,Mar eco,Horizonte Sur
u027,2026-09-24 21:01:03+0000,2799,Sol mar,Tiempo Sur
u166,2026-09-08 10:27:15+0000,2800,Fuego tiempo,Lluvia Sur
u175,2026-09-28 13:41:34+0000,2801,Ciudad tiempo,Tiempo Band
u051,2026-09-15 18:34:49+0000,2802,Mar mar,Viento Norte
u156,2026-09-03 21:26:47+0000,2803,Fuego horizonte,Noche Club
u071,2026-09-07 13:17:48+0000,2804,Eco río,Horizonte Sur
u023,2026-09-16 11:47:44+0000,2805,Camino fuego,Lluvia Sur
u124,2026-09-29 20:21:02+0000,2806,Lluvia lluvia,Tiempo Club
u197,2026-09-05 09:16:19+0000,2807,Mar volcán,Cielo Trío
u065,2026-09-29 19:55:27+0000,2808,Tiempo viento,Lluvia Trío
u128,2026-09-10 21:58:09+0000,2809,Ciudad luna,Sueño Band
u173,2026-09-08 19:55:22+0000,2810,Viento horizonte,Camino Norte
u150,2026-09-23 20:52:22+0000,2811,Horizonte lluvia,Sueño Band
u040,2026-09-14 17:14:39+0000,2812,Camino tiempo,Cielo Sur
u035,2026-09-02 08:35:01+0000,2813,Lluvia tiempo,Ciudad Trío
u027,2026-09-21 18:26:05+0000,2814,Volcán viento,Volcán Sur
u120,2026-09-12 08:12:59+0000,2815,Noche horizonte,Lluvia Band
u089,2026-09-04 19:39:19+0000,2816,Horizonte viento,Mar Club
u103,2026-09-14 16:21:15+0000,2817,Horizonte mar,Viento Norte
u185,2026-09-06 19:28:54+0000,2818,Camino río,Luna Band
u019,2026-09-11 10:04:37+0000,2819,Viento ciudad,Lluvia Trío
u087,2026-09-23 19:06:08+0000,2820,Camino viento,Mar Band
u111,2026-09-04 20:06:58+0000,2821,Camino lluvia,Viento Band
u059,2026-09-08 20:02:19+0000,2822,Tiempo noche,Eco Norte
u150,2026-09-17 17:28:15+0000,2823,Noche fuego,Volcán Trío
u084,2026-09-25 17:24:53+0000,2824,Ciudad ciudad,Tiempo Trío
u114,2026-09-22 09:53:08+0000,2825,Volcán camino,Tiempo Club
u159,2026-09-29 23:41:45+0000,2826,Sueño ciudad,Eco Norte
u011,2026-09-20 13:51:21+0000,2827,Cielo ciudad,Cielo Trío
u145,2026-09-07 10:43:09+0000,2828,Cielo volcán,Mar Norte
u172,2026-09-16 21:24:42+0000,2829,Río lluvia,Mar Norte
u197,2026-09-14 18:26:17+0000,2830,Sol mar,Horizonte Sur
u145,2026-09-09 18:00:08+0000,2831,Camino viento,Viento Norte
u171,2026-09-04 20:50:36+0000,2832,Sol volcán,Volcán Trío
u154,2026-09-13 08:31:56+0000,2833,Tiempo mar,Mar Sur
u149,2026-09-10 15:50:00+0000,2834,Fuego viento,Lluvia Club
u083,2026-09-09 05:22:27+0000,2835,Ciudad camino,Mar Club
u154,2026-09-02 15:41:27+0000,2836,Sol río,Mar Sur
u120,2026-09-02 18:55:45+0000,2837,Cielo cielo,Horizonte Trío
u064,2026-09-18 16:31:04+0000,2838,Ciudad cielo,Eco Norte
u176,2026-09-13 02:26:14+0000,2839,Cielo ciudad,Mar Club
u152,2026-09-22 08:14:03+0000,2840,Mar horizonte,Tiempo Trío
u054,2026-09-05 09:42:56+0000,2841,Sueño fuego,Cielo Sur
u150,2026-09-08 16:53:59+0000,2842,Eco cielo,Tiempo Club
u017,2026-09-16 17:33:21+0000,2843,Luna lluvia,Cielo Trío
u082,2026-09-02 20:43:35+0000,2844,Lluvia cielo,Horizonte Trío
u088,2026-09-09 16:01:01+0000,2845,Luna ciudad,Volcán Trío
u012,2026-09-23 08:48:47+0000,2846,Mar mar,Viento Norte
u082,2026-09-19 14:09:47+0000,2847,Tiempo noche,Ciudad Trío
u119,2026-09-21 07:05:19+0000,2848,Volcán fuego,Luna Band
u013,2026-09-10 10:56:33+0000,2849,Viento noche,Cielo Trío
u163,2026-09-10 18:12:05+0000,2850,Río sueño,Eco Norte
u106,2026-09-19 14:45:52+0000,2851,Viento ciudad,Mar Sur
u168,2026-09-08 12:26:09+0000,2852,Viento noche,Cielo Trío
u093,2026-09-08 15:50:08+0000,2853,Río sueño,Eco Norte
u011,2026-09-06 21:20:14+0000,2854,Mar camino,Volcán Norte
u103,2026-09-16 15:01:14+0000,2855,Lluvia cielo,Horizonte Trío
u022,2026-09-25 19:25:42+0000,2856,Río lluvia,Camino Norte
u026,2026-09-27 12:44:13+0000,2857,Mar cielo,Ciudad Trío
u127,2026-09-18 10:13:24+0000,2858,Sol mar,Horizonte Sur
u069,2026-09-21 21:48:51+0000,2859,Fuego volcán,Cielo Trío
u089,2026-09-29 22:29:43+0000,2860,Tiempo sol,Mar Norte
u159,2026-09-18 21:18:02+0000,2861,Luna sol,Luna Band
u072,2026-09-15 01:42:44+0000,2862,Horizonte ciudad,Tiempo Trío
u031,2026-09-09 12:45:02+0000,2863,Volcán camino,Tiempo Club
u141,2026-09-20 13:10:30+0000,2864,Mar mar,Viento Norte
u088,2026-09-11 07:00:24+0000,2865,Noche cielo,Eco Norte
u113,2026-09-18 13:44:59+0000,2866,Río sol,Sueño Band
u175,2026-09-18 04:27:07+0000,2867,Camino río,Ciudad Trío
u133,2026-09-22 12:09:31+0000,2868,Fuego volcán,Cielo Trío
u134,2026-09-29 07:16:40+0000,2869,Fuego volcán,Cielo Trío
u047,2026-09-30 18:07:01+0000,2870,Lluvia fuego,Eco Norte
u005,2026-09-28 14:55:13+0000,2871,Ciudad horizonte,Camino Norte
u134,2026-09-04 22:21:10+0000,2872,Noche luna,Sueño Band
u186,2026-09-13 08:34:10+0000,2873,Fuego cielo,Cielo Sur
u197,2026-09-01 12:48:59+0000,2874,Camino fuego,Cielo Sur
u071,2026-09-07 23:29:16+0000,2875,Mar cielo,Fuego Sur
u118,2026-09-07 08:59:39+0000,2876,Noche mar,Eco Norte
u191,2026-09-19 18:36:13+0000,2877,Fuego eco,Camino Norte
u094,2026-09-21 18:30:02+0000,2878,Sol ciudad,Cielo Trío
u161,2026-09-10 08:52:37+0000,2879,Fuego ciudad,Eco Norte
u175,2026-09-08 04:26:59+0000,2880,Mar volcán,Lluvia Sur
u013,2026-09-19 12:15:37+0000,2881,Ciudad horizonte,Camino Norte
u166,2026-09-30 20:51:31+0000,2882,Volcán lluvia,Ciudad Band
u031,2026-09-10 08:24:24+0000,2883,Río volcán,Camino Norte
u132,2026-09-14 00:02:10+0000,2884,Tiempo noche,Ciudad Trío
u108,2026-09-14 10:52:55+0000,2885,Mar horizonte,Lluvia Club
u067,2026-09-08 20:59:32+0000,2886,Ciudad cielo,Mar Norte
u181,2026-09-04 10:41:37+0000,2887,Cielo tiempo,Lluvia Club
u191,2026-09-12 20:34:53+0000,2888,Fuego río,Mar Band
u037,2026-09-25 19:32:18+0000,2889,Camino cielo,Ciudad Trío
u053,2026-09-01 09:52:12+0000,2890,Río lluvia,Mar Norte
u022,2026-09-13 19:40:02+0000,2891,Noche ciudad,Tiempo Sur
u041,2026-09-06 10:36:00+0000,2892,Luna río,Mar Band
u106,2026-09-11 13:54:17+0000,2893,Ciudad cielo,Eco Norte
u006,2026-09-22 12:56:00+0000,2894,Fuego eco,Camino Norte
u126,2026-09-30 10:14:59+0000,2895,Ciudad tiempo,Tiempo Band
u104,2026-09-11 18:01:18+0000,2896,Horizonte lluvia,Volcán Trío
u003,2026-09-23 05:35:11+0000,2897,Sol volcán,Volcán Trío
u054,2026-09-06 17:32:33+0000,2898,Horizonte sueño,Ciudad Band
u034,2026-09-03 15:51:22+0000,2899,Mar horizonte,Tiempo Trío
u117,2026-09-10 14:19:50+0000,2900,Viento ciudad,Mar Sur
u155,2026-09-13 11:23:06+0000,2901,Horizonte sueño,Fuego Sur
u110,2026-09-19 12:34:37+0000,2902,Camino lluvia,Viento Band
u153,2026-09-17 11:05:15+0000,2903,Lluvia cielo,Horizonte Trío
u116,2026-09-22 13:56:43+0000,2904,Sueño horizonte,Volcán Sur
u159,2026-09-20 22:54:33+0000,2905,Horizonte lluvia,Sueño Band
u071,2026-09-05 21:15:42+0000,2906,Luna viento,Lluvia Trío
u048,2026-09-08 21:11:30+0000,2907,Lluvia lluvia,Luna Band
u124,2026-09-29 15:02:57+0000,2908,Lluvia mar,Sueño Band
u153,2026-09-27 18:18:12+0000,2909,Sueño fuego,Eco Norte
u162,2026-09-19 18:08:06+0000,2910,Noche luna,Sueño Band
u048,2026-09-25 15:45:44+0000,2911,Cielo río,Mar Band
u115,2026-09-05 18:32:23+0000,2912,Tiempo volcán,Lluvia Trío
u149,2026-09-15 13:11:28+0000,2913,Sueño ciudad,Horizonte Sur
u118,2026-09-02 17:59:25+0000,2914,Horizonte lluvia,Tiempo Club
u045,2026-09-05 17:52:40+0000,2915,Sol mar,Tiempo Sur
u053,2026-09-14 01:43:08+0000,2916,Sueño fuego,Eco Norte
u157,2026-09-16 12:41:25+0000,2917,Noche viento,Luna Band
u066,2026-09-25 17:34:33+0000,2918,Viento eco,Volcán Sur
u131,2026-09-15 12:32:42+0000,2919,Río luna,Lluvia Club
u200,2026-09-26 20:38:55+0000,2920,Volcán fuego,Sueño Band
u063,2026-09-06 13:16:41+0000,2921,Noche volcán,Horizonte Sur
u003,2026-09-26 13:28:40+0000,2922,Río tiempo,Mar Sur
u180,2026-09-12 07:54:31+0000,2923,Horizonte sueño,Cielo Trío
u120,2026-09-07 14:07:41+0000,2924,Eco luna,Cielo Trío
u006,2026-09-24 13:23:05+0000,2925,Sueño lluvia,Cielo Sur
u095,2026-09-07 12:44:58+0000,2926,Volcán lluvia,Ciudad Band
u159,2026-09-09 11:57:59+0000,2927,Fuego tiempo,Lluvia Sur
u189,2026-09-12 13:04:31+0000,2928,Tiempo sol,Tiempo Trío
u031,2026-09-12 15:41:27+0000,2929,Ciudad cielo,Eco Norte
u164,2026-09-16 09:11:49+0000,2930,Horizonte viento,Eco Norte
u028,2026-09-10 18:49:21+0000,2931,Ciudad cielo,Eco Norte
u119,2026-09-04 18:19:02+0000,2932,Río luna,Noche Club
u031,2026-09-13 04:14:07+0000,2933,Río volcán,Camino Norte
u075,2026-09-11 14:37:13+0000,2934,Volcán horizonte,Noche Club
u154,2026-09-19 06:03:14+0000,2935,Lluvia eco,Lluvia Club
u159,2026-09-13 16:32:28+0000,2936,Noche ciudad,Ciudad Trío
u022,2026-09-19 07:29:18+0000,2937,Cielo cielo,Horizonte Trío
u179,2026-09-28 17:25:02+0000,2938,Noche ciudad,Cielo Trío
u092,2026-09-27 16:11:00+0000,2939,Fuego noche,Lluvia Trío
u099,2026-09-06 12:03:22+0000,2940,Ciudad camino,Noche Club
u188,2026-09-17 11:05:09+0000,2941,Noche lluvia,Tiempo Club
u179,2026-09-25 17:41:21+0000,2942,Noche volcán,Horizonte Sur
u117,2026-09-26 11:55:15+0000,2943,Viento noche,Cielo Trío
u078,2026-09-10 16:51:48+0000,2944,Lluvia fuego,Sueño Band
u147,2026-09-22 16:36:00+0000,2945,Fuego sol,Ciudad Trío
u050,2026-09-30 23:40:05+0000,2946,Cielo tiempo,Lluvia Club
u188,2026-09-28 13:56:03+0000,2947,Tiempo horizonte,Eco Norte
u058,2026-09-07 15:16:32+0000,2948,Sueño ciudad,Ciudad Trío
u130,2026-09-24 08:24:50+0000,2949,Mar viento,Tiempo Sur
u174,2026-09-06 13:16:39+0000,2950,Noche sol,Cielo Band
u091,2026-09-10 15:59:38+0000,2951,Cielo noche,Lluvia Trío
u079,2026-09-28 08:08:13+0000,2952,Volcán horizonte,Noche Club
u164,2026-09-07 14:03:03+0000,2953,Sueño fuego,Eco Norte
u153,2026-09-19 21:14:34+0000,2954,Noche viento,Luna Band
u197,2026-09-19 10:48:37+0000,2955,Horizonte lluvia,Tiempo Club
u132,2026-09-15 09:03:52+0000,2956,Horizonte lluvia,Sueño Band
u137,2026-09-20 13:36:39+0000,2957,Ciudad camino,Mar Club
u062,2026-09-12 08:19:22+0000,2958,Fuego cielo,Cielo Sur
u075,2026-09-22 15:51:30+0000,2959,Tiempo noche,Ciudad Trío
u008,2026-09-20 22:08:17+0000,2960,Río cielo,Tiempo Club
u047,2026-09-04 17:25:26+0000,2961,Eco luna,Cielo Trío
u086,2026-09-12 23:52:22+0000,2962,Ciudad tiempo,Lluvia Trío
u098,2026-09-04 15:35:46+0000,2963,Camino fuego,Lluvia Sur
u197,2026-09-20 14:20:24+0000,2964,Mar cielo,Ciudad Trío
u029,2026-09-23 07:37:16+0000,2965,Cielo tiempo,Lluvia Club
u149,2026-09-23 10:24:09+0000,2966,Noche ciudad,Tiempo Sur
u131,2026-09-23 17:24:41+0000,2967,Eco lluvia,Tiempo Sur
u193,2026-09-27 16:14:31+0000,2968,Sueño sol,Mar Sur
u017,2026-09-30 20:05:10+0000,2969,Camino fuego,Cielo Sur
u096,2026-09-12 14:34:23+0000,2970,Eco sueño,Lluvia Club
u134,2026-09-16 15:16:25+0000,2971,Noche horizonte,Lluvia Band
u103,2026-09-20 16:24:01+0000,2972,Río lluvia,Mar Norte
u153,2026-09-29 09:24:54+0000,2973,Mar mar,Viento Norte
u093,2026-09-10 07:47:44+0000,2974,Luna ciudad,Noche Club
u180,2026-09-26 11:01:00+0000,2975,Sueño fuego,Cielo Sur
u156,2026-09-27 17:25:23+0000,2976,Sueño sueño,Tiempo Sur
u087,2026-09-03 20:44:31+0000,2977,Ciudad cielo,Mar Norte
u132,2026-09-12 13:00:59+0000,2978,Tiempo mar,Mar Sur
u097,2026-09-30 21:18:12+0000,2979,Lluvia ciudad,Luna Sur
u101,2026-09-19 21:31:35+0000,2980,Sueño ciudad,Ciudad Trío
u073,2026-09-30 13:36:49+0000,2981,Mar sueño,Mar Band
u101,2026-09-27 16:35:02+0000,2982,Volcán fuego,Sueño Band
u041,2026-09-03 07:46:34+0000,2983,Eco cielo,Cielo Band
u166,2026-09-16 20:03:36+0000,2984,Fuego viento,Mar Club
u193,2026-09-29 21:07:07+0000,2985,Luna eco,Ciudad Trío
u092,2026-09-25 07:02:34+0000,2986,Eco sol,Horizonte Sur
u035,2026-09-07 05:43:36+0000,2987,Eco cielo,Tiempo Club
u060,2026-09-07 16:56:52+0000,2988,Horizonte viento,Eco Norte
u082,2026-09-15 09:43:49+0000,2989,Noche lluvia,Volcán Norte
u104,2026-09-02 12:31:37+0000,2990,Tiempo horizonte,Eco Norte
u101,2026-09-01 10:19:26+0000,2991,Volcán volcán,Tiempo Band
u176,2026-09-10 23:41:43+0000,2992,Fuego viento,Mar Club
u112,2026-09-12 08:10:01+0000,2993,Luna cielo,Noche Club
u006,2026-09-13 18:43:10+0000,2994,Tiempo sol,Mar Norte
u133,2026-09-20 22:51:24+0000,2995,Mar mar,Viento Norte
u113,2026-09-20 15:34:42+0000,2996,Fuego noche,Ciudad Trío
u083,2026-09-05 23:46:20+0000,2997,Viento ciudad,Mar Sur
u127,2026-09-12 01:20:05+0000,2998,Horizonte lluvia,Ciudad Trío
u139,2026-09-11 15:11:25+0000,2999,Camino viento,Viento Norte
u071,2026-09-12 12:53:22+0000,3000,Luna cielo,Noche Club
u058,2026-09-23 18:19:43+0000,3001,Lluvia noche,Tiempo Club
u110,2026-09-17 19:15:36+0000,3002,Fuego tiempo,Lluvia Sur
u029,2026-09-24 14:15:06+0000,3003,Luna eco,Ciudad Trío
u044,2026-09-12 19:19:36+0000,3004,Eco sueño,Lluvia Club
u067,2026-09-18 18:41:40+0000,3005,Ciudad tiempo,Lluvia Trío
u022,2026-09-14 14:04:17+0000,3006,Sol ciudad,Cielo Trío
u155,2026-09-28 15:39:31+0000,3007,Noche fuego,Volcán Trío
u105,2026-09-22 23:24:10+0000,3008,Fuego mar,Tiempo Club
u084,2026-09-12 10:33:29+0000,3009,Tiempo sol,Tiempo Trío
u108,2026-09-29 15:08:26+0000,3010,Ciudad tiempo,Tiempo Band
u074,2026-09-19 20:47:19+0000,3011,Horizonte ciudad,Tiempo Trío
u072,2026-09-16 22:09:12+0000,3012,Viento ciudad,Lluvia Trío
u098,2026-09-01 18:34:14+0000,3013,Río luna,Noche Club
u066,2026-09-09 18:23:07+0000,3014,Fuego cielo,Cielo Sur
u044,2026-09-08 10:44:47+0000,3015,Camino fuego,Mar Band
u130,2026-09-27 11:31:46+0000,3016,Sueño volcán,Cielo Trío
u127,2026-09-05 13:54:52+0000,3017,Sueño ciudad,Ciudad Trío
u031,2026-09-08 19:11:42+0000,3018,Noche ciudad,Ciudad Trío
u093,2026-09-05 13:39:56+0000,3019,Fuego volcán,Cielo Trío
u072,2026-09-08 10:23:06+0000,3020,Ciudad tiempo,Tiempo Band
u019,2026-09-23 15:20:25+0000,3021,Ciudad camino,Noche Club
u175,2026-09-16 09:21:39+0000,3022,Fuego noche,Lluvia Trío
u164,2026-09-22 11:14:59+0000,3023,Sueño volcán,Cielo Trío
u033,2026-09-03 08:10:55+0000,3024,Noche lluvia,Volcán Norte
u131,2026-09-27 13:44:38+0000,3025,Tiempo horizonte,Viento Band
u096,2026-09-29 13:20:37+0000,3026,Cielo camino,Tiempo Club
u097,2026-09-26 12:56:14+0000,3027,Noche lluvia,Sueño Band
u050,2026-09-14 11:33:35+0000,3028,Fuego tiempo,Lluvia Sur
u098,2026-09-25 21:15:58+0000,3029,Viento ciudad,Tiempo Club
u181,2026-09-27 07:08:08+0000,3030,Tiempo sol,Mar Norte
u166,2026-09-13 16:06:41+0000,3031,Volcán fuego,Sueño Band
u049,2026-09-26 18:38:52+0000,3032,Lluvia sol,Lluvia Sur
u052,2026-09-07 17:21:13+0000,3033,Ciudad tiempo,Tiempo Band
u051,2026-09-23 13:37:12+0000,3034,Ciudad horizonte,Viento Band
u169,2026-09-19 14:21:22+0000,3035,Mar mar,Tiempo Band
u043,2026-09-21 10:19:43+0000,3036,Tiempo viento,Lluvia Trío
u047,2026-09-01 15:29:59+0000,3037,Ciudad camino,Noche Club
u094,2026-09-07 12:46:38+0000,3038,Lluvia luna,Tiempo Trío
u010,2026-09-20 14:40:41+0000,3039,Sueño sueño,Volcán Trío
u002,2026-09-30 11:44:12+0000,3040,Fuego ciudad,Cielo Band
u195,2026-09-29 09:28:26+0000,3041,Fuego sol,Ciudad Trío
u195,2026-09-13 12:18:55+0000,3042,Río volcán,Camino Norte
u113,2026-09-28 09:19:42+0000,3043,Río sol,Sueño Band
u113,2026-09-07 19:25:08+0000,3044,Sol río,Cielo Trío
u152,2026-09-14 10:55:17+0000,3045,Noche fuego,Volcán Trío
u003,2026-09-06 15:50:31+0000,3046,Fuego noche,Horizonte Trío
u104,2026-09-01 15:08:29+0000,3047,Lluvia tiempo,Lluvia Trío
u155,2026-09-05 07:12:19+0000,3048,Luna ciudad,Lluvia Sur
u108,2026-09-08 10:49:45+0000,3049,Volcán viento,Horizonte Trío
u011,2026-09-18 19:43:22+0000,3050,Viento ciudad,Mar Sur
u191,2026-09-18 16:46:16+0000,3051,Horizonte lluvia,Tiempo Club
u130,2026-09-29 16:44:39+0000,3052,Volcán mar,Mar Club
u185,2026-09-12 20:58:51+0000,3053,Ciudad camino,Mar Club
u015,2026-09-25 11:59:53+0000,3054,Cielo volcán,Mar Norte
u156,2026-09-01 14:21:32+0000,3055,Lluvia cielo,Horizonte Trío
u155,2026-09-15 18:53:23+0000,3056,Mar horizonte,Tiempo Trío
u071,2026-09-23 13:35:56+0000,3057,Tiempo horizonte,Volcán Sur
u169,2026-09-19 19:07:04+0000,3058,Camino viento,Mar Band
u175,2026-09-14 07:41:47+0000,3059,Horizonte sueño,Fuego Sur
u174,2026-09-01 13:32:34+0000,3060,Sol volcán,Volcán Trío
u056,2026-09-30 03:16:30+0000,3061,Noche volcán,Horizonte Sur
u127,2026-09-28 03:51:05+0000,3062,Mar volcán,Cielo Trío
u175,2026-09-07 22:47:58+0000,3063,Ciudad tiempo,Noche Club
u037,2026-09-14 17:55:20+0000,3064,Camino fuego,Cielo Sur
u078,2026-09-17 21:26:07+0000,3065,Noche mar,Eco Norte
u013,2026-09-12 21:14:32+0000,3066,Ciudad tiempo,Noche Club
u056,2026-09-06 19:17:44+0000,3067,Noche viento,Mar Club
u057,2026-09-01 09:24:24+0000,3068,Fuego noche,Ciudad Trío
u015,2026-09-26 22:43:09+0000,3069,Eco cielo,Cielo Band
u050,2026-09-29 11:43:44+0000,3070,Eco cielo,Cielo Band
u091,2026-09-27 06:47:14+0000,3071,Río luna,Noche Club
u127,2026-09-05 19:08:47+0000,3072,Mar cielo,Fuego Sur
u006,2026-09-30 21:20:50+0000,3073,Volcán noche,Lluvia Trío
u082,2026-09-11 11:40:10+0000,3074,Sol río,Cielo Trío
u189,2026-09-03 21:23:42+0000,3075,Noche ciudad,Cielo Trío
u136,2026-09-14 00:33:06+0000,3076,Lluvia cielo,Horizonte Trío
u130,2026-09-13 06:46:56+0000,3077,Río luna,Noche Club
u070,2026-09-17 21:11:23+0000,3078,Horizonte mar,Viento Norte
u066,2026-09-07 20:18:07+0000,3079,Noche ciudad,Horizonte Trío
u086,2026-09-01 20:02:53+0000,3080,Lluvia eco,Lluvia Club
u053,2026-09-10 05:58:08+0000,3081,Fuego noche,Ciudad Trío
u028,2026-09-27 18:34:31+0000,3082,Volcán horizonte,Noche Club
u103,2026-09-08 14:39:58+0000,3083,Tiempo mar,Mar Sur
u162,2026-09-23 01:33:00+0000,3084,Eco cielo,Cielo Band
u127,2026-09-13 21:12:23+0000,3085,Eco sueño,Lluvia Club
u180,2026-09-29 18:43:10+0000,3086,Luna eco,Ciudad Trío
u038,2026-09-13 18:58:19+0000,3087,Eco mar,Tiempo Band
u030,2026-09-06 06:24:21+0000,3088,Tiempo río,Eco Norte
u173,2026-09-13 08:01:07+0000,3089,Lluvia luna,Tiempo Trío
u137,2026-09-18 19:41:04+0000,3090,Fuego cielo,Cielo Sur
u139,2026-09-09 09:21:29+0000,3091,Río luna,Lluvia Club
u115,2026-09-12 10:42:52+0000,3092,Lluvia tiempo,Lluvia Trío
u116,2026-09-12 14:06:08+0000,3093,Sueño ciudad,Eco Norte
u054,2026-09-26 20:54:24+0000,3094,Viento ciudad,Lluvia Trío
u002,2026-09-27 23:46:57+0000,3095,Ciudad tiempo,Tiempo Band
u083,2026-09-12 20:14:14+0000,3096,Luna lluvia,Cielo Trío
u047,2026-09-05 16:23:50+0000,3097,Noche luna,Sueño Band
u185,2026-09-13 23:06:27+0000,3098,Tiempo horizonte,Eco Norte
u185,2026-09-10 22:43:49+0000,3099,Río tiempo,Mar Sur
u067,2026-09-03 21:56:22+0000,3100,Río tiempo,Mar Sur
u183,2026-09-22 09:19:01+0000,3101,Lluvia noche,Tiempo Club
u166,2026-09-23 11:44:18+0000,3102,Sueño fuego,Eco Norte
u069,2026-09-15 17:15:17+0000,3103,Eco cielo,Cielo Band
u093,2026-09-08 17:35:37+0000,3104,Luna lluvia,Cielo Trío
u099,2026-09-15 13:53:54+0000,3105,Tiempo sol,Tiempo Trío
u072,2026-09-09 20:57:38+0000,3106,Viento ciudad,Lluvia Trío
u174,2026-09-16 15:34:03+0000,3107,Volcán horizonte,Cielo Band
u088,2026-09-20 07:13:53+0000,3108,Viento sol,Cielo Band
u188,2026-09-05 14:28:55+0000,3109,Noche cielo,Eco Norte
u168,2026-09-27 16:04:42+0000,3110,Mar horizonte,Tiempo Trío
u043,2026-09-26 12:45:52+0000,3111,Lluvia ciudad,Luna Sur
u052,2026-09-20 07:39:25+0000,3112,Lluvia noche,Tiempo Club
u075,2026-09-21 03:50:29+0000,3113,Camino fuego,Cielo Sur
u190,2026-09-28 22:59:42+0000,3114,Cielo viento,Volcán Norte
u036,2026-09-20 20:47:52+0000,3115,Luna ciudad,Lluvia Trío
u009,2026-09-26 11:54:39+0000,3116,Cielo ciudad,Cielo Trío
u119,2026-09-18 06:35:34+0000,3117,Río luna,Lluvia Club
u099,2026-09-23 12:49:50+0000,3118,Lluvia sol,Tiempo Sur
u158,2026-09-10 07:29:52+0000,3119,Tiempo noche,Eco Norte
u038,2026-09-20 18:13:51+0000,3120,Ciudad ciudad,Tiempo Trío
u035,2026-09-29 08:34:51+0000,3121,Fuego eco,Camino Norte
u152,2026-09-18 17:34:01+0000,3122,Lluvia sol,Lluvia Trío
u002,2026-09-20 16:48:51+0000,3123,Fuego noche,Ciudad Trío
u050,2026-09-29 13:23:23+0000,3124,Tiempo noche,Ciudad Trío
u048,2026-09-02 13:48:29+0000,3125,Ciudad horizonte,Viento Band
u181,2026-09-26 17:47:37+0000,3126,Ciudad luna,Sueño Band
u063,2026-09-04 10:03:00+0000,3127,Luna lluvia,Cielo Trío
u163,2026-09-28 21:38:39+0000,3128,Noche cielo,Eco Norte
u153,2026-09-30 16:36:14+0000,3129,Mar volcán,Cielo Trío
u189,2026-09-06 12:43:27+0000,3130,Horizonte sol,Mar Club
u084,2026-09-20 16:09:57+0000,3131,Luna camino,Lluvia Trío
u081,2026-09-07 12:03:43+0000,3132,Mar volcán,Lluvia Sur
u079,2026-09-02 16:41:17+0000,3133,Ciudad camino,Noche Club
u049,2026-09-12 06:36:24+0000,3134,Cielo tiempo,Lluvia Club
u114,2026-09-20 12:30:46+0000,3135,Cielo ciudad,Mar Club
u070,2026-09-21 06:01:36+0000,3136,Mar viento,Tiempo Sur
u149,2026-09-18 09:14:47+0000,3137,Mar cielo,Fuego Sur
u174,2026-09-02 21:55:35+0000,3138,Río volcán,Camino Norte
u152,2026-09-09 14:55:06+0000,3139,Noche sol,Cielo Band
u014,2026-09-26 10:19:19+0000,3140,Sol río,Mar Sur
u084,2026-09-11 18:33:26+0000,3141,Eco volcán,Volcán Norte
u097,2026-09-04 15:52:39+0000,3142,Ciudad tiempo,Noche Club
u092,2026-09-13 20:10:49+0000,3143,Mar horizonte,Lluvia Club
u168,2026-09-27 09:00:43+0000,3144,Cielo río,Tiempo Trío
u094,2026-09-29 22:08:42+0000,3145,Noche mar,Eco Norte
u116,2026-09-11 15:42:41+0000,3146,Luna noche,Camino Norte
u087,2026-09-09 21:45:30+0000,3147,Viento ciudad,Lluvia Trío
u193,2026-09-27 20:18:45+0000,3148,Mar sueño,Mar Band
u123,2026-09-09 09:30:45+0000,3149,Cielo fuego,Ciudad Trío
u035,2026-09-01 21:45:20+0000,3150,Mar horizonte,Lluvia Club
u059,2026-09-12 00:29:47+0000,3151,Mar volcán,Lluvia Sur
u159,2026-09-27 20:56:50+0000,3152,Tiempo lluvia,Cielo Sur
u060,2026-09-21 11:38:35+0000,3153,Río tiempo,Mar Sur
u038,2026-09-12 06:05:04+0000,3154,Camino cielo,Ciudad Trío
u093,2026-09-05 11:05:42+0000,3155,Fuego mar,Tiempo Club
u174,2026-09-05 16:30:39+0000,3156,Sol volcán,Volcán Trío
u093,2026-09-04 11:07:33+0000,3157,Luna noche,Camino Norte
u174,2026-09-22 13:41:58+0000,3158,Horizonte lluvia,Volcán Trío
u166,2026-09-20 20:00:10+0000,3159,Lluvia ciudad,Fuego Sur
u169,2026-09-29 09:04:31+0000,3160,Horizonte mar,Viento Norte
u153,2026-09-10 11:18:52+0000,3161,Volcán noche,Lluvia Trío
u181,2026-09-23 20:07:11+0000,3162,Cielo río,Tiempo Trío
u031,2026-09-30 19:25:52+0000,3163,Ciudad ciudad,Tiempo Trío
u071,2026-09-10 19:01:20+0000,3164,Noche ciudad,Tiempo Sur
u061,2026-09-12 19:51:17+0000,3165,Lluvia sol,Lluvia Sur
u066,2026-09-24 14:47:04+0000,3166,Mar viento,Tiempo Sur
u076,2026-09-09 12:44:07+0000,3167,Viento ciudad,Lluvia Trío
u116,2026-09-27 20:55:42+0000,3168,Volcán fuego,Luna Band
u137,2026-09-04 19:10:35+0000,3169,Camino horizonte,Tiempo Band
u019,2026-09-09 20:14:53+0000,3170,Sueño fuego,Eco Norte
u013,2026-09-25 17:39:42+0000,3171,Tiempo sol,Mar Norte
u155,2026-09-06 20:14:05+0000,3172,Sueño camino,Volcán Sur
u003,2026-09-01 15:10:56+0000,3173,Luna cielo,Noche Club
u196,2026-09-20 09:00:25+0000,3174,Río luna,Noche Club
u088,2026-09-13 16:19:11+0000,3175,Río ciudad,Mar Sur
u104,2026-09-20 12:30:18+0000,3176,Fuego mar,Tiempo Club
u173,2026-09-07 17:15:15+0000,3177,Ciudad camino,Mar Club
u098,2026-09-13 13:28:10+0000,3178,Río luna,Lluvia Club
u036,2026-09-04 15:32:11+0000,3179,Lluvia cielo,Lluvia Club
u166,2026-09-15 12:39:15+0000,3180,Mar cielo,Ciudad Trío
u011,2026-09-27 09:11:24+0000,3181,Eco cielo,Mar Band
u191,2026-09-09 11:00:26+0000,3182,Mar cielo,Ciudad Trío
u133,2026-09-19 09:23:48+0000,3183,Lluvia lluvia,Tiempo Club
u027,2026-09-23 07:46:46+0000,3184,Lluvia lluvia,Luna Band
u056,2026-09-07 15:15:59+0000,3185,Lluvia luna,Mar Norte
u031,2026-09-18 08:17:28+0000,3186,Tiempo mar,Mar Sur
u046,2026-09-09 14:35:22+0000,3187,Mar camino,Volcán Norte
u090,2026-09-11 20:40:54+0000,3188,Cielo noche,Tiempo Band
u165,2026-09-19 19:21:55+0000,3189,Tiempo noche,Ciudad Trío
u092,2026-09-08 07:42:54+0000,3190,Camino tiempo,Cielo Sur
u064,2026-09-25 19:03:37+0000,3191,Lluvia tiempo,Ciudad Trío
u095,2026-09-29 12:58:31+0000,3192,Río sueño,Eco Norte
u127,2026-09-18 17:17:42+0000,3193,Tiempo lluvia,Cielo Sur
u123,2026-09-24 05:58:12+0000,3194,Mar mar,Viento Norte
u065,2026-09-25 19:16:42+0000,3195,Camino horizonte,Tiempo Band
u009,2026-09-24 12:39:22+0000,3196,Viento camino,Ciudad Trío
u109,2026-09-09 10:51:48+0000,3197,Luna tiempo,Cielo Band
u017,2026-09-13 14:15:46+0000,3198,Noche fuego,Volcán Trío
u182,2026-09-24 11:19:54+0000,3199,Noche viento,Luna Band
u165,2026-09-23 16:20:21+0000,3200,Fuego viento,Mar Club
u155,2026-09-17 23:58:11+0000,3201,Luna luna,Sueño Band
u200,2026-09-23 18:30:31+0000,3202,Lluvia cielo,Horizonte Trío
u139,2026-09-08 14:51:18+0000,3203,Volcán lluvia,Cielo Trío
u134,2026-09-13 02:59:28+0000,3204,Cielo tiempo,Lluvia Club
u092,2026-09-21 15:47:12+0000,3205,Fuego noche,Ciudad Trío
u063,2026-09-19 09:04:30+0000,3206,Ciudad ciudad,Tiempo Trío
u086,2026-09-03 08:23:19+0000,3207,Viento ciudad,Lluvia Trío
u173,2026-09-08 13:00:52+0000,3208,Lluvia cielo,Viento Norte
u175,2026-09-18 10:49:08+0000,3209,Noche viento,Mar Club
u011,2026-09-15 23:15:45+0000,3210,Eco luna,Cielo Trío
u127,2026-09-15 11:42:21+0000,3211,Ciudad cielo,Eco Norte
u066,2026-09-12 15:37:44+0000,3212,Lluvia cielo,Horizonte Trío
u174,2026-09-12 20:24:33+0000,3213,Lluvia cielo,Lluvia Club
u089,2026-09-05 12:37:12+0000,3214,Sueño sol,Mar Norte
u087,2026-09-30 20:44:12+0000,3215,Ciudad mar,Cielo Band
u092,2026-09-05 15:35:43+0000,3216,Sueño fuego,Cielo Sur
u179,2026-09-06 08:30:10+0000,3217,Tiempo horizonte,Volcán Sur
u009,2026-09-09 15:23:01+0000,3218,Fuego viento,Mar Club
u142,2026-09-03 20:44:00+0000,3219,Sol luna,Cielo Trío
u149,2026-09-02 13:37:08+0000,3220,Cielo ciudad,Cielo Trío
u146,2026-09-04 09:42:40+0000,3221,Luna ciudad,Volcán Trío
u155,2026-09-27 12:35:54+0000,3222,Cielo cielo,Horizonte Trío
u079,2026-09-01 22:02:50+0000,3223,Ciudad luna,Sueño Band
u150,2026-09-29 13:10:01+0000,3224,Fuego volcán,Cielo Trío
u130,2026-09-28 18:59:56+0000,3225,Noche cielo,Eco Norte
u062,2026-09-10 13:20:49+0000,3226,Eco cielo,Cielo Band
u169,2026-09-05 11:44:00+0000,3227,Sueño ciudad,Horizonte Sur
u155,2026-09-21 21:37:27+0000,3228,Volcán ciudad,Lluvia Trío
u051,2026-09-30 07:24:23+0000,3229,Cielo viento,Volcán Norte
u005,2026-09-17 15:01:05+0000,3230,Camino fuego,Cielo Sur
u066,2026-09-07 19:14:05+0000,3231,Luna lluvia,Cielo Trío
u150,2026-09-20 18:06:50+0000,3232,Lluvia noche,Tiempo Club
u141,2026-09-09 10:00:46+0000,3233,Fuego volcán,Cielo Trío
u176,2026-09-16 18:25:56+0000,3234,Camino viento,Viento Norte
u112,2026-09-17 11:30:26+0000,3235,Cielo noche,Lluvia Trío
u197,2026-09-12 18:49:24+0000,3236,Noche fuego,Volcán Trío
u111,2026-09-30 10:51:22+0000,3237,Lluvia tiempo,Ciudad Trío
u006,2026-09-08 08:23:44+0000,3238,Camino viento,Mar Band
u148,2026-09-08 07:36:24+0000,3239,Fuego noche,Lluvia Trío
u157,2026-09-13 13:11:38+0000,3240,Fuego horizonte,Noche Club
u175,2026-09-03 14:34:37+0000,3241,Noche mar,Eco Norte
u058,2026-09-28 04:22:53+0000,3242,Mar horizonte,Tiempo Trío
u087,2026-09-08 17:23:10+0000,3243,Río luna,Lluvia Club
u178,2026-09-29 11:40:29+0000,3244,Cielo ciudad,Cielo Trío
u174,2026-09-09 21:01:21+0000,3245,Camino fuego,Cielo Sur
u116,2026-09-03 20:53:12+0000,3246,Sueño fuego,Cielo Sur
u054,2026-09-05 16:52:01+0000,3247,Sueño camino,Volcán Sur
u115,2026-09-29 09:05:49+0000,3248,Camino viento,Viento Norte
u153,2026-09-09 21:10:31+0000,3249,Río lluvia,Camino Norte
u149,2026-09-11 18:48:43+0000,3250,Río sueño,Eco Norte
u121,2026-09-21 08:34:50+0000,3251,Eco cielo,Tiempo Club
u114,2026-09-19 13:18:40+0000,3252,Sueño volcán,Cielo Trío
u153,2026-09-16 09:42:03+0000,3253,Luna ciudad,Volcán Trío
u071,2026-09-08 17:38:05+0000,3254,Cielo camino,Tiempo Club
u089,2026-09-10 07:22:28+0000,3255,Ciudad lluvia,Mar Band
u007,2026-09-26 12:34:58+0000,3256,Sueño fuego,Cielo Sur
u015,2026-09-14 14:30:03+0000,3257,Río sueño,Eco Norte
u035,2026-09-25 00:51:52+0000,3258,Fuego noche,Lluvia Trío
u168,2026-09-05 22:06:19+0000,3259,Volcán noche,Volcán Sur
u160,2026-09-12 09:48:09+0000,3260,Ciudad fuego,Fuego Sur
u166,2026-09-06 19:27:33+0000,3261,Ciudad camino,Noche Club
u062,2026-09-14 23:16:33+0000,3262,Noche mar,Eco Norte
u188,2026-09-17 12:56:18+0000,3263,Fuego noche,Lluvia Trío
u139,2026-09-04 16:14:16+0000,3264,Ciudad camino,Noche Club
u181,2026-09-11 09:41:38+0000,3265,Mar volcán,Lluvia Sur
u139,2026-09-05 11:36:28+0000,3266,Camino fuego,Lluvia Sur
u026,2026-09-25 16:26:51+0000,3267,Ciudad tiempo,Tiempo Band
u099,2026-09-28 18:45:09+0000,3268,Mar mar,Tiempo Band
u093,2026-09-16 08:40:52+0000,3269,Volcán horizonte,Noche Club
u153,2026-09-15 12:18:40+0000,3270,Luna lluvia,Cielo Trío
u175,2026-09-22 16:30:51+0000,3271,Tiempo viento,Lluvia Trío
u180,2026-09-11 09:09:56+0000,3272,Fuego lluvia,Lluvia Trío
u172,2026-09-09 18:01:16+0000,3273,Mar sueño,Mar Band
u034,2026-09-19 09:59:34+0000,3274,Ciudad camino,Mar Club
u176,2026-09-16 12:26:32+0000,3275,Ciudad cielo,Eco Norte
u176,2026-09-28 16:41:00+0000,3276,Fuego viento,Mar Club
u172,2026-09-08 18:17:01+0000,3277,Camino lluvia,Viento Band
u190,2026-09-14 17:38:51+0000,3278,Camino eco,Lluvia Trío
u197,2026-09-22 14:27:08+0000,3279,Río luna,Lluvia Club
u127,2026-09-06 08:14:44+0000,3280,Lluvia noche,Tiempo Club
u123,2026-09-10 12:38:33+0000,3281,Ciudad mar,Cielo Band
u189,2026-09-02 14:37:15+0000,3282,Camino fuego,Mar Band
u098,2026-09-29 17:55:38+0000,3283,Luna camino,Lluvia Trío
u150,2026-09-12 14:38:44+0000,3284,Noche lluvia,Volcán Norte
u101,2026-09-15 07:11:28+0000,3285,Sueño fuego,Cielo Sur
u121,2026-09-04 14:59:54+0000,3286,Río río,Lluvia Band
u115,2026-09-03 14:31:47+0000,3287,Mar sueño,Mar Band
u152,2026-09-27 09:05:16+0000,3288,Río río,Lluvia Band
u026,2026-09-28 15:31:44+0000,3289,Lluvia ciudad,Fuego Sur
u002,2026-09-20 11:42:41+0000,3290,Volcán mar,Mar Club
u010,2026-09-20 20:51:23+0000,3291,Río lluvia,Mar Norte
u164,2026-09-06 14:19:51+0000,3292,Fuego eco,Camino Norte
u162,2026-09-26 15:31:40+0000,3293,Ciudad ciudad,Tiempo Trío
u169,2026-09-18 12:26:45+0000,3294,Eco cielo,Cielo Band
u092,2026-09-15 18:03:34+0000,3295,Cielo cielo,Horizonte Trío
u114,2026-09-23 03:25:32+0000,3296,Ciudad tiempo,Mar Club
u006,2026-09-16 06:03:33+0000,3297,Horizonte fuego,Lluvia Trío
u113,2026-09-15 15:34:07+0000,3298,Río lluvia,Noche Club
u084,2026-09-24 11:18:31+0000,3299,Camino río,Luna Band
u033,2026-09-01 12:42:56+0000,3300,Fuego mar,Tiempo Club
u124,2026-09-05 22:26:34+0000,3301,Fuego tiempo,Ciudad Trío
u073,2026-09-19 20:50:34+0000,3302,Mar cielo,Volcán Trío
u118,2026-09-21 11:26:10+0000,3303,Sueño fuego,Eco Norte
u191,2026-09-24 21:44:53+0000,3304,Viento ciudad,Tiempo Club
u064,2026-09-07 21:45:46+0000,3305,Tiempo noche,Eco Norte
u176,2026-09-03 01:24:30+0000,3306,Sueño ciudad,Ciudad Trío
u153,2026-09-30 18:56:46+0000,3307,Fuego ciudad,Cielo Band
u194,2026-09-16 14:53:42+0000,3308,Horizonte sol,Mar Club
u026,2026-09-03 19:31:44+0000,3309,Mar sueño,Mar Band
u010,2026-09-15 03:44:16+0000,3310,Volcán mar,Mar Club
u154,2026-09-22 07:50:18+0000,3311,Lluvia tiempo,Lluvia Trío
u197,2026-09-14 21:17:58+0000,3312,Mar cielo,Fuego Sur
u042,2026-09-01 12:35:03+0000,3313,Ciudad camino,Mar Club
u127,2026-09-05 17:14:05+0000,3314,Viento eco,Tiempo Sur
u093,2026-09-16 17:35:27+0000,3315,Luna lluvia,Cielo Trío
u131,2026-09-29 16:55:18+0000,3316,Mar cielo,Ciudad Trío
u122,2026-09-13 18:11:50+0000,3317,Sueño sol,Mar Sur
u087,2026-09-28 17:04:29+0000,3318,Noche ciudad,Ciudad Trío
u035,2026-09-02 08:04:25+0000,3319,Fuego tiempo,Lluvia Sur
u062,2026-09-30 18:49:50+0000,3320,Cielo tiempo,Lluvia Club
u076,2026-09-18 15:23:04+0000,3321,Viento ciudad,Mar Sur
u127,2026-09-15 20:25:03+0000,3322,Tiempo sol,Mar Norte
u015,2026-09-22 20:07:08+0000,3323,Sol volcán,Volcán Trío
u064,2026-09-27 16:13:40+0000,3324,Sol río,Cielo Trío
u023,2026-09-19 10:35:25+0000,3325,Noche ciudad,Tiempo Sur
u163,2026-09-23 11:16:59+0000,3326,Mar sueño,Mar Band
u036,2026-09-28 17:47:32+0000,3327,Tiempo horizonte,Viento Band
u195,2026-09-12 12:41:30+0000,3328,Sueño volcán,Cielo Trío
u186,2026-09-08 16:37:00+0000,3329,Noche ciudad,Cielo Trío
u175,2026-09-10 17:29:25+0000,3330,Ciudad mar,Cielo Band
u064,2026-09-21 14:45:48+0000,3331,Camino cielo,Ciudad Trío
u015,2026-09-29 15:58:06+0000,3332,Viento noche,Cielo Band
u131,2026-09-27 08:11:31+0000,3333,Mar cielo,Ciudad Trío
u172,2026-09-23 22:21:52+0000,3334,Mar volcán,Lluvia Sur
u142,2026-09-09 15:25:33+0000,3335,Camino tiempo,Cielo Sur
u072,2026-09-05 06:16:50+0000,3336,Volcán mar,Mar Club
u014,2026-09-07 12:56:38+0000,3337,Sol río,Mar Sur
u126,2026-09-08 13:30:20+0000,3338,Lluvia mar,Sueño Band
u191,2026-09-29 19:01:51+0000,3339,Sol cielo,Lluvia Sur
u157,2026-09-21 16:03:42+0000,3340,Mar cielo,Ciudad Trío
u169,2026-09-09 14:18:35+0000,3341,Lluvia tiempo,Lluvia Trío
u176,2026-09-28 19:47:14+0000,3342,Viento ciudad,Lluvia Trío
u078,2026-09-14 14:07:08+0000,3343,Sol luna,Cielo Trío
u120,2026-09-08 09:11:25+0000,3344,Eco mar,Tiempo Band
u031,2026-09-10 12:46:58+0000,3345,Tiempo noche,Ciudad Trío
u167,2026-09-16 21:52:30+0000,3346,Volcán mar,Cielo Trío
u092,2026-09-16 17:38:57+0000,3347,Sueño ciudad,Horizonte Sur
u076,2026-09-19 00:47:33+0000,3348,Río luna,Lluvia Club
u089,2026-09-24 21:57:13+0000,3349,Luna ciudad,Lluvia Sur
u003,2026-09-12 13:53:31+0000,3350,Volcán viento,Volcán Sur
u058,2026-09-30 11:25:33+0000,3351,Tiempo fuego,Volcán Trío
u193,2026-09-13 13:37:10+0000,3352,Noche lluvia,Volcán Norte
u110,2026-09-22 18:35:18+0000,3353,Ciudad ciudad,Tiempo Trío
u150,2026-09-27 11:58:09+0000,3354,Cielo volcán,Mar Norte
u078,2026-09-18 10:32:50+0000,3355,Lluvia sol,Lluvia Trío
u036,2026-09-20 11:21:21+0000,3356,Tiempo volcán,Lluvia Trío
u029,2026-09-05 07:30:54+0000,3357,Eco cielo,Tiempo Club
u185,2026-09-29 14:07:51+0000,3358,Tiempo horizonte,Volcán Sur
u163,2026-09-11 18:10:11+0000,3359,Eco sol,Horizonte Sur
u037,2026-09-28 16:26:37+0000,3360,Volcán luna,Mar Sur
u158,2026-09-07 11:20:59+0000,3361,Ciudad tiempo,Mar Club
u179,2026-09-23 20:50:21+0000,3362,Tiempo sol,Mar Norte
u123,2026-09-11 17:49:27+0000,3363,Mar cielo,Volcán Trío
u176,2026-09-22 09:49:15+0000,3364,Tiempo horizonte,Viento Band
u178,2026-09-29 21:23:02+0000,3365,Ciudad tiempo,Tiempo Band
u026,2026-09-27 23:34:18+0000,3366,Fuego noche,Lluvia Trío
u116,2026-09-12 12:31:04+0000,3367,Mar viento,Tiempo Sur
u188,2026-09-10 18:08:26+0000,3368,Noche cielo,Eco Norte
u115,2026-09-14 20:45:59+0000,3369,Cielo cielo,Horizonte Trío
u181,2026-09-07 01:50:57+0000,3370,Sueño viento,Horizonte Sur
u041,2026-09-30 21:52:06+0000,3371,Horizonte viento,Eco Norte
u142,2026-09-27 11:09:25+0000,3372,Ciudad cielo,Eco Norte
u139,2026-09-09 14:21:25+0000,3373,Volcán viento,Volcán Sur
u199,2026-09-06 11:59:11+0000,3374,Viento lluvia,Mar Norte
u095,2026-09-23 21:25:01+0000,3375,Río lluvia,Camino Norte
u064,2026-09-08 15:50:55+0000,3376,Luna lluvia,Cielo Trío
u043,2026-09-03 18:52:41+0000,3377,Tiempo sol,Tiempo Trío
u015,2026-09-27 16:08:50+0000,3378,Tiempo horizonte,Eco Norte
u072,2026-09-21 15:55:10+0000,3379,Fuego lluvia,Lluvia Trío
u103,2026-09-08 17:29:15+0000,3380,Ciudad horizonte,Viento Band
u158,2026-09-04 15:00:58+0000,3381,Río cielo,Tiempo Sur
u175,2026-09-03 11:40:32+0000,3382,Lluvia ciudad,Luna Sur
u028,2026-09-23 23:50:47+0000,3383,Viento noche,Cielo Trío
u077,2026-09-18 09:26:39+0000,3384,Volcán mar,Cielo Trío
u185,2026-09-06 16:17:30+0000,3385,Fuego ciudad,Eco Norte
u134,2026-09-22 07:33:57+0000,3386,Lluvia fuego,Sueño Band
u179,2026-09-10 14:45:11+0000,3387,Río noche,Mar Band
u002,2026-09-30 09:47:21+0000,3388,Viento noche,Cielo Band
u022,2026-09-01 19:13:16+0000,3389,Lluvia tiempo,Lluvia Trío
u011,2026-09-18 07:48:22+0000,3390,Luna sol,Luna Band
u096,2026-09-04 12:43:01+0000,3391,Eco luna,Cielo Trío
u088,2026-09-18 09:43:25+0000,3392,Horizonte mar,Viento Norte
u075,2026-09-14 13:31:23+0000,3393,Tiempo sol,Tiempo Trío
u051,2026-09-02 17:50:16+0000,3394,Río luna,Noche Club
u086,2026-09-13 12:53:02+0000,3395,Luna río,Noche Club
u153,2026-09-03 14:23:20+0000,3396,Lluvia cielo,Horizonte Trío
u046,2026-09-15 18:04:27+0000,3397,Luna cielo,Noche Club
u106,2026-09-13 14:21:35+0000,3398,Mar volcán,Cielo Trío
u017,2026-09-24 21:53:09+0000,3399,Sol ciudad,Cielo Trío
u036,2026-09-30 16:10:34+0000,3400,Río luna,Noche Club
u131,2026-09-14 13:09:26+0000,3401,Luna tiempo,Cielo Band
u047,2026-09-25 13:53:57+0000,3402,Mar cielo,Volcán Trío
u154,2026-09-23 13:57:43+0000,3403,Fuego tiempo,Ciudad Trío
u093,2026-09-29 04:53:59+0000,3404,Volcán noche,Lluvia Trío
u098,2026-09-14 08:31:26+0000,3405,Noche lluvia,Tiempo Club
u195,2026-09-01 11:56:08+0000,3406,Noche fuego,Volcán Trío
u156,2026-09-11 02:26:02+0000,3407,Volcán ciudad,Lluvia Trío
u195,2026-09-15 09:25:24+0000,3408,Cielo viento,Volcán Norte
u188,2026-09-26 15:44:04+0000,3409,Ciudad camino,Noche Club
u086,2026-09-20 07:10:15+0000,3410,Viento eco,Tiempo Sur
u022,2026-09-05 14:53:26+0000,3411,Noche ciudad,Sueño Band
u180,2026-09-22 17:07:18+0000,3412,Noche eco,Ciudad Trío
u127,2026-09-29 22:34:48+0000,3413,Volcán fuego,Sueño Band
u062,2026-09-09 18:17:11+0000,3414,Mar cielo,Ciudad Trío
u093,2026-09-26 10:32:17+0000,3415,Fuego luna,Cielo Trío
u009,2026-09-03 20:59:49+0000,3416,Camino horizonte,Tiempo Band
u145,2026-09-06 10:57:14+0000,3417,Ciudad tiempo,Tiempo Band
u175,2026-09-28 06:42:55+0000,3418,Lluvia ciudad,Fuego Sur
u121,2026-09-05 12:34:12+0000,3419,Ciudad mar,Cielo Band
u028,2026-09-26 22:01:22+0000,3420,Eco cielo,Cielo Band
u161,2026-09-07 13:50:21+0000,3421,Tiempo horizonte,Volcán Sur
u166,2026-09-14 08:56:19+0000,3422,Tiempo fuego,Volcán Trío
u154,2026-09-05 15:20:27+0000,3423,Fuego ciudad,Cielo Band
u044,2026-09-15 17:59:38+0000,3424,Lluvia lluvia,Tiempo Club
u161,2026-09-05 23:35:25+0000,3425,Mar horizonte,Tiempo Trío
u076,2026-09-12 22:11:34+0000,3426,Luna sol,Luna Band
u098,2026-09-18 13:01:13+0000,3427,Río lluvia,Mar Norte
u103,2026-09-08 10:43:33+0000,3428,Volcán volcán,Tiempo Band
u094,2026-09-19 12:51:41+0000,3429,Lluvia sol,Lluvia Sur
u168,2026-09-14 19:10:43+0000,3430,Fuego ciudad,Cielo Sur
u190,2026-09-05 19:51:26+0000,3431,Luna ciudad,Lluvia Sur
u073,2026-09-20 19:38:22+0000,3432,Volcán lluvia,Ciudad Band
u106,2026-09-09 08:06:32+0000,3433,Noche ciudad,Sueño Band
u188,2026-09-08 16:34:30+0000,3434,Noche ciudad,Tiempo Sur
u035,2026-09-10 16:18:39+0000,3435,Cielo noche,Tiempo Band
u115,2026-09-17 11:58:30+0000,3436,Fuego ciudad,Cielo Band
u185,2026-09-27 19:39:26+0000,3437,Noche lluvia,Volcán Norte
u073,2026-09-21 14:26:47+0000,3438,Sueño ciudad,Eco Norte
u121,2026-09-28 07:33:41+0000,3439,Camino camino,Luna Sur
u169,2026-09-23 12:00:42+0000,3440,Luna tiempo,Cielo Band
u035,2026-09-11 12:43:05+0000,3441,Volcán volcán,Tiempo Band
u175,2026-09-11 18:59:22+0000,3442,Cielo río,Tiempo Trío
u115,2026-09-06 22:33:35+0000,3443,Viento noche,Cielo Trío
u139,2026-09-01 18:32:59+0000,3444,Noche luna,Sueño Band
u167,2026-09-18 10:44:46+0000,3445,Lluvia tiempo,Lluvia Trío
u162,2026-09-30 08:39:36+0000,3446,Tiempo horizonte,Volcán Sur
u153,2026-09-16 15:09:52+0000,3447,Sol río,Cielo Trío
u132,2026-09-29 20:19:19+0000,3448,Cielo cielo,Horizonte Trío
u053,2026-09-04 20:52:57+0000,3449,Volcán mar,Mar Club
u082,2026-09-20 19:33:28+0000,3450,Lluvia tiempo,Lluvia Trío
u064,2026-09-01 07:29:17+0000,3451,Noche lluvia,Tiempo Club
u099,2026-09-28 10:24:33+0000,3452,Lluvia noche,Tiempo Club
u087,2026-09-05 13:03:54+0000,3453,Cielo tiempo,Lluvia Club
u163,2026-09-29 15:09:38+0000,3454,Ciudad cielo,Mar Norte
u153,2026-09-15 05:30:44+0000,3455,Eco cielo,Cielo Band
u089,2026-09-15 12:08:19+0000,3456,Sol lluvia,Tiempo Trío
u172,2026-09-15 13:02:02+0000,3457,Luna noche,Camino Norte
u120,2026-09-13 13:31:30+0000,3458,Mar cielo,Ciudad Trío
u158,2026-09-06 08:10:22+0000,3459,Volcán viento,Volcán Sur
u172,2026-09-11 20:27:55+0000,3460,Volcán mar,Cielo Trío
u163,2026-09-15 23:45:19+0000,3461,Volcán luna,Mar Sur
u166,2026-09-30 12:06:02+0000,3462,Viento eco,Tiempo Sur
u028,2026-09-18 13:38:56+0000,3463,Río ciudad,Mar Sur
u001,2026-09-21 19:34:06+0000,3464,Cielo camino,Tiempo Club
u063,2026-09-10 23:50:27+0000,3465,Ciudad tiempo,Lluvia Trío
u155,2026-09-29 23:40:16+0000,3466,Viento ciudad,Mar Sur
u162,2026-09-25 13:47:28+0000,3467,Ciudad ciudad,Tiempo Trío
u153,2026-09-12 14:46:03+0000,3468,Sol ciudad,Cielo Trío
u029,2026-09-28 20:11:41+0000,3469,Volcán mar,Cielo Trío
u174,2026-09-16 00:20:27+0000,3470,Noche fuego,Volcán Trío
u072,2026-09-25 12:27:58+0000,3471,Noche luna,Sueño Band
u070,2026-09-24 05:35:50+0000,3472,Horizonte sueño,Fuego Sur
u194,2026-09-29 00:13:55+0000,3473,Noche mar,Eco Norte
u054,2026-09-24 20:16:22+0000,3474,Lluvia ciudad,Fuego Sur
u002,2026-09-18 15:31:30+0000,3475,Río noche,Lluvia Band
u046,2026-09-27 05:22:38+0000,3476,Mar camino,Volcán Norte
u100,2026-09-10 18:32:18+0000,3477,Sueño fuego,Eco Norte
u114,2026-09-21 21:48:28+0000,3478,Lluvia mar,Sueño Band
u097,2026-09-24 19:03:47+0000,3479,Sueño ciudad,Eco Norte
u131,2026-09-13 17:08:31+0000,3480,Mar horizonte,Tiempo Trío
u041,2026-09-23 08:47:24+0000,3481,Río río,Lluvia Band
u156,2026-09-29 14:17:16+0000,3482,Fuego horizonte,Noche Club
u093,2026-09-12 10:31:04+0000,3483,Mar horizonte,Tiempo Trío
u127,2026-09-28 09:09:50+0000,3484,Viento ciudad,Volcán Sur
u191,2026-09-29 22:38:16+0000,3485,Sol mar,Horizonte Sur
u139,2026-09-13 09:38:37+0000,3486,Río luna,Noche Club
u043,2026-09-20 12:19:24+0000,3487,Noche ciudad,Horizonte Trío
u062,2026-09-16 20:25:05+0000,3488,Lluvia mar,Sueño Band
u132,2026-09-16 13:35:59+0000,3489,Viento camino,Ciudad Trío
u049,2026-09-03 07:57:03+0000,3490,Lluvia noche,Tiempo Club
u086,2026-09-09 10:14:44+0000,3491,Tiempo noche,Ciudad Trío
u167,2026-09-29 17:13:29+0000,3492,Noche fuego,Volcán Trío
u059,2026-09-11 21:02:57+0000,3493,Tiempo lluvia,Cielo Sur
u026,2026-09-30 08:49:51+0000,3494,Camino lluvia,Viento Band
u030,2026-09-08 10:21:38+0000,3495,Lluvia ciudad,Fuego Sur
u160,2026-09-11 17:06:03+0000,3496,Cielo ciudad,Cielo Trío
u081,2026-09-17 20:32:07+0000,3497,Luna noche,Camino Norte
u130,2026-09-02 17:40:28+0000,3498,Volcán mar,Cielo Trío
u111,2026-09-22 15:16:46+0000,3499,Volcán fuego,Luna Band
u068,2026-09-07 20:56:47+0000,3500,Fuego tiempo,Volcán Sur
u092,2026-09-13 18:27:34+0000,3501,Fuego sol,Ciudad Trío
u181,2026-09-07 17:30:45+0000,3502,Tiempo noche,Eco Norte
u023,2026-09-29 23:06:30+0000,3503,Luna viento,Lluvia Trío
u053,2026-09-25 18:26:09+0000,3504,Fuego cielo,Cielo Sur
u117,2026-09-05 09:11:52+0000,3505,Volcán fuego,Sueño Band
u132,2026-09-28 09:23:25+0000,3506,Mar camino,Volcán Norte
u053,2026-09-18 21:51:43+0000,3507,Volcán luna,Mar Sur
u193,2026-09-04 19:43:54+0000,3508,Viento eco,Tiempo Sur
u046,2026-09-21 14:00:26+0000,3509,Volcán volcán,Tiempo Band
u163,2026-09-10 13:24:09+0000,3510,Volcán fuego,Sueño Band
u074,2026-09-07 20:50:41+0000,3511,Mar cielo,Volcán Trío
u117,2026-09-23 14:14:34+0000,3512,Sueño fuego,Eco Norte
u152,2026-09-23 12:45:50+0000,3513,Ciudad horizonte,Camino Norte
u197,2026-09-14 19:23:00+0000,3514,Mar fuego,Lluvia Sur
u046,2026-09-08 00:13:48+0000,3515,Mar fuego,Lluvia Sur
u002,2026-09-15 16:27:42+0000,3516,Fuego viento,Lluvia Club
u160,2026-09-13 12:39:12+0000,3517,Luna tiempo,Cielo Band
u128,2026-09-14 02:13:43+0000,3518,Mar horizonte,Lluvia Club
u134,2026-09-20 16:54:24+0000,3519,Lluvia cielo,Lluvia Club
u196,2026-09-02 16:54:23+0000,3520,Ciudad camino,Mar Club
u195,2026-09-30 20:23:46+0000,3521,Noche eco,Ciudad Trío
u162,2026-09-15 13:33:51+0000,3522,Ciudad ciudad,Tiempo Trío
u038,2026-09-19 05:49:50+0000,3523,Viento eco,Volcán Sur
u066,2026-09-26 12:56:50+0000,3524,Sol mar,Tiempo Sur
u027,2026-09-12 13:56:24+0000,3525,Lluvia ciudad,Luna Sur
u072,2026-09-06 11:32:33+0000,3526,Mar cielo,Ciudad Trío
u122,2026-09-11 13:35:03+0000,3527,Camino río,Ciudad Trío
u154,2026-09-29 10:31:08+0000,3528,Noche luna,Sueño Band
u062,2026-09-24 15:54:00+0000,3529,Cielo ciudad,Cielo Trío
u169,2026-09-14 19:22:47+0000,3530,Cielo viento,Volcán Norte
u112,2026-09-02 19:30:27+0000,3531,Ciudad lluvia,Mar Band
u105,2026-09-11 11:52:23+0000,3532,Eco sol,Horizonte Sur
u127,2026-09-19 16:38:48+0000,3533,Noche mar,Eco Norte
u005,2026-09-05 12:30:14+0000,3534,Mar fuego,Lluvia Sur
u035,2026-09-30 22:57:44+0000,3535,Sueño tiempo,Lluvia Trío
u076,2026-09-02 10:12:35+0000,3536,Sueño eco,Cielo Sur
u189,2026-09-29 07:06:27+0000,3537,Camino eco,Lluvia Trío
u028,2026-09-13 15:07:36+0000,3538,Sueño viento,Horizonte Sur
u142,2026-09-29 09:42:04+0000,3539,Río luna,Noche Club
u118,2026-09-14 14:45:00+0000,3540,Camino lluvia,Viento Band
u103,2026-09-28 15:10:42+0000,3541,Mar volcán,Lluvia Sur
u099,2026-09-08 03:41:23+0000,3542,Mar cielo,Tiempo Trío
u175,2026-09-03 12:53:09+0000,3543,Mar volcán,Lluvia Sur
u141,2026-09-12 09:40:42+0000,3544,Volcán volcán,Tiempo Band
u019,2026-09-22 10:30:31+0000,3545,Río lluvia,Camino Norte
u099,2026-09-23 09:09:07+0000,3546,Noche viento,Mar Club
u058,2026-09-06 00:34:21+0000,3547,Sueño camino,Volcán Sur
u076,2026-09-29 19:42:22+0000,3548,Sol mar,Tiempo Sur
u050,2026-09-20 19:26:10+0000,3549,Tiempo noche,Ciudad Trío
u141,2026-09-27 12:30:30+0000,3550,Noche volcán,Horizonte Sur
u193,2026-09-09 17:35:45+0000,3551,Noche lluvia,Sueño Band
u082,2026-09-25 07:45:19+0000,3552,Cielo río,Tiempo Trío
u145,2026-09-18 10:50:31+0000,3553,Viento ciudad,Tiempo Club
u101,2026-09-05 12:07:52+0000,3554,Ciudad cielo,Eco Norte
u098,2026-09-05 12:35:33+0000,3555,Horizonte lluvia,Sueño Band
u081,2026-09-15 20:27:25+0000,3556,Cielo camino,Tiempo Club
u174,2026-09-24 13:14:25+0000,3557,Mar cielo,Fuego Sur
u108,2026-09-14 12:05:33+0000,3558,Fuego tiempo,Ciudad Trío
u139,2026-09-29 17:01:36+0000,3559,Noche lluvia,Volcán Norte
u175,2026-09-25 02:03:00+0000,3560,Volcán lluvia,Cielo Trío
u028,2026-09-21 15:47:21+0000,3561,Tiempo noche,Ciudad Trío
u070,2026-09-25 03:41:06+0000,3562,Fuego mar,Tiempo Club
u123,2026-09-23 16:55:35+0000,3563,Lluvia fuego,Sueño Band
u136,2026-09-25 23:47:01+0000,3564,Noche lluvia,Sueño Band
u005,2026-09-17 10:55:43+0000,3565,Horizonte sueño,Cielo Trío
u176,2026-09-06 07:56:24+0000,3566,Sol cielo,Lluvia Sur
u111,2026-09-02 19:54:52+0000,3567,Cielo río,Mar Band
u038,2026-09-22 21:56:49+0000,3568,Tiempo fuego,Volcán Trío
u159,2026-09-23 06:38:07+0000,3569,Eco sol,Horizonte Sur
u181,2026-09-16 16:51:30+0000,3570,Lluvia sol,Lluvia Sur
u108,2026-09-09 14:56:38+0000,3571,Volcán lluvia,Cielo Trío
u015,2026-09-21 15:24:17+0000,3572,Río sueño,Fuego Trío
u111,2026-09-12 13:03:39+0000,3573,Fuego tiempo,Volcán Sur
u119,2026-09-03 19:58:27+0000,3574,Lluvia tiempo,Lluvia Trío
u017,2026-09-27 05:08:18+0000,3575,Volcán volcán,Tiempo Band
u077,2026-09-03 19:21:28+0000,3576,Lluvia eco,Lluvia Club
u162,2026-09-09 01:41:33+0000,3577,Fuego tiempo,Lluvia Sur
u149,2026-09-25 07:43:54+0000,3578,Sueño ciudad,Eco Norte
u094,2026-09-22 04:51:24+0000,3579,Tiempo lluvia,Cielo Sur
u123,2026-09-18 22:03:59+0000,3580,Tiempo horizonte,Eco Norte
u036,2026-09-08 03:31:53+0000,3581,Horizonte lluvia,Volcán Trío
u090,2026-09-16 16:41:42+0000,3582,Lluvia eco,Lluvia Club
u034,2026-09-20 14:00:44+0000,3583,Mar cielo,Fuego Sur
u029,2026-09-19 10:13:43+0000,3584,Cielo viento,Cielo Sur
u022,2026-09-20 15:00:36+0000,3585,Noche volcán,Horizonte Sur
u139,2026-09-19 22:48:47+0000,3586,Ciudad horizonte,Camino Norte
u081,2026-09-01 07:19:25+0000,3587,Noche fuego,Volcán Trío
u038,2026-09-03 14:52:15+0000,3588,Mar cielo,Fuego Sur
u078,2026-09-25 16:03:00+0000,3589,Noche mar,Eco Norte
u044,2026-09-08 17:26:26+0000,3590,Noche lluvia,Volcán Norte
u161,2026-09-05 16:44:58+0000,3591,Cielo río,Tiempo Trío
u193,2026-09-04 12:40:50+0000,3592,Noche sol,Cielo Band
u088,2026-09-18 12:09:23+0000,3593,Noche viento,Mar Club
u054,2026-09-16 15:25:04+0000,3594,Noche lluvia,Sueño Band
u096,2026-09-28 01:25:24+0000,3595,Tiempo volcán,Lluvia Trío
u011,2026-09-27 13:05:41+0000,3596,Volcán luna,Mar Sur
u096,2026-09-20 15:20:33+0000,3597,Sol mar,Tiempo Sur
u106,2026-09-06 11:44:36+0000,3598,Viento ciudad,Tiempo Club
u059,2026-09-18 11:37:23+0000,3599,Lluvia cielo,Viento Norte
u175,2026-09-17 10:33:06+0000,3600,Viento lluvia,Mar Norte
u075,2026-09-27 19:32:35+0000,3601,Tiempo horizonte,Volcán Sur
u078,2026-09-24 17:44:26+0000,3602,Volcán mar,Mar Club
u175,2026-09-17 10:03:21+0000,3603,Ciudad mar,Cielo Band
u179,2026-09-23 12:48:06+0000,3604,Fuego mar,Tiempo Club
u002,2026-09-24 11:08:39+0000,3605,Fuego eco,Camino Norte
u117,2026-09-16 22:07:11+0000,3606,Río tiempo,Mar Sur
u179,2026-09-20 03:01:42+0000,3607,Ciudad cielo,Mar Norte
u107,2026-09-10 18:34:54+0000,3608,Camino eco,Lluvia Trío
u114,2026-09-24 14:26:06+0000,3609,Mar fuego,Lluvia Trío
u130,2026-09-06 19:51:53+0000,3610,Mar cielo,Viento Band
u117,2026-09-01 11:20:11+0000,3611,Horizonte lluvia,Sueño Band
u052,2026-09-07 07:05:10+0000,3612,Lluvia noche,Tiempo Club
u096,2026-09-29 13:24:37+0000,3613,Cielo río,Tiempo Trío
u075,2026-09-16 19:54:14+0000,3614,Fuego tiempo,Ciudad Trío
u092,2026-09-08 19:11:37+0000,3615,Horizonte sueño,Fuego Sur
u084,2026-09-20 13:59:41+0000,3616,Camino viento,Mar Band
u191,2026-09-26 06:22:09+0000,3617,Cielo viento,Volcán Norte
u195,2026-09-28 19:34:28+0000,3618,Viento horizonte,Camino Norte
u124,2026-09-26 08:59:05+0000,3619,Luna ciudad,Noche Club
u077,2026-09-17 10:19:12+0000,3620,Noche sol,Cielo Band
u099,2026-09-22 01:36:40+0000,3621,Eco cielo,Cielo Band
u163,2026-09-27 19:58:47+0000,3622,Noche ciudad,Tiempo Sur
u046,2026-09-03 18:27:07+0000,3623,Fuego tiempo,Volcán Sur
u075,2026-09-19 13:08:58+0000,3624,Noche viento,Mar Club
u011,2026-09-20 16:10:35+0000,3625,Camino camino,Luna Sur
u146,2026-09-21 17:01:41+0000,3626,Fuego ciudad,Cielo Band
u190,2026-09-28 18:33:53+0000,3627,Río lluvia,Camino Norte
u049,2026-09-19 07:24:33+0000,3628,Sol ciudad,Cielo Trío
u036,2026-09-01 07:43:54+0000,3629,Luna mar,Ciudad Trío
u132,2026-09-22 14:08:09+0000,3630,Tiempo horizonte,Viento Band
u090,2026-09-04 11:15:07+0000,3631,Luna sueño,Eco Norte
u053,2026-09-22 05:39:22+0000,3632,Volcán mar,Cielo Trío
u171,2026-09-12 11:02:49+0000,3633,Cielo viento,Volcán Norte
u059,2026-09-20 11:04:30+0000,3634,Lluvia mar,Sueño Band
u017,2026-09-15 10:04:13+0000,3635,Río lluvia,Mar Norte
u180,2026-09-13 10:45:23+0000,3636,Río luna,Lluvia Club
u096,2026-09-06 19:10:45+0000,3637,Mar viento,Tiempo Sur
u156,2026-09-16 12:47:51+0000,3638,Luna tiempo,Cielo Band
u097,2026-09-16 15:09:06+0000,3639,Camino fuego,Cielo Sur
u193,2026-09-26 08:29:25+0000,3640,Mar cielo,Ciudad Trío
u023,2026-09-06 10:58:31+0000,3641,Cielo camino,Tiempo Club
u033,2026-09-20 19:01:11+0000,3642,Camino viento,Viento Norte
u172,2026-09-20 02:31:37+0000,3643,Fuego lluvia,Lluvia Trío
u147,2026-09-02 09:52:12+0000,3644,Luna viento,Lluvia Trío
u006,2026-09-10 11:57:37+0000,3645,Volcán noche,Lluvia Trío
u023,2026-09-25 15:13:29+0000,3646,Mar horizonte,Tiempo Trío
u174,2026-09-12 23:42:50+0000,3647,Eco eco,Sueño Band
u123,2026-09-22 17:10:12+0000,3648,Tiempo sol,Tiempo Trío
u043,2026-09-13 08:52:36+0000,3649,Fuego viento,Mar Club
u103,2026-09-23 13:06:51+0000,3650,Horizonte viento,Eco Norte
u051,2026-09-04 18:52:28+0000,3651,Río ciudad,Mar Sur
u116,2026-09-14 10:17:12+0000,3652,Sueño sol,Mar Sur
u190,2026-09-19 06:24:23+0000,3653,Mar ciudad,Noche Club
u131,2026-09-18 13:59:48+0000,3654,Lluvia ciudad,Luna Sur
u120,2026-09-28 07:24:39+0000,3655,Fuego eco,Camino Norte
u173,2026-09-30 08:17:20+0000,3656,Sueño sueño,Volcán Trío
u199,2026-09-16 18:34:14+0000,3657,Tiempo fuego,Volcán Trío
u167,2026-09-11 20:06:10+0000,3658,Viento noche,Cielo Band
u116,2026-09-11 18:35:06+0000,3659,Viento camino,Ciudad Trío
u122,2026-09-03 08:21:06+0000,3660,Volcán ciudad,Lluvia Trío
u159,2026-09-18 07:39:57+0000,3661,Lluvia tiempo,Ciudad Trío
u098,2026-09-20 17:11:20+0000,3662,Noche ciudad,Horizonte Trío
u059,2026-09-24 13:18:58+0000,3663,Mar fuego,Lluvia Sur
u167,2026-09-21 07:54:18+0000,3664,Sol lluvia,Tiempo Trío
u046,2026-09-28 17:58:52+0000,3665,Volcán viento,Horizonte Trío
u059,2026-09-27 09:50:32+0000,3666,Horizonte lluvia,Sueño Band
u035,2026-09-09 19:50:21+0000,3667,Mar mar,Viento Norte
u160,2026-09-19 10:26:15+0000,3668,Cielo noche,Lluvia Trío
u175,2026-09-22 21:15:01+0000,3669,Lluvia lluvia,Luna Band
u081,2026-09-13 17:25:55+0000,3670,Camino horizonte,Tiempo Band
u180,2026-09-16 10:54:14+0000,3671,Noche mar,Eco Norte
u042,2026-09-27 19:09:20+0000,3672,Cielo noche,Lluvia Trío
u197,2026-09-16 16:48:47+0000,3673,Horizonte sueño,Fuego Sur
u195,2026-09-24 03:20:24+0000,3674,Viento ciudad,Tiempo Club
u200,2026-09-07 21:35:20+0000,3675,Eco volcán,Volcán Norte
u036,2026-09-13 13:05:39+0000,3676,Volcán horizonte,Noche Club
u007,2026-09-18 14:41:34+0000,3677,Lluvia luna,Mar Norte
u153,2026-09-24 12:02:27+0000,3678,Río volcán,Camino Norte
u106,2026-09-19 20:46:24+0000,3679,Horizonte sueño,Ciudad Band
u035,2026-09-24 00:47:43+0000,3680,Sol río,Cielo Trío
u054,2026-09-16 14:08:29+0000,3681,Camino viento,Viento Norte
u058,2026-09-11 09:55:58+0000,3682,Ciudad camino,Noche Club
u137,2026-09-19 12:11:55+0000,3683,Horizonte sol,Mar Club
u164,2026-09-13 08:43:59+0000,3684,Cielo fuego,Ciudad Trío
u035,2026-09-10 22:14:57+0000,3685,Lluvia cielo,Horizonte Trío
u087,2026-09-16 11:45:24+0000,3686,Luna ciudad,Volcán Trío
u059,2026-09-16 20:02:00+0000,3687,Luna sol,Luna Band
u041,2026-09-14 15:14:13+0000,3688,Ciudad tiempo,Mar Club
u131,2026-09-19 16:06:54+0000,3689,Lluvia ciudad,Luna Sur
u155,2026-09-14 08:35:52+0000,3690,Tiempo horizonte,Volcán Sur
u062,2026-09-27 13:10:30+0000,3691,Viento eco,Volcán Sur
u137,2026-09-20 16:18:41+0000,3692,Sueño ciudad,Horizonte Sur
u105,2026-09-22 09:45:28+0000,3693,Volcán fuego,Sueño Band
u166,2026-09-11 17:36:54+0000,3694,Noche ciudad,Cielo Trío
u130,2026-09-04 09:15:37+0000,3695,Sueño viento,Lluvia Trío
u162,2026-09-26 16:29:15+0000,3696,Mar horizonte,Tiempo Trío
u064,2026-09-28 20:02:21+0000,3697,Tiempo sol,Tiempo Trío
u037,2026-09-04 15:39:32+0000,3698,Río luna,Noche Club
u195,2026-09-21 16:13:49+0000,3699,Tiempo noche,Ciudad Trío
u072,2026-09-18 19:53:44+0000,3700,Noche fuego,Cielo Sur
u037,2026-09-02 07:42:17+0000,3701,Sol volcán,Volcán Trío
u022,2026-09-28 11:04:50+0000,3702,Noche lluvia,Tiempo Club
u105,2026-09-02 11:45:45+0000,3703,Volcán horizonte,Cielo Band
u147,2026-09-26 18:38:41+0000,3704,Río río,Lluvia Band
u160,2026-09-16 14:44:36+0000,3705,Sueño fuego,Cielo Sur
u113,2026-09-02 16:33:51+0000,3706,Mar cielo,Fuego Sur
u003,2026-09-29 22:52:55+0000,3707,Mar sueño,Mar Band
u081,2026-09-07 13:26:56+0000,3708,Sueño fuego,Cielo Sur
u002,2026-09-30 17:30:34+0000,3709,Fuego eco,Camino Norte
u162,2026-09-22 18:54:55+0000,3710,Mar viento,Tiempo Sur
u141,2026-09-13 23:23:56+0000,3711,Ciudad tiempo,Tiempo Band
u059,2026-09-15 15:58:52+0000,3712,Noche sol,Cielo Band
u038,2026-09-04 14:53:19+0000,3713,Luna lluvia,Cielo Trío
u041,2026-09-18 17:49:34+0000,3714,Tiempo fuego,Volcán Trío
u096,2026-09-24 17:08:51+0000,3715,Lluvia fuego,Sueño Band
u141,2026-09-18 14:13:11+0000,3716,Fuego sol,Ciudad Trío
u112,2026-09-29 22:31:56+0000,3717,Lluvia cielo,Viento Norte
u150,2026-09-07 17:55:12+0000,3718,Tiempo noche,Eco Norte
u141,2026-09-01 06:04:47+0000,3719,Cielo ciudad,Cielo Trío
u053,2026-09-20 21:13:54+0000,3720,Volcán fuego,Luna Band
u167,2026-09-07 15:10:19+0000,3721,Eco viento,Tiempo Band
u069,2026-09-01 22:41:08+0000,3722,Mar camino,Volcán Norte
u086,2026-09-27 13:34:15+0000,3723,Sueño sol,Mar Sur
u098,2026-09-27 01:39:16+0000,3724,Fuego ciudad,Cielo Band
u090,2026-09-02 22:55:39+0000,3725,Río luna,Noche Club
u119,2026-09-18 19:12:42+0000,3726,Río volcán,Camino Norte
u082,2026-09-15 20:13:40+0000,3727,Mar mar,Viento Norte
u098,2026-09-24 12:49:29+0000,3728,Cielo río,Cielo Trío
u031,2026-09-22 05:43:09+0000,3729,Tiempo sol,Mar Norte
u082,2026-09-07 05:42:57+0000,3730,Lluvia cielo,Horizonte Trío
u157,2026-09-17 12:07:36+0000,3731,Viento eco,Volcán Sur
u164,2026-09-16 19:40:20+0000,3732,Sol río,Cielo Trío
u173,2026-09-21 05:52:58+0000,3733,Sol tiempo,Ciudad Trío
u159,2026-09-20 10:51:22+0000,3734,Sueño camino,Volcán Sur
u056,2026-09-11 11:55:58+0000,3735,Tiempo mar,Mar Sur
u126,2026-09-22 11:19:54+0000,3736,Sol ciudad,Cielo Trío
u142,2026-09-18 05:57:45+0000,3737,Viento noche,Cielo Band
u162,2026-09-30 16:38:08+0000,3738,Ciudad mar,Cielo Band
u114,2026-09-29 15:20:38+0000,3739,Noche lluvia,Volcán Norte
u127,2026-09-15 17:24:04+0000,3740,Luna tiempo,Cielo Band
u052,2026-09-27 14:01:34+0000,3741,Luna sueño,Eco Norte
u145,2026-09-13 02:33:53+0000,3742,Viento noche,Cielo Trío
u092,2026-09-09 14:13:15+0000,3743,Mar volcán,Lluvia Sur
u129,2026-09-18 03:36:59+0000,3744,Volcán fuego,Sueño Band
u167,2026-09-30 13:58:32+0000,3745,Luna lluvia,Cielo Trío
u049,2026-09-14 03:00:02+0000,3746,Viento ciudad,Tiempo Club
u169,2026-09-19 23:00:03+0000,3747,Volcán fuego,Sueño Band
u086,2026-09-30 08:32:34+0000,3748,Fuego lluvia,Lluvia Trío
u059,2026-09-11 17:32:27+0000,3749,Cielo viento,Cielo Sur
u090,2026-09-10 14:47:56+0000,3750,Fuego horizonte,Noche Club
u034,2026-09-09 19:46:20+0000,3751,Viento noche,Cielo Band
u014,2026-09-23 13:14:07+0000,3752,Río noche,Lluvia Band
u079,2026-09-27 13:21:09+0000,3753,Noche volcán,Horizonte Sur
u106,2026-09-25 11:27:38+0000,3754,Tiempo sol,Mar Norte
u117,2026-09-30 07:54:43+0000,3755,Horizonte sueño,Fuego Sur
u010,2026-09-24 01:08:33+0000,3756,Fuego fuego,Sueño Band
u189,2026-09-21 06:53:36+0000,3757,Río tiempo,Mar Sur
u128,2026-09-25 09:07:26+0000,3758,Río luna,Lluvia Club
u115,2026-09-04 18:28:28+0000,3759,Sol lluvia,Tiempo Band
u192,2026-09-10 07:49:28+0000,3760,Sueño ciudad,Horizonte Sur
u192,2026-09-19 22:27:30+0000,3761,Fuego tiempo,Lluvia Sur
u176,2026-09-09 13:39:52+0000,3762,Eco cielo,Tiempo Club
u167,2026-09-05 19:08:56+0000,3763,Camino fuego,Cielo Sur
u189,2026-09-01 15:16:12+0000,3764,Tiempo horizonte,Volcán Sur
u172,2026-09-25 21:54:48+0000,3765,Sueño viento,Horizonte Sur
u113,2026-09-04 18:52:36+0000,3766,Ciudad camino,Noche Club
u200,2026-09-07 05:02:22+0000,3767,Tiempo noche,Eco Norte
u036,2026-09-09 16:16:57+0000,3768,Fuego volcán,Cielo Trío
u017,2026-09-05 15:14:56+0000,3769,Noche luna,Sueño Band
u087,2026-09-16 11:58:49+0000,3770,Volcán fuego,Sueño Band
u127,2026-09-26 15:53:49+0000,3771,Viento eco,Tiempo Sur
u044,2026-09-19 21:51:10+0000,3772,Mar horizonte,Tiempo Trío
u073,2026-09-17 19:14:24+0000,3773,Horizonte ciudad,Tiempo Trío
u180,2026-09-04 10:17:21+0000,3774,Lluvia cielo,Viento Norte
u173,2026-09-11 09:03:37+0000,3775,Sueño viento,Horizonte Sur
u019,2026-09-19 04:51:13+0000,3776,Fuego ciudad,Cielo Band
u017,2026-09-05 07:23:28+0000,3777,Fuego tiempo,Lluvia Sur
u152,2026-09-20 15:35:37+0000,3778,Sol mar,Tiempo Sur
u116,2026-09-03 19:13:23+0000,3779,Lluvia cielo,Lluvia Club
u016,2026-09-01 14:38:22+0000,3780,Luna ciudad,Volcán Trío
u050,2026-09-05 20:42:34+0000,3781,Noche ciudad,Ciudad Trío
u018,2026-09-30 18:55:11+0000,3782,Ciudad camino,Mar Club
u038,2026-09-12 03:24:52+0000,3783,Cielo río,Mar Band
u088,2026-09-10 22:27:58+0000,3784,Horizonte lluvia,Tiempo Club
u072,2026-09-24 12:58:05+0000,3785,Ciudad camino,Mar Club
u040,2026-09-01 17:53:15+0000,3786,Volcán mar,Cielo Trío
u148,2026-09-11 18:46:43+0000,3787,Tiempo noche,Eco Norte
u027,2026-09-23 10:16:45+0000,3788,Cielo ciudad,Mar Club
u092,2026-09-16 18:07:21+0000,3789,Viento ciudad,Mar Sur
u089,2026-09-05 01:55:35+0000,3790,Luna ciudad,Volcán Trío
u094,2026-09-21 19:13:32+0000,3791,Sueño fuego,Cielo Sur
u126,2026-09-05 09:44:25+0000,3792,Tiempo volcán,Lluvia Trío
u144,2026-09-15 07:28:41+0000,3793,Camino fuego,Cielo Sur
u076,2026-09-08 14:31:43+0000,3794,Fuego noche,Ciudad Trío
u048,2026-09-28 12:35:38+0000,3795,Ciudad ciudad,Tiempo Trío
u077,2026-09-01 09:46:02+0000,3796,Fuego tiempo,Lluvia Sur
u103,2026-09-11 17:21:28+0000,3797,Fuego noche,Ciudad Trío
u156,2026-09-04 07:22:33+0000,3798,Noche horizonte,Lluvia Band
u126,2026-09-10 14:46:14+0000,3799,Volcán noche,Volcán Sur
u041,2026-09-27 21:50:27+0000,3800,Ciudad ciudad,Tiempo Trío
u093,2026-09-24 01:40:10+0000,3801,Ciudad sueño,Cielo Sur
u109,2026-09-03 13:15:01+0000,3802,Horizonte lluvia,Volcán Trío
u098,2026-09-15 20:57:37+0000,3803,Noche ciudad,Ciudad Trío
u036,2026-09-04 21:06:24+0000,3804,Noche horizonte,Lluvia Band
u174,2026-09-07 16:26:48+0000,3805,Volcán mar,Mar Club
u087,2026-09-22 09:59:32+0000,3806,Noche ciudad,Ciudad Trío
u111,2026-09-04 09:51:50+0000,3807,Volcán viento,Volcán Sur
u197,2026-09-16 12:33:49+0000,3808,Sol río,Cielo Trío
u066,2026-09-09 19:47:37+0000,3809,Horizonte mar,Eco Norte
u111,2026-09-15 15:10:35+0000,3810,Tiempo fuego,Cielo Trío
u073,2026-09-03 17:56:16+0000,3811,Sol río,Cielo Trío
u094,2026-09-12 17:09:24+0000,3812,Volcán noche,Lluvia Trío
u007,2026-09-10 21:09:13+0000,3813,Sol río,Mar Sur
u030,2026-09-01 15:18:13+0000,3814,Cielo viento,Volcán Norte
u195,2026-09-03 01:20:10+0000,3815,Volcán lluvia,Ciudad Band
u153,2026-09-22 06:00:23+0000,3816,Sol mar,Horizonte Sur
u172,2026-09-28 17:36:21+0000,3817,Lluvia sol,Lluvia Sur
u087,2026-09-29 18:51:33+0000,3818,Ciudad lluvia,Mar Band
u168,2026-09-24 20:52:16+0000,3819,Fuego lluvia,Lluvia Trío
u053,2026-09-03 09:03:23+0000,3820,Noche sol,Cielo Band
u059,2026-09-17 17:40:34+0000,3821,Noche sol,Cielo Band
u049,2026-09-08 07:30:13+0000,3822,Volcán volcán,Tiempo Band
u195,2026-09-30 08:15:39+0000,3823,Volcán volcán,Tiempo Band
u161,2026-09-10 07:27:33+0000,3824,Cielo volcán,Mar Norte
u034,2026-09-06 09:36:21+0000,3825,Fuego noche,Lluvia Trío
u109,2026-09-08 09:29:46+0000,3826,Viento ciudad,Lluvia Trío
u046,2026-09-03 19:53:51+0000,3827,Río tiempo,Cielo Trío
u158,2026-09-15 14:59:07+0000,3828,Eco cielo,Cielo Band
u023,2026-09-21 19:43:17+0000,3829,Lluvia cielo,Viento Norte
u196,2026-09-04 06:57:57+0000,3830,Tiempo horizonte,Volcán Sur
u127,2026-09-28 11:38:24+0000,3831,Ciudad cielo,Eco Norte
u073,2026-09-05 00:05:43+0000,3832,Horizonte lluvia,Sueño Band
u094,2026-09-01 04:50:53+0000,3833,Tiempo horizonte,Eco Norte
u063,2026-09-19 14:34:48+0000,3834,Fuego luna,Fuego Trío
u162,2026-09-29 20:19:11+0000,3835,Luna tiempo,Cielo Band
u112,2026-09-09 11:21:47+0000,3836,Viento horizonte,Camino Norte
u196,2026-09-03 19:42:23+0000,3837,Sueño fuego,Cielo Sur
u026,2026-09-16 13:46:57+0000,3838,Río sueño,Eco Norte
u031,2026-09-12 18:20:21+0000,3839,Viento camino,Ciudad Trío
u113,2026-09-07 19:40:34+0000,3840,Ciudad cielo,Mar Norte
u200,2026-09-03 12:46:54+0000,3841,Sueño tiempo,Lluvia Trío
u167,2026-09-19 18:27:16+0000,3842,Sueño sol,Mar Norte
u128,2026-09-06 09:46:16+0000,3843,Mar cielo,Viento Band
u109,2026-09-13 16:23:39+0000,3844,Eco sueño,Lluvia Club
u116,2026-09-03 21:18:01+0000,3845,Tiempo sol,Tiempo Trío
u109,2026-09-06 12:29:21+0000,3846,Horizonte lluvia,Tiempo Club
u039,2026-09-30 09:57:19+0000,3847,Camino tiempo,Cielo Sur
u111,2026-09-24 12:05:32+0000,3848,Tiempo mar,Mar Sur
u166,2026-09-17 15:38:40+0000,3849,Horizonte fuego,Lluvia Trío
u035,2026-09-14 23:51:25+0000,3850,Tiempo viento,Lluvia Trío
u146,2026-09-06 17:55:47+0000,3851,Lluvia tiempo,Lluvia Trío
u017,2026-09-02 21:38:12+0000,3852,Tiempo sueño,Luna Sur
u121,2026-09-21 15:45:17+0000,3853,Volcán mar,Tiempo Sur
u083,2026-09-17 10:06:16+0000,3854,Fuego horizonte,Noche Club
u168,2026-09-29 16:01:21+0000,3855,Lluvia noche,Tiempo Club
u143,2026-09-24 10:52:43+0000,3856,Tiempo sol,Mar Norte
u172,2026-09-29 18:30:26+0000,3857,Fuego lluvia,Lluvia Trío
u191,2026-09-19 18:07:22+0000,3858,Volcán volcán,Tiempo Band
u181,2026-09-04 19:36:19+0000,3859,Ciudad tiempo,Lluvia Trío
u037,2026-09-02 17:01:22+0000,3860,Luna río,Noche Club
u123,2026-09-16 10:28:36+0000,3861,Luna ciudad,Lluvia Trío
u011,2026-09-27 19:28:55+0000,3862,Camino tiempo,Cielo Sur
u159,2026-09-28 18:01:32+0000,3863,Tiempo noche,Ciudad Trío
u131,2026-09-22 16:02:16+0000,3864,Volcán mar,Mar Club
u105,2026-09-04 12:48:58+0000,3865,Fuego tiempo,Lluvia Sur
u093,2026-09-23 15:13:15+0000,3866,Fuego ciudad,Cielo Band
u030,2026-09-23 17:50:30+0000,3867,Horizonte viento,Cielo Trío
u174,2026-09-23 07:13:18+0000,3868,Camino eco,Lluvia Trío
u104,2026-09-17 12:13:41+0000,3869,Viento eco,Tiempo Sur
u142,2026-09-03 14:40:29+0000,3870,Eco cielo,Cielo Band
u046,2026-09-27 09:01:50+0000,3871,Río ciudad,Mar Sur
u010,2026-09-30 08:43:48+0000,3872,Viento ciudad,Lluvia Trío
u013,2026-09-13 00:43:21+0000,3873,Lluvia sol,Tiempo Sur
u124,2026-09-17 12:41:46+0000,3874,Fuego tiempo,Lluvia Sur
u127,2026-09-20 10:32:43+0000,3875,Noche volcán,Horizonte Sur
u007,2026-09-25 04:33:36+0000,3876,Sueño camino,Volcán Sur
u057,2026-09-21 18:05:08+0000,3877,Tiempo horizonte,Eco Norte
u031,2026-09-27 17:11:48+0000,3878,Fuego tiempo,Volcán Sur
u164,2026-09-12 12:17:04+0000,3879,Cielo río,Mar Band
u027,2026-09-13 08:09:07+0000,3880,Río noche,Lluvia Band
u156,2026-09-17 12:37:52+0000,3881,Luna lluvia,Cielo Trío
u138,2026-09-06 11:31:44+0000,3882,Eco luna,Cielo Trío
u014,2026-09-16 10:09:40+0000,3883,Lluvia lluvia,Tiempo Club
u119,2026-09-13 13:03:51+0000,3884,Sol mar,Tiempo Sur
u049,2026-09-17 12:32:49+0000,3885,Tiempo noche,Ciudad Trío
u050,2026-09-27 17:17:00+0000,3886,Ciudad camino,Noche Club
u088,2026-09-13 18:24:43+0000,3887,Ciudad tiempo,Lluvia Trío
u188,2026-09-03 10:34:59+0000,3888,Tiempo fuego,Volcán Trío
u139,2026-09-19 18:14:45+0000,3889,Río tiempo,Mar Sur
u113,2026-09-17 08:13:22+0000,3890,Horizonte lluvia,Ciudad Trío
u147,2026-09-19 19:56:50+0000,3891,Noche ciudad,Horizonte Trío
u008,2026-09-06 13:53:07+0000,3892,Noche mar,Eco Norte
u086,2026-09-22 15:41:47+0000,3893,Horizonte ciudad,Tiempo Trío
u045,2026-09-08 13:24:50+0000,3894,Río lluvia,Mar Norte
u063,2026-09-08 13:06:37+0000,3895,Sueño ciudad,Ciudad Trío
u034,2026-09-02 14:28:28+0000,3896,Luna ciudad,Volcán Trío
u061,2026-09-07 12:33:37+0000,3897,Fuego volcán,Cielo Trío
u142,2026-09-17 14:47:18+0000,3898,Eco sueño,Lluvia Club
u053,2026-09-18 00:48:20+0000,3899,Lluvia eco,Lluvia Club
u035,2026-09-25 06:24:40+0000,3900,Tiempo sueño,Luna Sur
u108,2026-09-24 22:25:14+0000,3901,Fuego volcán,Cielo Trío
u050,2026-09-01 14:31:42+0000,3902,Río luna,Noche Club
u016,2026-09-18 21:15:52+0000,3903,Tiempo horizonte,Volcán Sur
u155,2026-09-28 07:23:45+0000,3904,Mar horizonte,Tiempo Trío
u063,2026-09-02 10:15:18+0000,3905,Río lluvia,Mar Norte
u103,2026-09-25 21:47:16+0000,3906,Horizonte sueño,Cielo Trío
u159,2026-09-08 14:44:41+0000,3907,Noche luna,Sueño Band
u056,2026-09-09 20:12:04+0000,3908,Viento ciudad,Lluvia Trío
u087,2026-09-24 08:38:52+0000,3909,Noche lluvia,Volcán Norte
u117,2026-09-08 19:58:23+0000,3910,Tiempo sol,Mar Norte
u180,2026-09-29 09:02:10+0000,3911,Río noche,Lluvia Band
u031,2026-09-21 20:27:17+0000,3912,Fuego ciudad,Cielo Band
u127,2026-09-15 07:02:43+0000,3913,Ciudad cielo,Mar Norte
u199,2026-09-01 05:53:00+0000,3914,Río noche,Lluvia Band
u183,2026-09-14 15:29:17+0000,3915,Viento eco,Volcán Sur
u154,2026-09-22 13:11:06+0000,3916,Sueño fuego,Cielo Sur
u101,2026-09-04 18:02:48+0000,3917,Sueño fuego,Cielo Sur
u099,2026-09-06 06:52:13+0000,3918,Río noche,Lluvia Band
u028,2026-09-23 19:15:04+0000,3919,Lluvia fuego,Sueño Band
u099,2026-09-11 05:27:49+0000,3920,Cielo tiempo,Lluvia Club
u157,2026-09-01 08:51:42+0000,3921,Sol luna,Cielo Trío
u139,2026-09-20 10:31:07+0000,3922,Mar volcán,Cielo Trío
u098,2026-09-12 18:14:30+0000,3923,Noche luna,Sueño Band
u050,2026-09-19 21:18:03+0000,3924,Viento ciudad,Lluvia Trío
u162,2026-09-28 15:15:18+0000,3925,Luna cielo,Noche Club
u145,2026-09-12 10:41:10+0000,3926,Cielo noche,Tiempo Band
u121,2026-09-01 18:23:49+0000,3927,Volcán horizonte,Cielo Band
u167,2026-09-27 09:16:24+0000,3928,Mar cielo,Viento Band
u153,2026-09-05 11:47:42+0000,3929,Río luna,Noche Club
u011,2026-09-08 14:50:17+0000,3930,Luna lluvia,Cielo Trío
u141,2026-09-29 04:13:44+0000,3931,Lluvia cielo,Viento Norte
u166,2026-09-24 13:45:19+0000,3932,Camino horizonte,Tiempo Band
u150,2026-09-10 17:44:51+0000,3933,Volcán volcán,Tiempo Band
u006,2026-09-11 11:25:18+0000,3934,Cielo ciudad,Mar Club
u043,2026-09-14 12:36:19+0000,3935,Lluvia noche,Tiempo Club
u196,2026-09-17 23:51:52+0000,3936,Río río,Lluvia Band
u067,2026-09-25 19:13:36+0000,3937,Mar cielo,Ciudad Trío
u131,2026-09-21 21:54:53+0000,3938,Volcán mar,Mar Club
u017,2026-09-15 18:08:24+0000,3939,Lluvia noche,Tiempo Club
u031,2026-09-15 21:46:00+0000,3940,Lluvia tiempo,Ciudad Trío
u038,2026-09-04 10:24:48+0000,3941,Ciudad ciudad,Tiempo Trío
u150,2026-09-12 18:59:08+0000,3942,Mar cielo,Ciudad Trío
u086,2026-09-30 15:59:23+0000,3943,Horizonte sueño,Ciudad Band
u166,2026-09-19 08:23:39+0000,3944,Ciudad tiempo,Tiempo Band
u031,2026-09-23 08:41:02+0000,3945,Eco cielo,Tiempo Club
u130,2026-09-18 18:58:43+0000,3946,Noche horizonte,Lluvia Band
u008,2026-09-19 13:33:48+0000,3947,Mar volcán,Cielo Trío
u191,2026-09-28 02:23:32+0000,3948,Tiempo mar,Mar Sur
u098,2026-09-14 00:17:22+0000,3949,Lluvia cielo,Horizonte Trío
u046,2026-09-14 12:26:15+0000,3950,Horizonte viento,Mar Club
u133,2026-09-21 12:44:21+0000,3951,Sol cielo,Lluvia Sur
u088,2026-09-27 21:38:05+0000,3952,Horizonte sueño,Fuego Sur
u077,2026-09-20 19:26:34+0000,3953,Sueño tiempo,Lluvia Trío
u039,2026-09-18 14:53:38+0000,3954,Lluvia ciudad,Luna Sur
u167,2026-09-17 10:01:44+0000,3955,Ciudad tiempo,Noche Club
u077,2026-09-18 22:31:52+0000,3956,Tiempo viento,Lluvia Trío
u044,2026-09-23 23:40:35+0000,3957,Ciudad tiempo,Noche Club
u099,2026-09-12 16:08:28+0000,3958,Lluvia ciudad,Luna Sur
u017,2026-09-26 14:50:59+0000,3959,Luna tiempo,Cielo Band
u034,2026-09-12 11:47:27+0000,3960,Eco lluvia,Tiempo Club
u076,2026-09-15 14:50:36+0000,3961,Camino horizonte,Tiempo Band
u081,2026-09-24 12:32:11+0000,3962,Tiempo noche,Ciudad Trío
u083,2026-09-28 05:55:50+0000,3963,Cielo ciudad,Mar Club
u045,2026-09-24 18:23:44+0000,3964,Cielo ciudad,Cielo Trío
u058,2026-09-23 10:57:33+0000,3965,Volcán mar,Mar Club
u023,2026-09-11 18:45:50+0000,3966,Horizonte sueño,Ciudad Band
u096,2026-09-24 14:51:03+0000,3967,Horizonte fuego,Lluvia Trío
u088,2026-09-22 16:57:33+0000,3968,Luna sol,Luna Band
u121,2026-09-27 18:54:07+0000,3969,Horizonte lluvia,Volcán Trío
u011,2026-09-30 15:47:29+0000,3970,Río volcán,Camino Norte
u099,2026-09-19 20:54:41+0000,3971,Eco cielo,Mar Band
u092,2026-09-05 16:34:49+0000,3972,Lluvia luna,Mar Norte
u034,2026-09-02 21:48:38+0000,3973,Noche ciudad,Tiempo Sur
u140,2026-09-03 19:24:02+0000,3974,Fuego cielo,Cielo Sur
u150,2026-09-19 16:58:06+0000,3975,Ciudad luna,Sueño Band
u023,2026-09-02 22:11:24+0000,3976,Cielo cielo,Horizonte Trío
u092,2026-09-22 20:31:41+0000,3977,Luna ciudad,Lluvia Sur
u174,2026-09-24 18:46:18+0000,3978,Volcán noche,Volcán Sur
u094,2026-09-28 12:33:34+0000,3979,Viento eco,Volcán Sur
u103,2026-09-09 19:25:02+0000,3980,Tiempo noche,Ciudad Trío
u081,2026-09-15 13:32:56+0000,3981,Mar fuego,Lluvia Trío
u078,2026-09-24 15:09:02+0000,3982,Viento eco,Volcán Sur
u003,2026-09-03 21:37:21+0000,3983,Tiempo horizonte,Eco Norte
u081,2026-09-07 09:34:36+0000,3984,Horizonte mar,Viento Norte
u088,2026-09-19 11:58:00+0000,3985,Cielo ciudad,Cielo Trío
u078,2026-09-13 18:34:46+0000,3986,Noche mar,Eco Norte
u017,2026-09-01 07:14:12+0000,3987,Mar cielo,Volcán Trío
u030,2026-09-16 09:28:06+0000,3988,Tiempo sol,Mar Norte
u157,2026-09-13 12:39:20+0000,3989,Volcán fuego,Sueño Band
u099,2026-09-16 23:08:17+0000,3990,Camino lluvia,Viento Band
u030,2026-09-07 10:15:14+0000,3991,Río sueño,Eco Norte
u192,2026-09-08 14:10:05+0000,3992,Ciudad horizonte,Camino Norte
u121,2026-09-11 19:46:43+0000,3993,Fuego luna,Fuego Trío
u054,2026-09-05 11:23:12+0000,3994,Ciudad cielo,Mar Norte
u056,2026-09-01 08:05:26+0000,3995,Fuego viento,Lluvia Club
u186,2026-09-23 12:11:03+0000,3996,Luna viento,Lluvia Trío
u137,2026-09-11 09:32:58+0000,3997,Cielo volcán,Mar Norte
u029,2026-09-10 01:00:25+0000,3998,Fuego cielo,Cielo Sur
u064,2026-09-11 07:05:03+0000,3999,Volcán volcán,Tiempo Band
u178,2026-09-25 14:31:39+0000,4000,Mar viento,Tiempo Sur
u155,2026-09-12 23:54:02+0000,4001,Camino fuego,Cielo Sur
u122,2026-09-24 22:12:23+0000,4002,Ciudad cielo,Eco Norte
u112,2026-09-27 04:17:11+0000,4003,Lluvia fuego,Sueño Band
u061,2026-09-19 08:02:10+0000,4004,Sueño ciudad,Horizonte Sur
u040,2026-09-15 18:38:39+0000,4005,Ciudad mar,Cielo Band
u167,2026-09-07 16:39:54+0000,4006,Río lluvia,Noche Club
u195,2026-09-15 07:01:42+0000,4007,Noche ciudad,Ciudad Trío
u097,2026-09-14 08:59:36+0000,4008,Lluvia sol,Lluvia Sur
u007,2026-09-28 16:07:34+0000,4009,Tiempo ciudad,Fuego Sur
u078,2026-09-19 16:14:14+0000,4010,Noche horizonte,Lluvia Band
u166,2026-09-02 01:00:13+0000,4011,Tiempo volcán,Lluvia Trío
u037,2026-09-18 11:27:48+0000,4012,Horizonte mar,Viento Norte
u078,2026-09-10 16:24:57+0000,4013,Lluvia cielo,Lluvia Club
u086,2026-09-28 18:28:20+0000,4014,Tiempo horizonte,Volcán Sur
u105,2026-09-04 07:47:10+0000,4015,Eco cielo,Cielo Band
u093,2026-09-13 07:12:56+0000,4016,Lluvia mar,Sueño Band
u042,2026-09-09 17:34:42+0000,4017,Lluvia ciudad,Luna Sur
u086,2026-09-11 14:16:30+0000,4018,Ciudad camino,Mar Club
u011,2026-09-01 08:36:32+0000,4019,Ciudad camino,Mar Club
u070,2026-09-28 08:54:08+0000,4020,Mar horizonte,Tiempo Trío
u053,2026-09-15 16:01:49+0000,4021,Tiempo lluvia,Cielo Sur
u196,2026-09-10 20:23:21+0000,4022,Mar cielo,Fuego Sur
u053,2026-09-12 22:39:56+0000,4023,Lluvia noche,Tiempo Club
u055,2026-09-03 09:43:18+0000,4024,Cielo volcán,Mar Norte
u045,2026-09-04 16:04:03+0000,4025,Horizonte ciudad,Tiempo Trío
u022,2026-09-21 08:20:15+0000,4026,Fuego río,Mar Band
u159,2026-09-21 08:04:05+0000,4027,Luna sueño,Eco Norte
u018,2026-09-29 11:22:09+0000,4028,Lluvia cielo,Horizonte Trío
u028,2026-09-25 13:52:40+0000,4029,Cielo ciudad,Cielo Trío
u041,2026-09-25 12:46:13+0000,4030,Volcán viento,Horizonte Trío
u109,2026-09-08 21:54:36+0000,4031,Mar ciudad,Noche Club
u172,2026-09-03 15:20:01+0000,4032,Camino viento,Mar Band
u010,2026-09-15 06:17:24+0000,4033,Camino viento,Viento Norte
u083,2026-09-19 15:26:23+0000,4034,Fuego viento,Mar Club
u160,2026-09-18 18:55:31+0000,4035,Tiempo fuego,Volcán Trío
u127,2026-09-17 17:07:16+0000,4036,Viento ciudad,Mar Sur
u081,2026-09-09 16:50:12+0000,4037,Tiempo sol,Tiempo Trío
u127,2026-09-28 18:45:36+0000,4038,Viento eco,Volcán Sur
u084,2026-09-06 18:09:33+0000,4039,Horizonte lluvia,Cielo Trío
u124,2026-09-28 12:06:09+0000,4040,Fuego ciudad,Eco Norte
u055,2026-09-28 21:20:36+0000,4041,Luna cielo,Noche Club
u172,2026-09-11 09:27:14+0000,4042,Noche volcán,Horizonte Sur
u035,2026-09-29 19:09:08+0000,4043,Horizonte lluvia,Sueño Band
u030,2026-09-12 15:21:59+0000,4044,Mar cielo,Ciudad Trío
u058,2026-09-11 11:02:34+0000,4045,Noche ciudad,Ciudad Trío
u043,2026-09-19 14:35:40+0000,4046,Eco eco,Sueño Band
u138,2026-09-21 12:00:44+0000,4047,Ciudad lluvia,Mar Band
u078,2026-09-18 08:35:40+0000,4048,Ciudad tiempo,Lluvia Trío
u046,2026-09-12 13:30:22+0000,4049,Horizonte viento,Eco Norte
u097,2026-09-30 20:46:53+0000,4050,Camino viento,Viento Norte
u150,2026-09-09 21:03:47+0000,4051,Ciudad cielo,Mar Norte
u127,2026-09-08 07:31:41+0000,4052,Tiempo fuego,Volcán Trío
u141,2026-09-03 08:28:56+0000,4053,Río volcán,Camino Norte
u008,2026-09-14 14:35:12+0000,4054,Río lluvia,Mar Norte
u031,2026-09-28 21:52:44+0000,4055,Sueño sol,Mar Sur
u106,2026-09-08 10:43:36+0000,4056,Camino volcán,Eco Norte
u041,2026-09-15 15:19:09+0000,4057,Río sueño,Fuego Trío
u090,2026-09-03 21:48:33+0000,4058,Sueño eco,Cielo Sur
u087,2026-09-19 13:57:36+0000,4059,Luna cielo,Noche Club
u172,2026-09-06 06:05:08+0000,4060,Noche lluvia,Sueño Band
u049,2026-09-11 18:54:07+0000,4061,Cielo noche,Tiempo Band
u143,2026-09-17 21:12:33+0000,4062,Ciudad mar,Cielo Band
u039,2026-09-14 10:19:12+0000,4063,Ciudad camino,Mar Club
u153,2026-09-30 10:03:00+0000,4064,Camino viento,Mar Band
u079,2026-09-25 13:17:03+0000,4065,Ciudad tiempo,Mar Club
u155,2026-09-24 11:36:20+0000,4066,Luna ciudad,Lluvia Trío
u171,2026-09-13 21:30:35+0000,4067,Cielo río,Mar Band
u046,2026-09-30 18:30:06+0000,4068,Camino eco,Lluvia Trío
u141,2026-09-06 07:59:13+0000,4069,Sol luna,Cielo Trío
u153,2026-09-28 08:43:25+0000,4070,Ciudad camino,Mar Club
u063,2026-09-14 08:17:53+0000,4071,Fuego fuego,Sueño Band
u042,2026-09-14 00:22:11+0000,4072,Volcán volcán,Tiempo Band
u162,2026-09-04 12:26:57+0000,4073,Lluvia eco,Lluvia Club
u069,2026-09-28 17:20:17+0000,4074,Volcán noche,Lluvia Trío
u082,2026-09-05 11:52:26+0000,4075,Ciudad sol,Luna Sur
u127,2026-09-05 10:37:40+0000,4076,Mar ciudad,Noche Club
u041,2026-09-12 23:09:28+0000,4077,Fuego horizonte,Noche Club
u118,2026-09-20 10:38:41+0000,4078,Volcán noche,Lluvia Trío
u050,2026-09-12 20:37:34+0000,4079,Fuego río,Mar Band
u002,2026-09-04 05:58:09+0000,4080,Ciudad cielo,Mar Norte
u150,2026-09-20 11:40:08+0000,4081,Eco mar,Tiempo Band
u104,2026-09-17 20:43:31+0000,4082,Sol río,Mar Sur
u050,2026-09-18 17:33:04+0000,4083,Fuego mar,Tiempo Club
u111,2026-09-30 08:19:44+0000,4084,Noche eco,Ciudad Trío
u066,2026-09-06 00:54:09+0000,4085,Noche viento,Mar Club
u040,2026-09-21 07:46:02+0000,4086,Camino lluvia,Viento Band
u132,2026-09-07 23:03:43+0000,4087,Camino fuego,Mar Band
u121,2026-09-09 15:00:33+0000,4088,Noche lluvia,Tiempo Club
u028,2026-09-21 14:39:33+0000,4089,Lluvia ciudad,Luna Sur
u137,2026-09-03 19:09:26+0000,4090,Lluvia mar,Sueño Band
u137,2026-09-02 14:07:00+0000,4091,Ciudad mar,Cielo Band
u031,2026-09-19 02:59:22+0000,4092,Río sueño,Fuego Trío
u017,2026-09-29 20:27:15+0000,4093,Noche lluvia,Volcán Norte
u172,2026-09-20 07:14:07+0000,4094,Camino horizonte,Tiempo Band
u142,2026-09-18 22:22:27+0000,4095,Noche viento,Mar Club
u132,2026-09-14 13:10:24+0000,4096,Noche sol,Cielo Band
u157,2026-09-10 15:13:11+0000,4097,Río tiempo,Mar Sur
u192,2026-09-11 19:01:09+0000,4098,Sol camino,Tiempo Band
u159,2026-09-23 10:38:22+0000,4099,Tiempo mar,Mar Sur
u097,2026-09-25 14:36:17+0000,4100,Sueño sol,Mar Sur
u190,2026-09-18 18:37:10+0000,4101,Horizonte viento,Cielo Trío
u168,2026-09-20 11:59:12+0000,4102,Viento ciudad,Lluvia Trío
u070,2026-09-17 20:16:12+0000,4103,Viento eco,Volcán Sur
u178,2026-09-18 08:03:19+0000,4104,Sol volcán,Volcán Trío
u020,2026-09-29 16:02:10+0000,4105,Sol ciudad,Cielo Trío
u150,2026-09-14 18:27:39+0000,4106,Volcán mar,Mar Club
u096,2026-09-01 12:06:32+0000,4107,Viento noche,Cielo Band
u191,2026-09-11 19:10:49+0000,4108,Fuego viento,Mar Club
u029,2026-09-20 13:30:20+0000,4109,Tiempo lluvia,Cielo Sur
u123,2026-09-14 07:49:32+0000,4110,Fuego noche,Lluvia Trío
u066,2026-09-02 17:01:31+0000,4111,Mar sueño,Mar Band
u088,2026-09-04 19:49:04+0000,4112,Horizonte viento,Mar Club
u185,2026-09-10 11:30:05+0000,4113,Cielo tiempo,Lluvia Club
u061,2026-09-26 11:35:15+0000,4114,Mar cielo,Volcán Trío
u174,2026-09-30 13:26:33+0000,4115,Sueño ciudad,Eco Norte
u110,2026-09-21 12:08:15+0000,4116,Ciudad mar,Cielo Band
u026,2026-09-22 22:12:02+0000,4117,Ciudad fuego,Fuego Sur
u161,2026-09-23 07:52:45+0000,4118,Viento horizonte,Camino Norte
u044,2026-09-13 08:25:06+0000,4119,Sueño sueño,Tiempo Sur
u064,2026-09-21 20:20:20+0000,4120,Camino viento,Viento Norte
u028,2026-09-03 12:06:07+0000,4121,Ciudad fuego,Fuego Sur
u072,2026-09-04 06:31:48+0000,4122,Mar cielo,Viento Band
u030,2026-09-04 02:43:02+0000,4123,Horizonte sueño,Ciudad Band
u031,2026-09-09 18:52:24+0000,4124,Noche lluvia,Tiempo Club
u030,2026-09-19 17:13:20+0000,4125,Tiempo lluvia,Cielo Sur
u169,2026-09-01 20:17:35+0000,4126,Eco río,Horizonte Sur
u103,2026-09-16 14:49:24+0000,4127,Cielo río,Cielo Trío
u083,2026-09-07 18:13:44+0000,4128,Horizonte lluvia,Cielo Trío
u081,2026-09-27 06:39:42+0000,4129,Camino río,Luna Band
u150,2026-09-19 08:35:07+0000,4130,Ciudad horizonte,Viento Band
u114,2026-09-25 16:07:15+0000,4131,Tiempo ciudad,Fuego Sur
u146,2026-09-11 13:59:43+0000,4132,Sueño fuego,Cielo Sur
u181,2026-09-14 14:41:19+0000,4133,Noche ciudad,Tiempo Sur
u034,2026-09-08 19:44:57+0000,4134,Cielo viento,Cielo Sur
u191,2026-09-23 22:03:57+0000,4135,Ciudad camino,Noche Club
u099,2026-09-10 11:57:57+0000,4136,Sueño sueño,Volcán Trío
u002,2026-09-27 18:12:33+0000,4137,Cielo camino,Tiempo Club
u066,2026-09-16 10:26:52+0000,4138,Río volcán,Camino Norte
u185,2026-09-27 08:31:38+0000,4139,Lluvia luna,Mar Norte
u087,2026-09-25 07:31:37+0000,4140,Viento horizonte,Camino Norte
u009,2026-09-18 21:12:24+0000,4141,Viento lluvia,Mar Norte
u116,2026-09-21 19:13:13+0000,4142,Eco volcán,Volcán Norte
u142,2026-09-30 19:56:25+0000,4143,Río sueño,Eco Norte
u153,2026-09-19 11:09:17+0000,4144,Luna sol,Luna Band
u008,2026-09-18 13:23:14+0000,4145,Cielo ciudad,Tiempo Sur
u199,2026-09-09 14:28:30+0000,4146,Sol ciudad,Cielo Trío
u195,2026-09-24 07:32:41+0000,4147,Río sueño,Eco Norte
u171,2026-09-17 19:52:10+0000,4148,Tiempo ciudad,Fuego Sur
u154,2026-09-05 21:49:52+0000,4149,Horizonte lluvia,Volcán Trío
u097,2026-09-28 13:46:19+0000,4150,Luna viento,Lluvia Trío
u016,2026-09-10 07:45:06+0000,4151,Volcán mar,Tiempo Sur
u172,2026-09-21 18:08:13+0000,4152,Lluvia cielo,Horizonte Trío
u081,2026-09-20 13:37:48+0000,4153,Ciudad luna,Sueño Band
u097,2026-09-23 07:48:50+0000,4154,Sueño ciudad,Ciudad Trío
u154,2026-09-25 19:39:29+0000,4155,Mar mar,Viento Norte
u195,2026-09-08 07:03:30+0000,4156,Horizonte lluvia,Volcán Trío
u083,2026-09-10 07:37:35+0000,4157,Horizonte sol,Mar Club
u034,2026-09-27 16:00:43+0000,4158,Ciudad lluvia,Mar Band
u030,2026-09-29 07:22:41+0000,4159,Fuego noche,Horizonte Trío
u095,2026-09-24 18:09:20+0000,4160,Noche mar,Eco Norte
u017,2026-09-06 16:22:42+0000,4161,Camino fuego,Cielo Sur
u155,2026-09-13 17:41:57+0000,4162,Lluvia mar,Sueño Band
u027,2026-09-14 20:34:59+0000,4163,Fuego viento,Lluvia Club
u077,2026-09-19 08:26:18+0000,4164,Noche luna,Sueño Band
u166,2026-09-22 12:35:32+0000,4165,Viento noche,Cielo Trío
u105,2026-09-22 17:31:34+0000,4166,Camino cielo,Ciudad Trío
u188,2026-09-21 15:37:30+0000,4167,Camino tiempo,Cielo Sur
u134,2026-09-09 15:56:48+0000,4168,Fuego ciudad,Cielo Sur
u078,2026-09-15 09:06:26+0000,4169,Noche fuego,Volcán Trío
u041,2026-09-26 17:09:28+0000,4170,Viento eco,Tiempo Sur
u068,2026-09-12 19:25:13+0000,4171,Mar eco,Horizonte Sur
u162,2026-09-14 17:09:52+0000,4172,Volcán mar,Cielo Trío
u116,2026-09-25 08:37:40+0000,4173,Volcán cielo,Fuego Sur
u099,2026-09-17 22:09:22+0000,4174,Mar cielo,Fuego Sur
u053,2026-09-10 19:39:14+0000,4175,Tiempo noche,Eco Norte
u089,2026-09-19 14:01:34+0000,4176,Luna eco,Ciudad Trío
u149,2026-09-11 12:17:52+0000,4177,Río sueño,Fuego Trío
u174,2026-09-03 13:26:53+0000,4178,Cielo ciudad,Tiempo Sur
u044,2026-09-11 20:27:26+0000,4179,Eco sueño,Lluvia Club
u164,2026-09-25 13:52:19+0000,4180,Sol mar,Tiempo Sur
u172,2026-09-09 15:48:37+0000,4181,Lluvia fuego,Sueño Band
u063,2026-09-05 12:11:15+0000,4182,Fuego eco,Camino Norte
u041,2026-09-28 20:05:11+0000,4183,Río lluvia,Noche Club
u185,2026-09-02 10:30:01+0000,4184,Tiempo noche,Ciudad Trío
u150,2026-09-06 14:59:30+0000,4185,Mar volcán,Cielo Trío
u154,2026-09-18 13:21:34+0000,4186,Luna lluvia,Cielo Trío
u121,2026-09-08 13:31:39+0000,4187,Fuego mar,Tiempo Club
u013,2026-09-28 10:28:25+0000,4188,Noche luna,Sueño Band
u150,2026-09-02 10:53:02+0000,4189,Mar fuego,Lluvia Trío
u011,2026-09-27 11:04:59+0000,4190,Río luna,Noche Club
u014,2026-09-07 13:17:49+0000,4191,Noche viento,Luna Band
u146,2026-09-05 16:34:54+0000,4192,Noche mar,Eco Norte
u067,2026-09-03 01:13:55+0000,4193,Lluvia tiempo,Lluvia Trío
u076,2026-09-07 12:55:48+0000,4194,Cielo camino,Tiempo Club
u159,2026-09-15 06:34:08+0000,4195,Viento eco,Volcán Sur
u150,2026-09-19 21:58:11+0000,4196,Cielo volcán,Mar Norte
u179,2026-09-10 18:16:19+0000,4197,Sueño ciudad,Horizonte Sur
u168,2026-09-18 22:41:58+0000,4198,Ciudad camino,Mar Club
u119,2026-09-16 05:57:14+0000,4199,Volcán mar,Tiempo Sur
u078,2026-09-27 14:02:03+0000,4200,Noche fuego,Volcán Trío
u019,2026-09-17 17:05:39+0000,4201,Volcán horizonte,Cielo Band
u018,2026-09-15 01:18:38+0000,4202,Viento ciudad,Mar Sur
u097,2026-09-17 08:58:54+0000,4203,Río volcán,Camino Norte
u049,2026-09-17 08:12:57+0000,4204,Cielo ciudad,Mar Club
u160,2026-09-21 16:48:29+0000,4205,Sol río,Mar Sur
u096,2026-09-28 15:44:51+0000,4206,Lluvia ciudad,Fuego Sur
u114,2026-09-20 10:19:07+0000,4207,Volcán horizonte,Cielo Band
u106,2026-09-07 05:03:47+0000,4208,Volcán cielo,Fuego Sur
u026,2026-09-22 13:01:08+0000,4209,Horizonte lluvia,Volcán Trío
u049,2026-09-17 11:43:12+0000,4210,Río ciudad,Mar Sur
u175,2026-09-07 12:07:16+0000,4211,Noche lluvia,Tiempo Club
u049,2026-09-24 08:52:31+0000,4212,Sueño ciudad,Ciudad Trío
u121,2026-09-10 19:32:05+0000,4213,Eco eco,Tiempo Band
u121,2026-09-24 12:58:27+0000,4214,Tiempo lluvia,Cielo Sur
u160,2026-09-13 17:30:38+0000,4215,Viento noche,Cielo Band
u168,2026-09-06 17:36:24+0000,4216,Fuego ciudad,Cielo Band
u191,2026-09-07 11:33:56+0000,4217,Volcán mar,Mar Club
u104,2026-09-04 16:39:14+0000,4218,Fuego noche,Ciudad Trío
u058,2026-09-23 14:09:14+0000,4219,Ciudad luna,Sueño Band
u099,2026-09-29 12:00:50+0000,4220,Cielo ciudad,Cielo Trío
u148,2026-09-20 18:59:51+0000,4221,Noche cielo,Eco Norte
u116,2026-09-19 12:39:10+0000,4222,Tiempo lluvia,Cielo Sur
u175,2026-09-23 18:42:21+0000,4223,Río tiempo,Mar Sur
u185,2026-09-01 04:46:20+0000,4224,Sol río,Cielo Trío
u152,2026-09-23 17:28:31+0000,4225,Noche sol,Cielo Band
u181,2026-09-24 02:11:57+0000,4226,Luna sol,Luna Band
u052,2026-09-23 16:45:42+0000,4227,Cielo río,Mar Band
u016,2026-09-19 14:30:30+0000,4228,Mar volcán,Cielo Trío
u004,2026-09-02 17:37:17+0000,4229,Río luna,Noche Club
u015,2026-09-02 21:14:52+0000,4230,Fuego luna,Cielo Trío
u106,2026-09-24 10:48:18+0000,4231,Horizonte fuego,Lluvia Trío
u115,2026-09-25 17:35:50+0000,4232,Lluvia lluvia,Tiempo Club
u079,2026-09-26 21:46:32+0000,4233,Viento eco,Tiempo Sur
u141,2026-09-29 15:20:02+0000,4234,Ciudad tiempo,Lluvia Trío
u174,2026-09-16 09:51:21+0000,4235,Mar cielo,Fuego Sur
u160,2026-09-09 13:25:27+0000,4236,Mar horizonte,Tiempo Trío
u156,2026-09-06 19:24:03+0000,4237,Ciudad cielo,Eco Norte
u131,2026-09-03 19:56:04+0000,4238,Ciudad lluvia,Mar Band
u148,2026-09-19 10:20:58+0000,4239,Luna eco,Ciudad Trío
u147,2026-09-14 19:11:59+0000,4240,Ciudad tiempo,Lluvia Trío
u072,2026-09-19 02:05:32+0000,4241,Horizonte mar,Viento Norte
u077,2026-09-26 05:41:18+0000,4242,Eco sueño,Lluvia Club
u174,2026-09-30 21:32:04+0000,4243,Ciudad horizonte,Camino Norte
u077,2026-09-06 08:48:46+0000,4244,Noche río,Lluvia Band
u162,2026-09-26 20:48:48+0000,4245,Fuego eco,Camino Norte
u121,2026-09-07 08:13:48+0000,4246,Eco sueño,Lluvia Club
u141,2026-09-14 12:22:35+0000,4247,Tiempo lluvia,Cielo Sur
u103,2026-09-08 07:53:25+0000,4248,Lluvia mar,Sueño Band
u046,2026-09-09 12:09:04+0000,4249,Ciudad mar,Cielo Band
u092,2026-09-14 09:59:50+0000,4250,Volcán camino,Tiempo Club
u008,2026-09-23 10:43:43+0000,4251,Noche luna,Sueño Band
u049,2026-09-15 16:43:54+0000,4252,Lluvia noche,Tiempo Club
u192,2026-09-16 13:52:57+0000,4253,Camino fuego,Mar Band
u026,2026-09-04 12:59:09+0000,4254,Mar fuego,Lluvia Sur
u195,2026-09-27 18:18:25+0000,4255,Horizonte viento,Mar Club
u030,2026-09-07 11:45:48+0000,4256,Cielo río,Mar Band
u141,2026-09-18 12:50:44+0000,4257,Camino fuego,Cielo Sur
u131,2026-09-03 13:44:04+0000,4258,Río cielo,Tiempo Sur
u045,2026-09-14 01:56:16+0000,4259,Volcán lluvia,Ciudad Band
u098,2026-09-12 18:33:31+0000,4260,Sueño ciudad,Ciudad Trío
u051,2026-09-20 16:31:33+0000,4261,Luna cielo,Noche Club
u115,2026-09-15 20:05:46+0000,4262,Volcán sueño,Lluvia Sur
u197,2026-09-28 13:23:38+0000,4263,Cielo tiempo,Lluvia Club
u145,2026-09-01 19:26:51+0000,4264,Camino fuego,Cielo Sur
u150,2026-09-11 09:50:48+0000,4265,Ciudad tiempo,Mar Club
u010,2026-09-02 15:26:21+0000,4266,Horizonte viento,Eco Norte
u003,2026-09-07 00:29:39+0000,4267,Lluvia noche,Tiempo Club
u124,2026-09-24 09:44:04+0000,4268,Río ciudad,Mar Sur
u046,2026-09-12 19:28:50+0000,4269,Luna eco,Ciudad Trío
u098,2026-09-23 14:00:54+0000,4270,Lluvia mar,Sueño Band
u178,2026-09-23 17:36:20+0000,4271,Horizonte viento,Mar Club
u082,2026-09-18 12:30:03+0000,4272,Volcán mar,Tiempo Sur
u088,2026-09-19 23:46:24+0000,4273,Tiempo fuego,Volcán Trío
u150,2026-09-09 13:44:24+0000,4274,Sueño fuego,Eco Norte
u195,2026-09-05 20:11:47+0000,4275,Tiempo sueño,Luna Sur
u178,2026-09-23 15:11:17+0000,4276,Ciudad camino,Noche Club
u185,2026-09-15 21:49:23+0000,4277,Río cielo,Tiempo Club
u076,2026-09-11 08:51:53+0000,4278,Río lluvia,Noche Club
u134,2026-09-26 17:26:16+0000,4279,Lluvia sol,Lluvia Sur
u171,2026-09-25 13:44:40+0000,4280,Fuego eco,Camino Norte
u157,2026-09-02 17:30:29+0000,4281,Noche eco,Ciudad Trío
u022,2026-09-22 04:46:26+0000,4282,Lluvia fuego,Sueño Band
u137,2026-09-21 17:36:55+0000,4283,Noche fuego,Volcán Trío
u015,2026-09-03 09:57:15+0000,4284,Noche viento,Mar Club
u154,2026-09-03 14:04:24+0000,4285,Ciudad fuego,Ciudad Band
u035,2026-09-25 19:49:38+0000,4286,Noche ciudad,Horizonte Trío
u023,2026-09-02 17:53:00+0000,4287,Mar fuego,Lluvia Trío
u058,2026-09-08 19:17:25+0000,4288,Viento ciudad,Lluvia Trío
u154,2026-09-06 16:02:59+0000,4289,Ciudad camino,Noche Club
u199,2026-09-29 19:07:33+0000,4290,Fuego horizonte,Lluvia Band
u160,2026-09-01 11:18:43+0000,4291,Camino lluvia,Viento Band
u031,2026-09-07 10:25:18+0000,4292,Mar volcán,Cielo Trío
u188,2026-09-24 08:23:17+0000,4293,Sueño ciudad,Eco Norte
u149,2026-09-02 13:08:28+0000,4294,Noche ciudad,Cielo Trío
u162,2026-09-22 02:36:45+0000,4295,Cielo ciudad,Cielo Trío
u157,2026-09-09 07:50:48+0000,4296,Lluvia noche,Tiempo Club
u002,2026-09-29 20:33:55+0000,4297,Camino río,Ciudad Trío
u157,2026-09-07 15:24:32+0000,4298,Ciudad mar,Cielo Band
u077,2026-09-29 08:06:18+0000,4299,Cielo fuego,Ciudad Trío
u103,2026-09-18 15:04:45+0000,4300,Lluvia mar,Sueño Band
u111,2026-09-27 18:52:34+0000,4301,Volcán luna,Mar Norte
u116,2026-09-19 11:16:38+0000,4302,Cielo tiempo,Lluvia Club
u116,2026-09-10 22:52:13+0000,4303,Noche lluvia,Volcán Norte
u038,2026-09-09 13:21:16+0000,4304,Horizonte sueño,Cielo Trío
u086,2026-09-07 23:03:48+0000,4305,Fuego horizonte,Noche Club
u118,2026-09-13 18:22:41+0000,4306,Noche lluvia,Tiempo Club
u195,2026-09-08 15:47:26+0000,4307,Camino fuego,Lluvia Sur
u017,2026-09-30 17:28:20+0000,4308,Tiempo horizonte,Eco Norte
u079,2026-09-26 05:08:37+0000,4309,Tiempo horizonte,Viento Band
u131,2026-09-05 19:26:04+0000,4310,Camino volcán,Eco Norte
u191,2026-09-27 15:43:01+0000,4311,Cielo noche,Lluvia Trío
u036,2026-09-12 21:25:56+0000,4312,Río sueño,Eco Norte
u124,2026-09-03 13:14:03+0000,4313,Río noche,Lluvia Band
u038,2026-09-27 13:31:18+0000,4314,Noche lluvia,Volcán Norte
u087,2026-09-14 16:39:07+0000,4315,Volcán lluvia,Ciudad Band
u087,2026-09-25 13:51:13+0000,4316,Eco cielo,Tiempo Club
u097,2026-09-11 14:28:11+0000,4317,Ciudad mar,Cielo Band
u195,2026-09-16 00:05:18+0000,4318,Mar camino,Volcán Norte
u035,2026-09-07 07:48:04+0000,4319,Cielo ciudad,Mar Club
u023,2026-09-23 03:28:52+0000,4320,Mar sueño,Mar Band
u155,2026-09-19 09:15:30+0000,4321,Sueño ciudad,Horizonte Sur
u142,2026-09-02 15:13:42+0000,4322,Fuego noche,Ciudad Trío
u056,2026-09-08 15:03:07+0000,4323,Sueño viento,Horizonte Sur
u099,2026-09-30 10:31:49+0000,4324,Cielo camino,Tiempo Club
u026,2026-09-24 14:35:25+0000,4325,Viento ciudad,Mar Sur
u110,2026-09-06 07:47:29+0000,4326,Tiempo horizonte,Viento Band
u077,2026-09-03 13:47:35+0000,4327,Sol río,Cielo Trío
u003,2026-09-19 15:09:53+0000,4328,Mar mar,Viento Norte
u118,2026-09-01 05:47:21+0000,4329,Lluvia luna,Mar Norte
u081,2026-09-03 15:17:47+0000,4330,Volcán ciudad,Lluvia Trío
u172,2026-09-21 22:36:16+0000,4331,Lluvia tiempo,Ciudad Trío
u006,2026-09-10 21:42:30+0000,4332,Fuego río,Mar Band
u128,2026-09-14 11:05:53+0000,4333,Cielo noche,Tiempo Band
u075,2026-09-15 15:13:30+0000,4334,Ciudad fuego,Ciudad Band
u131,2026-09-23 19:53:53+0000,4335,Luna eco,Ciudad Trío
u099,2026-09-29 20:54:06+0000,4336,Tiempo mar,Mar Sur
u137,2026-09-05 13:04:41+0000,4337,Viento noche,Cielo Trío
u090,2026-09-22 21:04:25+0000,4338,Ciudad tiempo,Lluvia Trío
u035,2026-09-20 15:55:08+0000,4339,Mar horizonte,Lluvia Club
u078,2026-09-09 22:17:00+0000,4340,Luna ciudad,Lluvia Sur
u119,2026-09-09 20:28:46+0000,4341,Sueño ciudad,Horizonte Sur
u047,2026-09-03 19:58:07+0000,4342,Mar luna,Lluvia Trío
u083,2026-09-23 21:39:06+0000,4343,Viento ciudad,Lluvia Trío
u071,2026-09-04 18:53:29+0000,4344,Lluvia cielo,Lluvia Club
u126,2026-09-10 04:33:39+0000,4345,Noche ciudad,Horizonte Trío
u127,2026-09-27 19:17:03+0000,4346,Río sueño,Fuego Trío
u147,2026-09-03 18:09:22+0000,4347,Río cielo,Tiempo Sur
u057,2026-09-13 21:08:17+0000,4348,Camino eco,Lluvia Trío
u133,2026-09-26 21:00:06+0000,4349,Luna lluvia,Cielo Trío
u193,2026-09-21 15:24:48+0000,4350,Horizonte lluvia,Sueño Band
u088,2026-09-25 18:16:42+0000,4351,Ciudad ciudad,Tiempo Trío
u023,2026-09-17 15:21:48+0000,4352,Río volcán,Camino Norte
u029,2026-09-11 11:12:20+0000,4353,Eco río,Horizonte Sur
u019,2026-09-02 23:02:09+0000,4354,Noche sol,Cielo Band
u101,2026-09-10 06:08:33+0000,4355,Volcán volcán,Tiempo Band
u116,2026-09-01 18:49:23+0000,4356,Mar mar,Tiempo Band
u125,2026-09-26 16:16:26+0000,4357,Noche sol,Cielo Band
u028,2026-09-08 02:31:58+0000,4358,Lluvia cielo,Lluvia Club
u086,2026-09-14 21:45:12+0000,4359,Tiempo horizonte,Volcán Sur
u037,2026-09-29 11:20:06+0000,4360,Lluvia mar,Sueño Band
u181,2026-09-22 08:19:54+0000,4361,Volcán lluvia,Ciudad Band
u070,2026-09-27 12:39:15+0000,4362,Horizonte viento,Eco Norte
u083,2026-09-17 17:41:19+0000,4363,Río tiempo,Mar Sur
u162,2026-09-03 12:36:33+0000,4364,Río sueño,Eco Norte
u084,2026-09-30 19:38:16+0000,4365,Río volcán,Camino Norte
u084,2026-09-12 15:04:42+0000,4366,Luna cielo,Noche Club
u041,2026-09-14 15:03:54+0000,4367,Mar cielo,Viento Band
u131,2026-09-01 16:10:14+0000,4368,Tiempo ciudad,Fuego Sur
u078,2026-09-02 00:10:18+0000,4369,Tiempo horizonte,Viento Band
u187,2026-09-20 09:36:15+0000,4370,Tiempo fuego,Volcán Trío
u146,2026-09-02 17:13:29+0000,4371,Sueño camino,Volcán Sur
u101,2026-09-17 08:47:07+0000,4372,Luna mar,Ciudad Trío
u034,2026-09-26 09:27:30+0000,4373,Tiempo mar,Mar Sur
u019,2026-09-16 10:04:09+0000,4374,Camino lluvia,Tiempo Sur
u111,2026-09-07 09:32:09+0000,4375,Río lluvia,Noche Club
u127,2026-09-15 18:38:27+0000,4376,Tiempo volcán,Lluvia Trío
u032,2026-09-18 19:09:52+0000,4377,Lluvia lluvia,Tiempo Club
u196,2026-09-18 13:36:18+0000,4378,Cielo noche,Lluvia Trío
u111,2026-09-18 13:09:40+0000,4379,Volcán noche,Volcán Sur
u088,2026-09-24 06:26:39+0000,4380,Luna tiempo,Cielo Band
u003,2026-09-30 09:07:44+0000,4381,Horizonte sol,Mar Club
u156,2026-09-02 18:35:58+0000,4382,Horizonte sueño,Cielo Trío
u130,2026-09-04 19:13:38+0000,4383,Cielo ciudad,Tiempo Sur
u179,2026-09-18 19:51:45+0000,4384,Volcán sueño,Lluvia Sur
u087,2026-09-11 16:15:07+0000,4385,Cielo camino,Tiempo Club
u165,2026-09-04 12:23:41+0000,4386,Noche mar,Eco Norte
u071,2026-09-27 10:55:26+0000,4387,Río lluvia,Camino Norte
u092,2026-09-01 21:50:38+0000,4388,Río sueño,Fuego Trío
u088,2026-09-08 15:56:16+0000,4389,Eco sueño,Lluvia Club
u145,2026-09-27 18:41:42+0000,4390,Viento eco,Tiempo Sur
u131,2026-09-06 20:39:53+0000,4391,Mar volcán,Lluvia Sur
u075,2026-09-10 08:51:05+0000,4392,Río sueño,Eco Norte
u189,2026-09-14 13:46:23+0000,4393,Tiempo horizonte,Eco Norte
u178,2026-09-02 16:25:56+0000,4394,Luna sueño,Eco Norte
u051,2026-09-03 14:37:02+0000,4395,Viento noche,Cielo Trío
u077,2026-09-28 07:06:54+0000,4396,Horizonte sueño,Fuego Sur
u056,2026-09-14 19:45:10+0000,4397,Viento horizonte,Camino Norte
u116,2026-09-14 15:01:27+0000,4398,Volcán mar,Mar Club
u088,2026-09-18 08:00:33+0000,4399,Mar cielo,Fuego Sur
u070,2026-09-09 19:55:03+0000,4400,Camino cielo,Ciudad Trío
u031,2026-09-12 11:40:28+0000,4401,Horizonte viento,Cielo Trío
u030,2026-09-05 15:43:46+0000,4402,Volcán horizonte,Cielo Band
u086,2026-09-07 14:00:48+0000,4403,Sol lluvia,Camino Norte
u076,2026-09-04 13:08:43+0000,4404,Tiempo sol,Tiempo Trío
u017,2026-09-15 13:09:04+0000,4405,Camino horizonte,Tiempo Band
u191,2026-09-27 09:09:24+0000,4406,Noche horizonte,Lluvia Band
u172,2026-09-24 17:57:19+0000,4407,Fuego cielo,Cielo Sur
u164,2026-09-30 18:52:39+0000,4408,Sueño ciudad,Eco Norte
u067,2026-09-28 03:47:24+0000,4409,Lluvia mar,Sueño Band
u035,2026-09-17 20:21:01+0000,4410,Noche horizonte,Lluvia Band
u133,2026-09-16 12:23:23+0000,4411,Viento lluvia,Mar Norte
u131,2026-09-13 14:09:13+0000,4412,Sueño tiempo,Lluvia Trío
u110,2026-09-16 22:59:08+0000,4413,Sueño sueño,Tiempo Sur
u106,2026-09-20 06:59:44+0000,4414,Río luna,Volcán Norte
u191,2026-09-26 08:06:02+0000,4415,Noche volcán,Horizonte Sur
u146,2026-09-20 13:55:10+0000,4416,Viento eco,Volcán Sur
u106,2026-09-10 12:24:40+0000,4417,Luna sol,Luna Band
u188,2026-09-28 07:59:25+0000,4418,Volcán fuego,Sueño Band
u028,2026-09-08 12:41:51+0000,4419,Eco fuego,Volcán Sur
u023,2026-09-19 11:08:46+0000,4420,Río volcán,Camino Norte
u192,2026-09-17 16:43:31+0000,4421,Sueño sol,Mar Sur
u115,2026-09-23 09:29:31+0000,4422,Volcán ciudad,Lluvia Trío
u157,2026-09-29 10:51:14+0000,4423,Mar cielo,Ciudad Trío
u018,2026-09-26 06:12:17+0000,4424,Lluvia ciudad,Luna Sur
u093,2026-09-22 07:27:40+0000,4425,Luna ciudad,Volcán Trío
u108,2026-09-28 11:46:05+0000,4426,Eco sueño,Lluvia Club
u173,2026-09-11 14:16:31+0000,4427,Noche ciudad,Ciudad Trío
u086,2026-09-08 20:22:27+0000,4428,Viento ciudad,Tiempo Club
u078,2026-09-07 09:42:09+0000,4429,Camino camino,Luna Sur
u171,2026-09-26 16:27:50+0000,4430,Horizonte fuego,Lluvia Trío
u195,2026-09-27 13:53:51+0000,4431,Fuego noche,Ciudad Trío
u108,2026-09-02 09:46:46+0000,4432,Lluvia luna,Tiempo Trío
u067,2026-09-05 19:15:38+0000,4433,Noche mar,Eco Norte
u093,2026-09-27 08:59:31+0000,4434,Sueño tiempo,Lluvia Trío
u158,2026-09-10 10:49:00+0000,4435,Mar cielo,Viento Band
u037,2026-09-16 05:10:47+0000,4436,Lluvia tiempo,Ciudad Trío
u169,2026-09-09 11:42:37+0000,4437,Sol tiempo,Ciudad Trío
u050,2026-09-14 17:38:18+0000,4438,Ciudad horizonte,Camino Norte
u013,2026-09-06 21:24:27+0000,4439,Noche ciudad,Cielo Trío
u022,2026-09-23 14:29:23+0000,4440,Fuego noche,Ciudad Trío
u130,2026-09-06 13:49:12+0000,4441,Ciudad lluvia,Mar Band
u118,2026-09-09 09:21:24+0000,4442,Eco cielo,Mar Band
u002,2026-09-11 01:36:22+0000,4443,Horizonte mar,Eco Norte
u037,2026-09-14 12:04:35+0000,4444,Lluvia noche,Tiempo Club
u084,2026-09-28 11:24:48+0000,4445,Volcán camino,Tiempo Club
u175,2026-09-28 19:44:13+0000,4446,Viento ciudad,Lluvia Trío
u121,2026-09-22 20:49:41+0000,4447,Noche mar,Eco Norte
u117,2026-09-15 07:01:20+0000,4448,Viento ciudad,Tiempo Club
u063,2026-09-19 15:25:26+0000,4449,Noche lluvia,Sueño Band
u191,2026-09-03 11:54:52+0000,4450,Fuego noche,Ciudad Trío
u145,2026-09-23 17:01:15+0000,4451,Río tiempo,Mar Sur
u053,2026-09-06 07:10:01+0000,4452,Mar sueño,Mar Band
u192,2026-09-28 12:19:39+0000,4453,Cielo ciudad,Mar Club
u106,2026-09-23 08:19:08+0000,4454,Fuego noche,Lluvia Trío
u168,2026-09-13 07:45:32+0000,4455,Cielo río,Mar Band
u172,2026-09-25 11:36:13+0000,4456,Fuego ciudad,Cielo Sur
u156,2026-09-18 12:07:29+0000,4457,Lluvia cielo,Horizonte Trío
u016,2026-09-13 12:40:20+0000,4458,Volcán horizonte,Noche Club
u007,2026-09-15 14:26:21+0000,4459,Cielo río,Cielo Trío
u155,2026-09-13 14:09:49+0000,4460,Viento noche,Cielo Trío
u154,2026-09-02 18:29:47+0000,4461,Río cielo,Tiempo Sur
u132,2026-09-01 13:18:38+0000,4462,Lluvia cielo,Horizonte Trío
u110,2026-09-03 11:04:42+0000,4463,Volcán horizonte,Noche Club
u096,2026-09-04 10:45:06+0000,4464,Ciudad tiempo,Tiempo Band
u070,2026-09-06 18:49:43+0000,4465,Noche volcán,Horizonte Sur
u137,2026-09-30 07:25:03+0000,4466,Tiempo noche,Eco Norte
u031,2026-09-17 08:06:06+0000,4467,Lluvia cielo,Lluvia Club
u185,2026-09-18 13:22:18+0000,4468,Sol tiempo,Ciudad Trío
u172,2026-09-21 10:36:15+0000,4469,Río volcán,Camino Norte
u030,2026-09-18 18:05:32+0000,4470,Tiempo viento,Lluvia Trío
u124,2026-09-24 09:29:56+0000,4471,Tiempo sueño,Luna Sur
u180,2026-09-02 07:07:05+0000,4472,Fuego tiempo,Lluvia Sur
u159,2026-09-22 16:01:59+0000,4473,Mar horizonte,Tiempo Trío
u148,2026-09-17 15:28:53+0000,4474,Volcán camino,Tiempo Club
u162,2026-09-27 03:01:59+0000,4475,Mar fuego,Lluvia Sur
u087,2026-09-17 07:13:05+0000,4476,Volcán camino,Tiempo Club
u058,2026-09-27 04:24:24+0000,4477,Mar viento,Tiempo Sur
u087,2026-09-15 10:38:31+0000,4478,Sueño camino,Volcán Sur
u158,2026-09-17 10:02:59+0000,4479,Noche luna,Sueño Band
u172,2026-09-10 04:53:41+0000,4480,Horizonte sol,Mar Club
u111,2026-09-04 17:02:01+0000,4481,Lluvia cielo,Horizonte Trío
u087,2026-09-16 21:03:53+0000,4482,Sol cielo,Lluvia Sur
u037,2026-09-13 11:17:56+0000,4483,Ciudad camino,Mar Club
u066,2026-09-03 23:10:54+0000,4484,Volcán horizonte,Noche Club
u056,2026-09-30 08:11:08+0000,4485,Lluvia tiempo,Ciudad Trío
u191,2026-09-04 20:26:24+0000,4486,Ciudad cielo,Mar Norte
u079,2026-09-15 12:25:29+0000,4487,Cielo noche,Tiempo Band
u042,2026-09-18 23:30:27+0000,4488,Río luna,Noche Club
u064,2026-09-18 13:58:52+0000,4489,Ciudad mar,Cielo Band
u006,2026-09-23 17:45:18+0000,4490,Cielo ciudad,Cielo Trío
u033,2026-09-30 09:40:28+0000,4491,Noche horizonte,Lluvia Band
u160,2026-09-18 18:48:38+0000,4492,Horizonte fuego,Volcán Sur
u192,2026-09-15 07:31:31+0000,4493,Fuego eco,Camino Norte
u014,2026-09-05 12:01:27+0000,4494,Cielo viento,Cielo Sur
u146,2026-09-11 15:05:06+0000,4495,Noche volcán,Horizonte Sur
u154,2026-09-20 19:26:03+0000,4496,Viento ciudad,Lluvia Trío
u046,2026-09-18 17:52:20+0000,4497,Río ciudad,Mar Sur
u175,2026-09-16 06:43:26+0000,4498,Cielo noche,Tiempo Band
u031,2026-09-07 09:28:41+0000,4499,Fuego mar,Tiempo Club
u150,2026-09-16 07:42:45+0000,4500,Sueño camino,Volcán Sur
u052,2026-09-14 07:17:07+0000,4501,Cielo tiempo,Lluvia Club
u105,2026-09-15 15:42:56+0000,4502,Mar horizonte,Tiempo Trío
u095,2026-09-03 17:27:33+0000,4503,Sueño camino,Volcán Sur
u145,2026-09-27 18:52:08+0000,4504,Eco mar,Tiempo Band
u132,2026-09-19 18:05:16+0000,4505,Noche viento,Mar Club
u006,2026-09-26 17:38:47+0000,4506,Camino cielo,Ciudad Trío
u049,2026-09-25 17:52:48+0000,4507,Volcán mar,Cielo Trío
u179,2026-09-01 11:08:48+0000,4508,Fuego noche,Ciudad Trío
u031,2026-09-21 07:54:15+0000,4509,Lluvia eco,Lluvia Club
u020,2026-09-30 13:45:59+0000,4510,Fuego sol,Ciudad Trío
u061,2026-09-25 13:03:58+0000,4511,Eco sueño,Lluvia Club
u088,2026-09-21 23:03:16+0000,4512,Viento lluvia,Mar Norte
u192,2026-09-23 01:59:24+0000,4513,Mar cielo,Fuego Sur
u056,2026-09-27 10:27:55+0000,4514,Río sueño,Eco Norte
u160,2026-09-27 12:11:40+0000,4515,Cielo tiempo,Lluvia Club
u179,2026-09-09 05:50:02+0000,4516,Tiempo viento,Lluvia Trío
u192,2026-09-29 11:05:10+0000,4517,Luna noche,Camino Norte
u106,2026-09-16 21:47:35+0000,4518,Ciudad tiempo,Noche Club
u106,2026-09-12 17:13:34+0000,4519,Río sueño,Ciudad Band
u162,2026-09-06 23:17:12+0000,4520,Camino fuego,Cielo Sur
u139,2026-09-24 11:54:44+0000,4521,Mar volcán,Cielo Trío
u122,2026-09-04 19:39:13+0000,4522,Cielo noche,Viento Norte
u119,2026-09-30 17:56:52+0000,4523,Fuego noche,Ciudad Trío
u068,2026-09-15 18:50:46+0000,4524,Luna sol,Luna Band
u195,2026-09-19 16:54:17+0000,4525,Lluvia ciudad,Luna Sur
u111,2026-09-27 11:46:39+0000,4526,Cielo río,Cielo Trío
u156,2026-09-21 17:22:52+0000,4527,Cielo camino,Tiempo Club
u111,2026-09-12 06:22:20+0000,4528,Río noche,Lluvia Band
u016,2026-09-16 11:58:17+0000,4529,Río sol,Sueño Band
u131,2026-09-17 08:21:44+0000,4530,Ciudad cielo,Mar Norte
u119,2026-09-09 20:21:13+0000,4531,Cielo ciudad,Cielo Trío
u059,2026-09-14 07:40:51+0000,4532,Volcán lluvia,Ciudad Band
u075,2026-09-04 02:59:46+0000,4533,Fuego sol,Ciudad Trío
u033,2026-09-08 09:55:58+0000,4534,Mar fuego,Lluvia Sur
u106,2026-09-04 00:03:30+0000,4535,Luna luna,Sueño Band
u097,2026-09-13 19:02:17+0000,4536,Luna cielo,Noche Club
u120,2026-09-21 12:07:23+0000,4537,Cielo río,Mar Band
u153,2026-09-03 21:49:23+0000,4538,Noche cielo,Eco Norte
u084,2026-09-01 19:28:18+0000,4539,Fuego tiempo,Volcán Sur
u097,2026-09-01 21:24:21+0000,4540,Fuego tiempo,Lluvia Sur
u156,2026-09-12 16:53:45+0000,4541,Horizonte lluvia,Volcán Trío
u034,2026-09-05 08:17:21+0000,4542,Cielo río,Tiempo Trío
u128,2026-09-03 17:41:17+0000,4543,Sol mar,Horizonte Sur
u078,2026-09-23 20:49:06+0000,4544,Cielo fuego,Ciudad Trío
u058,2026-09-02 16:11:45+0000,4545,Lluvia fuego,Sueño Band
u156,2026-09-03 18:51:16+0000,4546,Luna ciudad,Lluvia Sur
u103,2026-09-25 22:19:27+0000,4547,Volcán lluvia,Ciudad Band
u167,2026-09-10 13:27:40+0000,4548,Luna viento,Lluvia Trío
u150,2026-09-23 21:09:12+0000,4549,Fuego eco,Camino Norte
u176,2026-09-26 09:02:45+0000,4550,Camino viento,Viento Band
u097,2026-09-03 12:59:12+0000,4551,Mar mar,Viento Norte
u150,2026-09-03 09:32:26+0000,4552,Noche ciudad,Tiempo Sur
u172,2026-09-16 12:22:57+0000,4553,Lluvia luna,Mar Norte
u171,2026-09-29 14:25:48+0000,4554,Tiempo horizonte,Viento Band
u024,2026-09-20 15:12:19+0000,4555,Noche cielo,Eco Norte
u175,2026-09-18 20:03:53+0000,4556,Tiempo viento,Lluvia Trío
u146,2026-09-13 21:55:46+0000,4557,Noche ciudad,Ciudad Trío
u134,2026-09-27 20:31:23+0000,4558,Mar volcán,Cielo Trío
u077,2026-09-24 05:36:59+0000,4559,Eco cielo,Mar Band
u074,2026-09-08 15:48:46+0000,4560,Mar eco,Horizonte Sur
u128,2026-09-21 12:50:34+0000,4561,Viento ciudad,Lluvia Trío
u188,2026-09-29 15:35:42+0000,4562,Mar horizonte,Lluvia Club
u169,2026-09-05 16:54:42+0000,4563,Noche luna,Sueño Band
u053,2026-09-23 19:50:41+0000,4564,Lluvia lluvia,Luna Band
u169,2026-09-15 15:59:17+0000,4565,Cielo viento,Volcán Norte
u111,2026-09-07 09:54:11+0000,4566,Río río,Lluvia Band
u030,2026-09-10 17:40:04+0000,4567,Viento noche,Cielo Trío
u109,2026-09-29 00:04:09+0000,4568,Mar viento,Tiempo Sur
u141,2026-09-26 23:46:35+0000,4569,Noche viento,Luna Band
u189,2026-09-24 21:03:24+0000,4570,Fuego viento,Lluvia Club
u111,2026-09-04 21:23:24+0000,4571,Sol mar,Horizonte Sur
u131,2026-09-03 08:38:52+0000,4572,Sol ciudad,Cielo Trío
u115,2026-09-23 11:20:45+0000,4573,Sol río,Mar Sur
u045,2026-09-10 16:25:03+0000,4574,Tiempo sol,Tiempo Trío
u016,2026-09-14 16:42:07+0000,4575,Lluvia cielo,Lluvia Club
u066,2026-09-15 07:09:25+0000,4576,Camino lluvia,Viento Band
u144,2026-09-21 16:09:55+0000,4577,Horizonte fuego,Lluvia Trío
u050,2026-09-21 09:31:38+0000,4578,Cielo ciudad,Cielo Trío
u121,2026-09-07 13:57:55+0000,4579,Ciudad luna,Sueño Band
u056,2026-09-22 18:41:55+0000,4580,Tiempo sol,Mar Norte
u047,2026-09-02 04:17:20+0000,4581,Lluvia lluvia,Tiempo Club
u038,2026-09-07 20:34:49+0000,4582,Camino cielo,Ciudad Trío
u082,2026-09-28 09:57:23+0000,4583,Volcán fuego,Luna Band
u041,2026-09-21 06:52:09+0000,4584,Lluvia lluvia,Tiempo Club
u077,2026-09-14 08:39:00+0000,4585,Camino lluvia,Viento Band
u116,2026-09-28 21:24:35+0000,4586,Lluvia mar,Sueño Band
u106,2026-09-01 12:11:53+0000,4587,Viento camino,Ciudad Trío
u139,2026-09-10 15:07:18+0000,4588,Viento ciudad,Mar Sur
u070,2026-09-20 00:37:46+0000,4589,Camino tiempo,Cielo Sur
u123,2026-09-06 08:16:54+0000,4590,Ciudad tiempo,Lluvia Trío
u094,2026-09-11 21:48:32+0000,4591,Tiempo fuego,Volcán Trío
u121,2026-09-15 09:34:12+0000,4592,Camino viento,Mar Band
u035,2026-09-28 06:59:08+0000,4593,Ciudad luna,Sueño Band
u148,2026-09-04 03:46:35+0000,4594,Noche ciudad,Sueño Band
u060,2026-09-05 13:29:22+0000,4595,Fuego eco,Camino Norte
u066,2026-09-16 15:05:34+0000,4596,Volcán lluvia,Ciudad Band
u172,2026-09-18 09:46:06+0000,4597,Tiempo sol,Mar Norte
u024,2026-09-13 10:05:22+0000,4598,Cielo tiempo,Lluvia Club
u031,2026-09-30 12:38:01+0000,4599,Tiempo lluvia,Cielo Sur
u174,2026-09-23 11:21:55+0000,4600,Lluvia ciudad,Luna Sur
u019,2026-09-15 10:04:05+0000,4601,Luna tiempo,Cielo Band
u050,2026-09-16 08:36:15+0000,4602,Río luna,Lluvia Club
u139,2026-09-05 16:09:56+0000,4603,Ciudad ciudad,Tiempo Trío
u133,2026-09-07 17:01:55+0000,4604,Lluvia ciudad,Luna Sur
u038,2026-09-14 10:16:02+0000,4605,Mar luna,Lluvia Trío
u019,2026-09-01 20:11:46+0000,4606,Volcán volcán,Tiempo Band
u167,2026-09-22 09:31:22+0000,4607,Noche lluvia,Volcán Norte
u133,2026-09-20 20:30:55+0000,4608,Mar cielo,Ciudad Trío
u090,2026-09-25 09:41:12+0000,4609,Tiempo sol,Tiempo Trío
u105,2026-09-11 19:51:33+0000,4610,Volcán volcán,Tiempo Band
u002,2026-09-03 17:20:57+0000,4611,Tiempo fuego,Volcán Trío
u090,2026-09-15 14:57:45+0000,4612,Volcán viento,Volcán Sur
u038,2026-09-21 19:13:41+0000,4613,Camino tiempo,Cielo Sur
u064,2026-09-22 08:48:40+0000,4614,Lluvia tiempo,Lluvia Trío
u114,2026-09-11 22:28:23+0000,4615,Noche mar,Eco Norte
u156,2026-09-15 21:38:19+0000,4616,Tiempo lluvia,Cielo Sur
u179,2026-09-17 14:33:11+0000,4617,Horizonte mar,Eco Norte
u117,2026-09-17 14:05:31+0000,4618,Cielo noche,Tiempo Band
u128,2026-09-04 11:19:13+0000,4619,Noche viento,Mar Club
u031,2026-09-28 17:27:22+0000,4620,Horizonte sueño,Ciudad Band
u029,2026-09-28 13:05:12+0000,4621,Horizonte sueño,Fuego Sur
u094,2026-09-11 17:36:45+0000,4622,Eco cielo,Mar Band
u083,2026-09-10 21:02:29+0000,4623,Cielo río,Tiempo Trío
u072,2026-09-22 07:29:30+0000,4624,Ciudad camino,Mar Club
u183,2026-09-12 23:58:51+0000,4625,Luna lluvia,Cielo Trío
u160,2026-09-11 09:21:44+0000,4626,Mar viento,Tiempo Sur
u121,2026-09-30 14:32:16+0000,4627,Noche sol,Cielo Band
u122,2026-09-27 13:30:53+0000,4628,Lluvia sol,Tiempo Sur
u185,2026-09-07 18:52:56+0000,4629,Horizonte viento,Cielo Trío
u052,2026-09-10 05:08:25+0000,4630,Ciudad mar,Cielo Band
u049,2026-09-05 17:50:30+0000,4631,Noche ciudad,Sueño Band
u170,2026-09-16 11:24:16+0000,4632,Viento noche,Cielo Trío
u125,2026-09-30 09:24:03+0000,4633,Fuego eco,Camino Norte
u186,2026-09-22 21:05:16+0000,4634,Luna viento,Lluvia Trío
u191,2026-09-09 04:50:09+0000,4635,Horizonte lluvia,Sueño Band
u031,2026-09-22 07:56:23+0000,4636,Fuego viento,Mar Club
u108,2026-09-03 21:35:29+0000,4637,Ciudad horizonte,Camino Norte
u168,2026-09-09 16:12:52+0000,4638,Tiempo noche,Eco Norte
u182,2026-09-16 22:02:14+0000,4639,Horizonte lluvia,Volcán Trío
u072,2026-09-22 19:56:52+0000,4640,Horizonte ciudad,Tiempo Trío
u104,2026-09-21 19:01:05+0000,4641,Sueño camino,Volcán Sur
u160,2026-09-19 23:57:12+0000,4642,Lluvia cielo,Viento Norte
u180,2026-09-12 15:07:03+0000,4643,Fuego mar,Tiempo Club
u118,2026-09-28 12:41:23+0000,4644,Fuego tiempo,Lluvia Sur
u194,2026-09-24 17:46:31+0000,4645,Camino fuego,Cielo Sur
u070,2026-09-22 10:00:40+0000,4646,Horizonte viento,Cielo Trío
u054,2026-09-19 10:10:35+0000,4647,Fuego noche,Lluvia Trío
u099,2026-09-15 18:31:34+0000,4648,Mar horizonte,Tiempo Trío
u160,2026-09-03 21:15:31+0000,4649,Horizonte mar,Eco Norte
u087,2026-09-24 19:36:35+0000,4650,Mar ciudad,Noche Club
u145,2026-09-30 08:36:37+0000,4651,Tiempo mar,Mar Sur
u165,2026-09-30 09:50:32+0000,4652,Mar sueño,Mar Band
u016,2026-09-10 05:46:10+0000,4653,Río sueño,Fuego Trío
u162,2026-09-03 13:54:07+0000,4654,Noche río,Lluvia Band
u096,2026-09-05 13:25:48+0000,4655,Noche fuego,Volcán Trío
u173,2026-09-02 18:39:22+0000,4656,Mar ciudad,Noche Club
u089,2026-09-08 20:56:13+0000,4657,Fuego horizonte,Noche Club
u120,2026-09-19 08:09:17+0000,4658,Mar fuego,Lluvia Sur
u030,2026-09-30 07:20:20+0000,4659,Fuego viento,Mar Club
u095,2026-09-27 08:46:45+0000,4660,Camino lluvia,Viento Band
u106,2026-09-14 07:04:55+0000,4661,Lluvia noche,Tiempo Club
u122,2026-09-21 18:53:51+0000,4662,Horizonte mar,Viento Norte
u010,2026-09-06 13:16:36+0000,4663,Sueño ciudad,Ciudad Trío
u058,2026-09-13 13:18:24+0000,4664,Mar viento,Tiempo Sur
u199,2026-09-03 08:45:41+0000,4665,Sol ciudad,Cielo Trío
u172,2026-09-11 15:08:58+0000,4666,Mar volcán,Cielo Trío
u145,2026-09-10 14:04:11+0000,4667,Horizonte fuego,Lluvia Trío
u022,2026-09-11 14:14:35+0000,4668,Tiempo río,Eco Norte
u160,2026-09-28 19:42:04+0000,4669,Tiempo horizonte,Eco Norte
u070,2026-09-24 12:36:38+0000,4670,Luna eco,Ciudad Trío
u063,2026-09-10 09:41:53+0000,4671,Río lluvia,Camino Norte
u054,2026-09-05 09:38:13+0000,4672,Tiempo sol,Mar Norte
u103,2026-09-24 12:51:03+0000,4673,Volcán lluvia,Ciudad Band
u051,2026-09-12 15:11:00+0000,4674,Tiempo mar,Mar Sur
u162,2026-09-19 10:54:12+0000,4675,Noche río,Lluvia Band
u001,2026-09-03 15:19:16+0000,4676,Fuego horizonte,Noche Club
u043,2026-09-01 16:27:17+0000,4677,Mar luna,Lluvia Trío
u065,2026-09-17 16:58:27+0000,4678,Tiempo noche,Ciudad Trío
u137,2026-09-10 17:42:00+0000,4679,Ciudad tiempo,Lluvia Trío
u120,2026-09-03 12:25:21+0000,4680,Fuego tiempo,Lluvia Sur
u036,2026-09-14 22:11:55+0000,4681,Río sueño,Eco Norte
u047,2026-09-19 20:38:14+0000,4682,Volcán viento,Horizonte Trío
u167,2026-09-02 20:29:47+0000,4683,Sol camino,Tiempo Band
u192,2026-09-11 09:27:31+0000,4684,Eco cielo,Mar Band
u120,2026-09-06 20:11:21+0000,4685,Lluvia tiempo,Lluvia Trío
u004,2026-09-28 18:57:16+0000,4686,Río volcán,Camino Norte
u016,2026-09-07 13:11:11+0000,4687,Luna noche,Camino Norte
u152,2026-09-27 18:31:40+0000,4688,Lluvia ciudad,Luna Sur
u146,2026-09-12 08:33:17+0000,4689,Río lluvia,Mar Norte
u044,2026-09-14 13:29:36+0000,4690,Sol ciudad,Cielo Trío
u131,2026-09-16 09:43:22+0000,4691,Cielo noche,Lluvia Trío
u142,2026-09-10 17:40:09+0000,4692,Mar viento,Tiempo Sur
u073,2026-09-21 20:37:44+0000,4693,Tiempo mar,Mar Sur
u123,2026-09-24 09:36:33+0000,4694,Mar cielo,Fuego Sur
u094,2026-09-08 10:45:08+0000,4695,Mar volcán,Lluvia Sur
u067,2026-09-05 07:27:35+0000,4696,Mar cielo,Fuego Sur
u145,2026-09-02 20:23:50+0000,4697,Camino camino,Luna Sur
u026,2026-09-24 07:35:07+0000,4698,Cielo río,Tiempo Trío
u047,2026-09-08 18:42:58+0000,4699,Lluvia cielo,Horizonte Trío
u028,2026-09-12 19:36:09+0000,4700,Cielo noche,Tiempo Band
u141,2026-09-16 18:52:46+0000,4701,Fuego volcán,Cielo Trío
u091,2026-09-11 22:01:19+0000,4702,Horizonte sol,Mar Club
u041,2026-09-24 17:35:39+0000,4703,Sol luna,Cielo Trío
u035,2026-09-02 14:36:11+0000,4704,Viento ciudad,Volcán Sur
u099,2026-09-11 07:54:57+0000,4705,Ciudad tiempo,Tiempo Band
u081,2026-09-02 19:16:11+0000,4706,Luna lluvia,Cielo Trío
u030,2026-09-09 12:14:29+0000,4707,Fuego noche,Ciudad Trío
u093,2026-09-27 10:39:19+0000,4708,Volcán horizonte,Noche Club
u115,2026-09-11 13:40:36+0000,4709,Viento eco,Volcán Sur
u098,2026-09-23 17:39:35+0000,4710,Mar horizonte,Tiempo Trío
u088,2026-09-16 17:15:19+0000,4711,Sol río,Mar Sur
u144,2026-09-29 20:44:39+0000,4712,Noche horizonte,Lluvia Band
u050,2026-09-25 12:45:42+0000,4713,Fuego cielo,Cielo Sur
u152,2026-09-07 18:26:10+0000,4714,Tiempo viento,Lluvia Trío
u018,2026-09-08 17:17:31+0000,4715,Camino fuego,Cielo Sur
u171,2026-09-11 13:37:45+0000,4716,Cielo tiempo,Lluvia Club
u134,2026-09-17 07:39:11+0000,4717,Noche volcán,Horizonte Sur
u105,2026-09-24 13:17:34+0000,4718,Mar cielo,Volcán Trío
u155,2026-09-11 13:30:06+0000,4719,Mar sueño,Mar Band
u175,2026-09-15 11:29:06+0000,4720,Mar viento,Tiempo Sur
u148,2026-09-19 09:00:59+0000,4721,Luna ciudad,Lluvia Trío
u112,2026-09-22 12:46:26+0000,4722,Ciudad ciudad,Tiempo Trío
u199,2026-09-09 18:59:40+0000,4723,Cielo noche,Tiempo Band
u071,2026-09-19 11:58:44+0000,4724,Luna viento,Lluvia Trío
u062,2026-09-01 21:49:50+0000,4725,Viento noche,Cielo Trío
u162,2026-09-10 16:23:32+0000,4726,Luna tiempo,Cielo Band
u118,2026-09-25 20:02:22+0000,4727,Sueño sueño,Volcán Trío
u011,2026-09-10 09:31:29+0000,4728,Sueño viento,Horizonte Sur
u188,2026-09-05 17:45:50+0000,4729,Tiempo fuego,Cielo Trío
u078,2026-09-30 06:30:56+0000,4730,Fuego lluvia,Lluvia Trío
u019,2026-09-20 14:35:04+0000,4731,Cielo tiempo,Lluvia Club
u016,2026-09-19 14:11:48+0000,4732,Camino viento,Mar Band
u143,2026-09-21 09:42:35+0000,4733,Cielo río,Tiempo Trío
u031,2026-09-14 13:19:49+0000,4734,Eco río,Horizonte Sur
u159,2026-09-25 16:56:35+0000,4735,Mar volcán,Lluvia Sur
u031,2026-09-18 12:35:44+0000,4736,Fuego tiempo,Ciudad Trío
u013,2026-09-02 13:11:40+0000,4737,Lluvia noche,Tiempo Club
u128,2026-09-19 07:37:23+0000,4738,Mar mar,Viento Norte
u026,2026-09-11 11:28:17+0000,4739,Noche sol,Cielo Band
u187,2026-09-27 09:34:36+0000,4740,Noche horizonte,Lluvia Band
u044,2026-09-03 10:41:18+0000,4741,Noche lluvia,Volcán Norte
u053,2026-09-11 12:04:01+0000,4742,Volcán luna,Mar Sur
u101,2026-09-30 10:37:07+0000,4743,Eco cielo,Tiempo Club
u093,2026-09-25 14:08:31+0000,4744,Viento ciudad,Lluvia Trío
u109,2026-09-17 15:13:41+0000,4745,Lluvia mar,Sueño Band
u167,2026-09-01 21:26:54+0000,4746,Ciudad mar,Cielo Band
u017,2026-09-17 07:40:54+0000,4747,Mar camino,Volcán Norte
u134,2026-09-13 14:33:00+0000,4748,Río lluvia,Noche Club
u076,2026-09-01 12:00:03+0000,4749,Viento ciudad,Lluvia Trío
u180,2026-09-16 00:30:00+0000,4750,Mar mar,Tiempo Band
u075,2026-09-17 21:42:47+0000,4751,Mar volcán,Lluvia Sur
u164,2026-09-25 10:27:50+0000,4752,Fuego horizonte,Noche Club
u115,2026-09-24 18:34:46+0000,4753,Fuego noche,Ciudad Trío
u022,2026-09-08 14:47:46+0000,4754,Cielo camino,Tiempo Club
u029,2026-09-24 17:49:27+0000,4755,Volcán lluvia,Cielo Trío
u071,2026-09-19 08:07:20+0000,4756,Fuego ciudad,Cielo Band
u001,2026-09-15 17:39:52+0000,4757,Sueño ciudad,Eco Norte
u189,2026-09-20 10:06:56+0000,4758,Tiempo noche,Eco Norte
u094,2026-09-17 21:09:14+0000,4759,Luna noche,Camino Norte
u176,2026-09-16 08:06:27+0000,4760,Viento ciudad,Lluvia Trío
u108,2026-09-16 07:09:35+0000,4761,Mar mar,Viento Norte
u172,2026-09-07 06:05:45+0000,4762,Ciudad mar,Cielo Band
u011,2026-09-09 00:35:10+0000,4763,Luna sol,Luna Band
u147,2026-09-10 17:32:21+0000,4764,Eco sueño,Lluvia Club
u069,2026-09-19 17:37:08+0000,4765,Lluvia cielo,Lluvia Club
u007,2026-09-20 20:38:33+0000,4766,Noche volcán,Horizonte Sur
u156,2026-09-20 08:44:43+0000,4767,Cielo viento,Cielo Sur
u173,2026-09-27 10:36:20+0000,4768,Noche viento,Luna Band
u079,2026-09-16 18:39:46+0000,4769,Eco viento,Tiempo Band
u026,2026-09-06 15:55:43+0000,4770,Noche lluvia,Volcán Norte
u195,2026-09-21 15:09:31+0000,4771,Tiempo mar,Mar Sur
u075,2026-09-23 19:53:24+0000,4772,Río luna,Noche Club
u047,2026-09-05 12:25:40+0000,4773,Horizonte lluvia,Volcán Trío
u063,2026-09-06 21:46:16+0000,4774,Fuego tiempo,Lluvia Sur
u191,2026-09-12 07:08:27+0000,4775,Tiempo horizonte,Viento Band
u054,2026-09-17 05:48:31+0000,4776,Eco cielo,Tiempo Club
u046,2026-09-08 16:41:24+0000,4777,Fuego río,Mar Band
u120,2026-09-07 17:12:46+0000,4778,Fuego tiempo,Lluvia Sur
u058,2026-09-07 13:23:53+0000,4779,Cielo camino,Tiempo Club
u123,2026-09-26 10:37:47+0000,4780,Luna cielo,Noche Club
u072,2026-09-03 23:41:19+0000,4781,Luna viento,Lluvia Trío
u116,2026-09-24 18:23:51+0000,4782,Cielo río,Tiempo Trío
u049,2026-09-16 08:02:37+0000,4783,Ciudad ciudad,Tiempo Trío
u153,2026-09-03 14:40:48+0000,4784,Volcán camino,Tiempo Club
u064,2026-09-22 17:58:16+0000,4785,Sueño tiempo,Lluvia Trío
u096,2026-09-03 06:50:09+0000,4786,Camino fuego,Cielo Sur
u048,2026-09-03 13:39:06+0000,4787,Camino lluvia,Viento Band
u058,2026-09-23 14:07:55+0000,4788,Mar camino,Volcán Norte
u127,2026-09-25 07:53:11+0000,4789,Viento camino,Ciudad Trío
u063,2026-09-25 17:37:33+0000,4790,Fuego eco,Camino Norte
u087,2026-09-01 11:30:51+0000,4791,Mar ciudad,Volcán Sur
u157,2026-09-04 13:11:48+0000,4792,Viento camino,Ciudad Trío
u089,2026-09-23 17:57:14+0000,4793,Volcán mar,Mar Club
u053,2026-09-18 07:36:08+0000,4794,Sueño fuego,Cielo Sur
u086,2026-09-25 10:08:13+0000,4795,Volcán ciudad,Lluvia Trío
u028,2026-09-29 22:39:00+0000,4796,Cielo noche,Tiempo Band
u155,2026-09-18 06:16:46+0000,4797,Luna noche,Camino Norte
u059,2026-09-10 15:14:37+0000,4798,Tiempo sueño,Luna Sur
u048,2026-09-05 04:05:45+0000,4799,Sol luna,Cielo Trío
u190,2026-09-08 17:27:40+0000,4800,Noche mar,Eco Norte
u034,2026-09-07 08:14:11+0000,4801,Lluvia lluvia,Tiempo Club
u117,2026-09-07 17:49:57+0000,4802,Tiempo mar,Mar Sur
u090,2026-09-21 10:28:07+0000,4803,Lluvia lluvia,Luna Band
u026,2026-09-02 07:57:57+0000,4804,Cielo cielo,Horizonte Trío
u124,2026-09-27 15:01:20+0000,4805,Volcán lluvia,Cielo Trío
u122,2026-09-16 19:13:42+0000,4806,Horizonte sueño,Cielo Trío
u078,2026-09-14 16:12:28+0000,4807,Volcán mar,Tiempo Sur
u101,2026-09-22 15:31:29+0000,4808,Sol río,Mar Sur
u099,2026-09-10 12:14:13+0000,4809,Lluvia cielo,Horizonte Trío
u195,2026-09-20 16:08:05+0000,4810,Fuego noche,Ciudad Trío
u139,2026-09-30 19:46:27+0000,4811,Cielo cielo,Horizonte Trío
u061,2026-09-08 22:20:58+0000,4812,Tiempo horizonte,Viento Band
u042,2026-09-08 12:10:09+0000,4813,Tiempo sol,Mar Norte
u166,2026-09-21 08:46:11+0000,4814,Viento ciudad,Lluvia Trío
u045,2026-09-10 18:53:17+0000,4815,Sol mar,Tiempo Sur
u185,2026-09-26 12:01:06+0000,4816,Sueño ciudad,Ciudad Trío
u072,2026-09-10 19:44:00+0000,4817,Río ciudad,Mar Sur
u095,2026-09-05 19:45:59+0000,4818,Sol volcán,Volcán Trío
u174,2026-09-12 15:11:24+0000,4819,Río sueño,Eco Norte
u071,2026-09-22 10:09:07+0000,4820,Eco sueño,Lluvia Club
u070,2026-09-16 22:09:14+0000,4821,Camino viento,Viento Norte
u117,2026-09-09 16:15:52+0000,4822,Camino tiempo,Cielo Sur
u155,2026-09-25 06:45:42+0000,4823,Río tiempo,Mar Sur
u017,2026-09-01 18:28:25+0000,4824,Noche sol,Cielo Band
u006,2026-09-22 07:25:56+0000,4825,Volcán horizonte,Cielo Band
u058,2026-09-12 05:34:16+0000,4826,Eco cielo,Tiempo Club
u162,2026-09-24 08:20:24+0000,4827,Cielo fuego,Ciudad Trío
u133,2026-09-22 11:34:10+0000,4828,Horizonte viento,Cielo Trío
u116,2026-09-30 23:07:21+0000,4829,Horizonte viento,Cielo Trío
u072,2026-09-20 14:34:30+0000,4830,Noche viento,Mar Club
u139,2026-09-08 20:13:32+0000,4831,Volcán luna,Mar Sur
u044,2026-09-03 14:30:07+0000,4832,Noche viento,Luna Band
u029,2026-09-21 10:27:33+0000,4833,Luna tiempo,Cielo Band
u086,2026-09-09 19:20:46+0000,4834,Viento ciudad,Tiempo Club
u179,2026-09-07 01:55:33+0000,4835,Volcán luna,Mar Norte
u191,2026-09-11 07:54:03+0000,4836,Viento noche,Cielo Trío
u118,2026-09-07 19:22:25+0000,4837,Mar camino,Volcán Norte
u131,2026-09-22 07:56:38+0000,4838,Noche viento,Luna Band
u114,2026-09-22 13:57:14+0000,4839,Sol luna,Cielo Trío
u070,2026-09-28 11:29:04+0000,4840,Eco luna,Cielo Trío
u097,2026-09-14 21:15:34+0000,4841,Fuego ciudad,Sueño Band
u153,2026-09-19 11:40:57+0000,4842,Cielo río,Mar Band
u139,2026-09-11 08:23:16+0000,4843,Mar horizonte,Lluvia Club
u116,2026-09-16 20:46:51+0000,4844,Eco cielo,Mar Band
u077,2026-09-14 18:53:47+0000,4845,Fuego cielo,Cielo Sur
u052,2026-09-08 11:23:03+0000,4846,Cielo ciudad,Cielo Trío
u116,2026-09-14 19:56:17+0000,4847,Fuego fuego,Sueño Band
u126,2026-09-01 13:08:11+0000,4848,Lluvia mar,Sueño Band
u149,2026-09-05 21:42:19+0000,4849,Volcán luna,Mar Sur
u044,2026-09-18 14:21:47+0000,4850,Mar horizonte,Tiempo Trío
u097,2026-09-23 21:19:33+0000,4851,Tiempo horizonte,Volcán Sur
u173,2026-09-02 12:44:03+0000,4852,Ciudad tiempo,Lluvia Trío
u041,2026-09-09 15:36:05+0000,4853,Fuego eco,Camino Norte
u159,2026-09-21 07:47:20+0000,4854,Cielo viento,Cielo Sur
u037,2026-09-20 20:35:07+0000,4855,Horizonte sueño,Ciudad Band
u180,2026-09-05 02:15:16+0000,4856,Fuego ciudad,Sueño Band
u185,2026-09-26 08:35:07+0000,4857,Ciudad cielo,Eco Norte
u164,2026-09-17 13:56:28+0000,4858,Camino fuego,Cielo Sur
u179,2026-09-14 11:06:38+0000,4859,Ciudad cielo,Mar Norte
u191,2026-09-30 12:31:53+0000,4860,Volcán sueño,Lluvia Sur
u047,2026-09-30 19:03:22+0000,4861,Sueño viento,Horizonte Sur
u013,2026-09-26 17:56:09+0000,4862,Mar viento,Tiempo Sur
u031,2026-09-09 11:04:31+0000,4863,Tiempo horizonte,Volcán Sur
u011,2026-09-08 19:06:15+0000,4864,Río luna,Noche Club
u056,2026-09-24 18:15:32+0000,4865,Lluvia noche,Tiempo Club
u082,2026-09-03 07:15:07+0000,4866,Fuego sol,Ciudad Trío
u104,2026-09-03 14:42:26+0000,4867,Lluvia sol,Lluvia Trío
u038,2026-09-30 15:02:14+0000,4868,Camino camino,Luna Sur
u071,2026-09-27 23:34:41+0000,4869,Noche lluvia,Tiempo Club
u109,2026-09-22 18:15:44+0000,4870,Cielo ciudad,Mar Club
u023,2026-09-25 05:46:14+0000,4871,Río luna,Noche Club
u113,2026-09-25 09:29:26+0000,4872,Sol río,Mar Sur
u052,2026-09-14 09:53:19+0000,4873,Eco cielo,Mar Band
u017,2026-09-01 04:43:22+0000,4874,Viento camino,Ciudad Trío
u029,2026-09-28 08:32:28+0000,4875,Eco cielo,Mar Band
u109,2026-09-29 04:12:21+0000,4876,Luna ciudad,Volcán Trío
u123,2026-09-25 06:45:09+0000,4877,Mar sueño,Mar Band
u119,2026-09-19 18:16:08+0000,4878,Ciudad tiempo,Lluvia Trío
u155,2026-09-14 04:37:32+0000,4879,Lluvia cielo,Viento Norte
u154,2026-09-22 19:08:31+0000,4880,Sol mar,Tiempo Sur
u077,2026-09-11 13:49:18+0000,4881,Eco sueño,Lluvia Club
u066,2026-09-25 09:24:20+0000,4882,Río lluvia,Mar Norte
u031,2026-09-07 15:38:54+0000,4883,Ciudad horizonte,Viento Band
u180,2026-09-03 21:46:35+0000,4884,Noche volcán,Horizonte Sur
u058,2026-09-10 21:49:31+0000,4885,Ciudad camino,Noche Club
u189,2026-09-19 11:50:22+0000,4886,Cielo ciudad,Tiempo Sur
u101,2026-09-04 16:46:26+0000,4887,Luna ciudad,Volcán Trío
u059,2026-09-13 06:50:53+0000,4888,Fuego tiempo,Lluvia Sur
u034,2026-09-10 20:50:11+0000,4889,Ciudad cielo,Eco Norte
u142,2026-09-01 21:53:46+0000,4890,Luna ciudad,Volcán Trío
u109,2026-09-07 10:58:34+0000,4891,Cielo noche,Viento Norte
u173,2026-09-23 18:59:54+0000,4892,Noche fuego,Volcán Trío
u007,2026-09-22 13:20:59+0000,4893,Fuego viento,Lluvia Club
u094,2026-09-04 17:46:33+0000,4894,Volcán mar,Mar Club
u185,2026-09-28 15:49:27+0000,4895,Cielo noche,Tiempo Band
u139,2026-09-17 18:46:26+0000,4896,Ciudad ciudad,Tiempo Trío
u180,2026-09-23 18:00:09+0000,4897,Lluvia noche,Tiempo Club
u172,2026-09-22 14:55:16+0000,4898,Luna noche,Camino Norte
u089,2026-09-07 16:44:22+0000,4899,Mar luna,Lluvia Trío
u088,2026-09-11 19:49:05+0000,4900,Eco sol,Horizonte Sur
u122,2026-09-10 17:22:24+0000,4901,Horizonte viento,Cielo Trío
u059,2026-09-21 13:37:39+0000,4902,Camino viento,Viento Norte
u145,2026-09-20 15:00:34+0000,4903,Fuego horizonte,Noche Club
u193,2026-09-21 06:46:09+0000,4904,Fuego noche,Ciudad Trío
u042,2026-09-16 20:33:02+0000,4905,Eco cielo,Tiempo Club
u007,2026-09-07 05:05:39+0000,4906,Fuego mar,Tiempo Club
u186,2026-09-16 13:44:42+0000,4907,Noche mar,Eco Norte
u026,2026-09-13 18:27:23+0000,4908,Viento ciudad,Volcán Sur
u058,2026-09-05 09:31:32+0000,4909,Sueño fuego,Cielo Sur
u124,2026-09-04 18:00:56+0000,4910,Lluvia sol,Tiempo Sur
u139,2026-09-26 20:11:30+0000,4911,Viento eco,Volcán Sur
u095,2026-09-29 18:44:14+0000,4912,Ciudad ciudad,Tiempo Trío
u121,2026-09-12 10:52:33+0000,4913,Sol volcán,Volcán Trío
u160,2026-09-21 00:18:48+0000,4914,Horizonte sueño,Fuego Sur
u154,2026-09-07 07:06:56+0000,4915,Ciudad tiempo,Mar Club
u195,2026-09-06 16:43:09+0000,4916,Tiempo noche,Ciudad Trío
u160,2026-09-08 02:56:41+0000,4917,Río luna,Noche Club
u079,2026-09-28 18:04:49+0000,4918,Lluvia mar,Sueño Band
u050,2026-09-23 16:11:29+0000,4919,Eco cielo,Mar Band
u159,2026-09-14 09:29:59+0000,4920,Mar cielo,Viento Band
u004,2026-09-08 09:19:49+0000,4921,Lluvia lluvia,Tiempo Club
u115,2026-09-07 01:09:55+0000,4922,Ciudad tiempo,Lluvia Trío
u191,2026-09-26 15:13:53+0000,4923,Luna noche,Camino Norte
u029,2026-09-11 07:45:41+0000,4924,Camino río,Luna Band
u063,2026-09-16 06:04:50+0000,4925,Noche ciudad,Cielo Trío
u066,2026-09-08 23:33:35+0000,4926,Cielo tiempo,Lluvia Club
u028,2026-09-29 22:17:22+0000,4927,Noche lluvia,Volcán Norte
u123,2026-09-06 23:58:16+0000,4928,Tiempo fuego,Volcán Trío
u082,2026-09-22 16:54:29+0000,4929,Mar viento,Tiempo Sur
u200,2026-09-10 18:12:52+0000,4930,Eco luna,Cielo Trío
u185,2026-09-03 17:50:00+0000,4931,Horizonte ciudad,Tiempo Trío
u121,2026-09-28 19:51:40+0000,4932,Viento camino,Ciudad Trío
u115,2026-09-25 12:01:02+0000,4933,Mar sueño,Mar Band
u145,2026-09-29 19:49:04+0000,4934,Noche luna,Sueño Band
u013,2026-09-08 19:05:43+0000,4935,Sueño sol,Mar Sur
u088,2026-09-16 10:03:16+0000,4936,Mar volcán,Cielo Trío
u130,2026-09-17 11:50:29+0000,4937,Ciudad camino,Noche Club
u022,2026-09-10 23:49:03+0000,4938,Lluvia ciudad,Fuego Sur
u023,2026-09-24 10:21:48+0000,4939,Eco mar,Tiempo Band
u134,2026-09-19 20:20:32+0000,4940,Tiempo sol,Tiempo Trío
u089,2026-09-14 15:42:22+0000,4941,Tiempo horizonte,Viento Band
u094,2026-09-12 08:16:28+0000,4942,Viento camino,Ciudad Trío
u025,2026-09-05 15:53:22+0000,4943,Lluvia lluvia,Tiempo Club
u187,2026-09-10 19:39:47+0000,4944,Sol río,Mar Sur
u034,2026-09-06 11:02:51+0000,4945,Lluvia cielo,Lluvia Club
u116,2026-09-18 03:05:07+0000,4946,Horizonte viento,Eco Norte
u031,2026-09-26 13:07:07+0000,4947,Sueño ciudad,Horizonte Sur
u171,2026-09-28 15:43:41+0000,4948,Noche lluvia,Sueño Band
u022,2026-09-19 09:36:54+0000,4949,Lluvia sol,Lluvia Sur
u117,2026-09-15 06:04:27+0000,4950,Fuego noche,Lluvia Trío
u158,2026-09-21 09:49:24+0000,4951,Lluvia mar,Sueño Band
u092,2026-09-24 09:13:48+0000,4952,Mar camino,Volcán Norte
u138,2026-09-20 14:37:01+0000,4953,Sueño viento,Lluvia Trío
u105,2026-09-08 22:53:06+0000,4954,Horizonte viento,Eco Norte
u072,2026-09-19 10:15:34+0000,4955,Horizonte lluvia,Ciudad Trío
u117,2026-09-12 23:01:46+0000,4956,Lluvia ciudad,Luna Sur
u019,2026-09-14 21:50:19+0000,4957,Sueño fuego,Cielo Sur
u039,2026-09-25 23:56:16+0000,4958,Noche volcán,Horizonte Sur
u004,2026-09-12 06:25:12+0000,4959,Eco sueño,Lluvia Club
u041,2026-09-02 17:31:34+0000,4960,Cielo tiempo,Lluvia Club
u167,2026-09-12 14:16:16+0000,4961,Mar cielo,Tiempo Trío
u034,2026-09-17 15:20:09+0000,4962,Cielo noche,Tiempo Band
u081,2026-09-30 07:24:18+0000,4963,Tiempo viento,Lluvia Trío
u124,2026-09-02 11:50:33+0000,4964,Fuego tiempo,Lluvia Sur
u062,2026-09-20 08:48:05+0000,4965,Viento noche,Cielo Trío
u078,2026-09-07 10:56:48+0000,4966,Luna lluvia,Cielo Trío
u139,2026-09-16 16:02:36+0000,4967,Tiempo ciudad,Fuego Sur
u033,2026-09-05 11:01:11+0000,4968,Sueño ciudad,Ciudad Trío
u158,2026-09-24 07:30:39+0000,4969,Tiempo fuego,Volcán Trío
u053,2026-09-30 10:44:07+0000,4970,Fuego horizonte,Lluvia Band
u049,2026-09-15 03:47:32+0000,4971,Ciudad cielo,Eco Norte
u050,2026-09-09 14:22:22+0000,4972,Ciudad camino,Mar Club
u152,2026-09-06 17:24:25+0000,4973,Volcán mar,Cielo Trío
u003,2026-09-04 19:58:36+0000,4974,Noche volcán,Horizonte Sur
u082,2026-09-07 20:10:52+0000,4975,Noche ciudad,Cielo Trío
u103,2026-09-13 13:08:47+0000,4976,Sueño tiempo,Lluvia Trío
u103,2026-09-01 04:10:28+0000,4977,Eco mar,Tiempo Band
u029,2026-09-03 14:57:09+0000,4978,Fuego horizonte,Lluvia Band
u088,2026-09-07 20:40:18+0000,4979,Volcán noche,Lluvia Trío
u101,2026-09-22 16:20:31+0000,4980,Luna tiempo,Cielo Band
u157,2026-09-24 21:02:37+0000,4981,Viento noche,Cielo Trío
u121,2026-09-30 11:13:58+0000,4982,Camino volcán,Eco Norte
u181,2026-09-29 19:39:43+0000,4983,Eco cielo,Mar Band
u156,2026-09-26 18:53:28+0000,4984,Ciudad camino,Noche Club
u139,2026-09-16 07:03:34+0000,4985,Mar camino,Volcán Norte
u150,2026-09-28 17:31:49+0000,4986,Luna viento,Lluvia Trío
u139,2026-09-08 15:31:42+0000,4987,Camino viento,Mar Band
u088,2026-09-03 17:44:23+0000,4988,Volcán luna,Mar Sur
u159,2026-09-09 13:26:50+0000,4989,Viento eco,Volcán Sur
u076,2026-09-28 19:06:14+0000,4990,Cielo cielo,Horizonte Trío
u119,2026-09-08 15:46:14+0000,4991,Volcán horizonte,Noche Club
u090,2026-09-25 06:43:21+0000,4992,Noche cielo,Eco Norte
u076,2026-09-09 07:08:09+0000,4993,Noche lluvia,Sueño Band
u178,2026-09-27 19:29:42+0000,4994,Cielo ciudad,Cielo Trío
u050,2026-09-02 18:13:27+0000,4995,Fuego eco,Camino Norte
u116,2026-09-22 00:58:02+0000,4996,Ciudad tiempo,Lluvia Trío
u139,2026-09-09 10:32:10+0000,4997,Eco sol,Horizonte Sur
u116,2026-09-13 09:38:06+0000,4998,Mar camino,Volcán Norte
u083,2026-09-02 20:28:45+0000,4999,Volcán noche,Lluvia Trío
u150,2026-09-15 22:52:18+0000,5000,Camino lluvia,Viento Band
